70.62,24,28,23,16,19,1.6767e+07,0,17646,0,107,0,3150,7575,5325,7425,5400,7650,5250,7950,5325
60.6,24,28,23,16,19,8.8241e+06,0,3.4302e+05,0,0,0,3150,7575,5250,7500,5400,7650,5325,8025,5325
44.25,25,29,23,16,19,1.2042e+06,0,7.7684e+05,0,347,0,3150,7650,5325,7500,5400,7575,5250,8025,5250
55.05,25,29,23,16,19,0,1.133e+07,2.2054e+05,3.5207e+05,0,0,3150,7575,5250,7500,5400,7650,5325,8025,5250
58.65,25,29,23,16,19,0,1.8289e+07,52410,52522,0,0,3150,7650,5325,7500,5400,7650,5325,8025,5325
42.75,25,29,23,16,19,0,2.6305e+06,5.2864e+05,0,0,0,3150,7650,5325,7500,5400,7575,5325,7950,5325
42.69,25,29,23,17,19,0,3.243e+05,6.8340e+05,0,0,0,3150,7650,5325,7500,5400,7650,5325,8025,5250
58.71,25,29,23,17,19,9.9718e+06,0,3.2186e+05,0,0,0,3150,7575,5250,7500,5400,7650,5325,8025,5250
43.41,26,29,23,17,19,0,1.4583e+07,1.9974e+05,0,144.5,0,3150,7575,5250,7500,5400,7650,5325,8025,5250
42.54,25,29,23,17,19,8.3704e+06,8.3856e+06,4.8282e+05,0,0,0,3150,7575,5250,7500,5400,7650,5325,7950,5250
58.83,26,29,23,17,19,3.0446e+06,6.3216e+05,0,8.2957e+05,0,0,3225,7650,5325,7500,5400,7575,5250,8025,5250
42.75,26,29,23,17,19,0,1.624e+07,50986,0,0,0,3150,7575,5325,7500,5400,7575,5250,7950,5250
42.75,26,29,23,17,19,1.8553e+07,0,17046,6473,0,0,3150,7650,5250,7500,5400,7575,5325,8025,5250
58.86,26,29,23,17,19,8.4533e+06,8.4804e+06,4.6101e+05,0,0,0,3150,7575,5325,7500,5400,7650,5325,8025,5250
43.38,26,29,23,17,19,8.2921e+06,0,4.5009e+05,0,157.5,0,3150,7650,5250,7500,5400,7575,5325,7950,5250
42.75,26,30,23,17,19,0,1.1582e+07,0,3.5067e+05,0,0,3150,7650,5250,7500,5400,7575,5325,8025,5250
58.44,26,30,23,17,20,1.8613e+07,0,1.6914e+05,5262,0,0,3150,7650,5250,7500,5400,7575,5325,8025,5250
42.69,26,30,23,17,20,2.357e+06,0,5.7676e+05,0,0,0,3150,7650,5250,7500,5400,7575,5325,7950,5250
42.72,26,29,23,17,20,2.0249e+05,94702,0,7.9494e+05,0,0,3150,7650,5250,7500,5325,7575,5325,7950,5250
58.53,26,30,23,17,20,1.0455e+07,0,2.1081e+05,0,0,0,3150,7650,5250,7500,5400,7575,5325,8025,5250
59.13,26,30,23,17,20,0,1.7236e+07,52254,2362,170,0,3150,7650,5250,7500,5400,7575,5325,7950,5250
42.69,26,29,23,17,20,0,4.6746e+06,0,5.0534e+05,0,0,3150,7575,5325,7500,5400,7650,5325,8025,5250
60.57,26,30,23,17,20,2.1587e+06,2.15e+06,7.2779e+05,0,0,0,3150,7575,5250,7500,5400,7650,5325,8025,5325
58.35,26,30,23,17,20,0,9.8799e+06,2.3582e+05,0,0,0,3150,7575,5250,7500,5400,7575,5325,8025,5325
42.81,26,30,23,17,20,0,1.7612e+07,6362,79661,0,0,3150,7575,5325,7500,5400,7650,5325,8025,5250
50.49,26,30,23,17,20,0,8.1645e+06,3.6017e+05,0,0,0,3150,7575,5325,7500,5400,7650,5250,8025,5325
59.01,26,30,23,17,20,2.166e+05,1.9117e+06,6.4361e+05,0,185.5,0,3150,7575,5250,7500,5400,7650,5325,8025,5250
42.75,26,30,23,17,20,0,1.6958e+07,70808,76462,0,0,3150,7575,5325,7500,5400,7650,5325,8025,5325
42.72,26,30,23,17,20,0,1.9752e+07,5117,88319,0,0,3150,7650,5325,7500,5400,7575,5325,8025,5325
58.5,27,30,24,17,20,8.6446e+06,8.6596e+06,4.3521e+05,0,0,0,3150,7575,5325,7500,5400,7650,5250,8025,5250
42.72,26,30,24,17,20,5.3682e+06,0,4.5648e+05,4.9078e+05,0,0,3150,7575,5325,7575,5400,7650,5325,8025,5250
42.66,26,30,24,17,20,1.0756e+07,0,3.0204e+05,0,0,0,3150,7575,5325,7500,5400,7650,5250,8025,5325
59.25,27,30,24,17,20,0,1.7527e+07,69718,13949,199,0,3150,7650,5325,7500,5400,7575,5325,7950,5250
42.72,26,30,24,17,20,2.6633e+06,0,6.2985e+05,0,0,0,3150,7650,5325,7500,5400,7575,5325,7950,5325
42.69,26,30,24,17,20,1.3437e+06,1.7075e+06,0,6.5612e+05,0,0,3150,7575,5325,7500,5400,7650,5250,8025,5325
58.86,27,30,24,17,20,0,1.0214e+07,0,2.1536e+05,0,0,3150,7650,5325,7500,5400,7575,5325,8025,5250
42.72,27,30,24,17,20,0,1.0497e+07,4752,2.2452e+05,0,0,3150,7650,5250,7425,5400,7575,5325,8025,5325
42.84,26,30,24,17,20,7.6690e+06,7.697e+06,4.8493e+05,0,0,0,3150,7650,5325,7500,5325,7650,5250,7950,5250
59.49,27,30,24,17,20,1.5834e+06,1.8705e+06,0,7.5948e+05,211,0,3150,7650,5325,7500,5400,7575,5325,8025,5250
42.87,26,31,24,17,20,0,1.7316e+07,0,56186,0,0,3150,7575,5325,7500,5400,7650,5250,7950,5250
42.66,26,31,24,17,20,0,7.4435e+06,4.9006e+05,5.8012e+05,0,0,3150,7650,5325,7575,5400,7650,5325,8025,5250
42.84,27,31,24,17,20,1.8269e+06,0,5.6425e+05,6.9196e+05,0,0,3150,7575,5325,7500,5400,7650,5325,8025,5250
42.81,27,31,24,17,20,1.7307e+05,9.9952e+06,2.5562e+05,0,0,0,3150,7650,5250,7500,5400,7575,5325,8025,5250
42.69,27,31,24,17,20,1.7942e+07,1.7961e+07,35008,16117,0,0,3150,7650,5325,7500,5400,7575,5325,7950,5250
43.23,27,31,24,17,20,8.5154e+06,0,4.0912e+05,30442,264,0,3150,7650,5325,7500,5400,7575,5250,7950,5325
42.78,27,31,24,17,20,2.5247e+06,0,6.0048e+05,0,0,0,3150,7575,5325,7500,5400,7650,5250,7950,5250
42.69,27,30,24,17,20,1.6758e+07,1.305e+06,1.2446e+05,0,0,0,3150,7575,5325,7500,5400,7650,5325,8025,5250
42.63,27,30,24,17,20,1.7958e+07,0,21971,0,0,0,3150,7650,5325,7425,5400,7575,5325,7950,5325
42.69,27,31,24,18,20,8.7938e+06,0,3.8473e+05,0,0,0,3150,7650,5250,7500,5400,7575,5325,8025,5250
42.66,27,31,24,18,20,7.4692e+05,0,5.0168e+05,7.1438e+05,0,0,3150,7650,5250,7500,5400,7575,5325,8025,5325
43.29,27,30,24,18,20,1.0756e+07,2.0433e+06,2.5097e+05,0,239,0,3150,7650,5325,7500,5400,7575,5325,7950,5325
42.63,28,31,24,18,20,1.7669e+07,0,92956,0,0,0,3150,7650,5250,7500,5400,7575,5325,8025,5325
42.63,27,30,24,18,20,0,3.8098e+06,5.578e+05,24487,0,0,3150,7650,5250,7500,5400,7575,5325,8025,5250
42.66,27,30,24,18,20,0,7.8221e+05,0,6.8554e+05,0,0,3150,7575,5325,7500,5400,7650,5250,7950,5325
42.54,28,31,24,18,20,1.0301e+07,0,2.8788e+05,0,0,0,3150,7650,5250,7500,5400,7575,5325,8025,5250
42.48,27,31,24,18,20,1.3849e+07,1.387e+07,30161,0,0,0,3150,7650,5325,7500,5400,7575,5250,7950,5325
43.11,27,30,24,18,20,0,8.3322e+06,5.1817e+05,0,252,0,3150,7650,5250,7500,5400,7575,5325,8025,5325
42.48,27,31,24,18,20,0,2.4089e+06,0,6.0684e+05,0,0,3150,7650,5325,7500,5400,7575,5325,8025,5250
42.36,27,30,24,18,20,1.7575e+07,1.3125e+06,0,95052,0,0,3150,7650,5325,7500,5400,7650,5325,8025,5325
42.42,27,30,24,18,20,0,1.8054e+07,0,35796,0,0,3150,7650,5325,7500,5325,7575,5325,7950,5250
56.01,27,32,24,18,20,0,3.0581e+07,5837,8.5337e+05,0,0,3150,7650,5325,7500,5400,7575,5325,8025,5325
57.9,27,31,24,18,20,1.8221e+08,1.8201e+08,5.5106e+06,1.3375e+06,0,0.5,3150,7650,5325,7500,5400,7650,5325,8025,5325
60.39,31,32,24,18,20,3.7112e+08,1.8638e+08,7.0034e+06,1.8546e+05,5847,1,3150,7575,5325,7500,5400,7650,5250,7950,5325
60.09,32,32,24,18,20,0,1.9076e+08,7.0202e+06,1.0831e+05,0,0,3150,7575,5325,7500,5400,7650,5250,8025,5250
60.63,33,34,24,18,20,1.8672e+08,1.8672e+08,3.4863e+05,1.3798e+07,0,0,3150,7650,5325,7500,5400,7650,5325,7950,5325
60.42,31,35,24,18,21,0,1.8433e+08,1.327e+06,6.6496e+06,0,0,3150,7575,5325,7500,5400,7650,5250,8025,5325
60.9,31,36,24,18,21,3.6715e+08,0,0,7.0505e+06,0,0,3150,7575,5325,7500,5400,7650,5325,7950,5250
61.02,31,36,24,18,21,1.8574e+08,1.8574e+08,38917,0,0,0,3150,7575,5250,7500,5400,7650,5325,8025,5325
61.68,31,38,24,18,21,0,1.849e+08,0,1.3265e+07,322.5,0,3150,7650,5250,7500,5400,7575,5325,8025,5250
60.63,33,39,24,18,21,1.8421e+08,1.8418e+08,7.0258e+06,1.8615e+05,0,0,3150,7650,5325,7500,5400,7575,5325,8025,5250
60.99,32,37,24,18,21,3.7019e+08,3.7024e+08,6.9783e+06,1.4506e+05,0,0,3150,7575,5250,7500,5400,7650,5325,7950,5250
60.78,34,38,25,18,21,1.8752e+08,0,7.059e+06,1.627e+05,0,0,3150,7575,5250,7425,5400,7650,5325,8025,5325
61.35,34,37,25,19,21,1.8479e+08,1.8475e+08,3.2229e+06,8.975e+06,0,0,3150,7575,5250,7500,5400,7650,5325,8025,5250
61.44,35,38,25,19,21,1.8431e+08,1.8422e+08,2.187e+06,5.1542e+06,0,0,3150,7575,5250,7500,5400,7650,5325,8025,5250
62.01,35,39,25,19,22,1.8665e+08,3.7637e+08,1.6128e+05,6.8542e+06,338.5,0,3150,7650,5325,7500,5400,7650,5325,7950,5325
61.47,36,40,25,19,22,1.8729e+08,1.8725e+08,7.5265e+05,0,0,0,3150,7650,5250,7500,5400,7650,5325,8025,5325
61.56,35,39,25,19,22,0,1.8459e+08,3.3346e+06,8.2962e+06,0,0,3150,7650,5325,7500,5400,7650,5250,7950,5250
61.5,35,39,25,19,22,1.8362e+08,1.8368e+08,0,7.0201e+06,0,0,3150,7650,5325,7500,5400,7575,5325,8025,5325
61.53,35,40,25,19,22,1.8308e+08,3.723e+08,99691,6.8575e+06,0,0,3150,7650,5250,7500,5400,7575,5250,7950,5250
61.11,35,41,25,19,22,1.8617e+08,1.8609e+08,7.0648e+06,46161,0,0,3150,7650,5250,7500,5400,7575,5250,7950,5250
61.68,34,41,25,19,22,1.8534e+08,0,1.0511e+07,3.315e+05,352,0,3150,7650,5325,7500,5400,7575,5325,8025,5250
61.62,36,41,25,19,22,1.8908e+08,0,2.6067e+06,4.6179e+06,0,0,3150,7650,5325,7500,5400,7650,5325,7950,5250
61.47,36,39,25,19,22,3.7236e+08,1.8515e+08,0,6.7977e+06,0,0,3150,7575,5325,7500,5400,7650,5325,8025,5250
61.56,35,40,25,19,22,0,1.8466e+08,54104,6.8218e+06,0,0,3150,7650,5325,7500,5400,7575,5325,8025,5325
61.68,35,41,26,19,22,1.8405e+08,1.8398e+08,2.4355e+06,1.0328e+07,0,0,3150,7650,5325,7500,5400,7575,5325,8025,5325
61.5,35,41,26,19,22,1.8553e+08,1.8539e+08,67792,6.8419e+06,0,0,3150,7650,5325,7500,5400,7575,5325,7950,5325
62.13,34,42,26,19,22,1.8688e+08,3.7311e+08,1.7351e+05,6.8455e+06,368.5,0,3150,7650,5325,7500,5400,7650,5325,7950,5325
67.74,32,42,26,19,23,1.8531e+08,1.853e+08,4.3815e+06,3.7568e+06,0,0,3150,7650,5325,7500,5400,7650,5250,7950,5250
68.22,36,38,26,19,23,1.8761e+08,1.8763e+08,8.065e+06,0,0,0,3150,7575,5250,7500,5400,7650,5250,7950,5250
61.23,34,42,26,19,23,1.8545e+08,1.8544e+08,7.002e+06,0,0,0,3150,7650,5325,7575,5400,7650,5325,8025,5325
61.41,36,40,26,19,23,3.8036e+08,1.8691e+08,6.9773e+06,57589,0,0,3150,7650,5325,7425,5400,7575,5325,8025,5325
61.83,36,40,26,19,23,1.8527e+08,1.8527e+08,0,6.1285e+06,0,0,3150,7650,5325,7425,5400,7575,5325,7950,5250
62.25,35,41,26,19,22,0,1.852e+08,0,1.2978e+07,381.5,0,3150,7650,5325,7500,5400,7650,5250,8025,5325
67.11,32,41,26,19,22,0,1.9113e+08,6.9506e+06,1.7805e+05,0,0,3150,7575,5325,7425,5400,7650,5325,8025,5325
68.13,36,37,26,19,23,1.8612e+08,1.8664e+08,0,6.9207e+06,0,0,3225,7650,5325,7500,5400,7650,5325,8025,5325
61.74,34,41,26,19,23,0,1.8393e+08,3.5821e+06,4.0745e+06,0,0,3150,7575,5325,7500,5400,7650,5325,7950,5250
61.65,35,41,26,19,23,1.8554e+08,1.8557e+08,8.8149e+06,6.4663e+05,0,0,3150,7575,5325,7500,5325,7650,5325,7950,5250
61.59,35,42,26,19,23,0,1.8893e+08,0,6.8192e+06,0,0,3150,7575,5325,7500,5400,7650,5325,8025,5325
61.83,35,42,26,19,23,3.744e+08,3.7449e+08,0,1.6181e+05,445,0,3150,7575,5250,7500,5400,7650,5250,8025,5325
70.62,36,37,27,19,23,0,1.8646e+08,0,3.467e+06,0,0,3225,7575,5325,7500,5400,7650,5325,8025,5250
68.25,33,42,27,19,23,0,1.8505e+08,7.7787e+06,6.5911e+05,0,0,3150,7650,5325,7500,5400,7650,5325,8025,5250
61.68,37,39,27,19,23,0,1.8969e+08,3.2466e+06,0,0,0,3150,7650,5325,7500,5400,7575,5325,8025,5325
61.11,35,41,27,19,23,3.7426e+08,1.8835e+08,6.9726e+06,61634,0,0,3150,7650,5325,7500,5400,7650,5325,7950,5325
61.65,37,40,27,19,23,1.8342e+08,1.8339e+08,0,6.0151e+06,0,0,3225,7650,5250,7500,5400,7575,5250,8025,5250
73.98,33,42,27,20,23,0,1.9051e+08,0,1.3808e+07,412,0,3225,7650,5325,7500,5400,7575,5325,7950,5250
71.85,33,42,27,19,23,0,1.867e+08,6.7067e+06,9.1515e+05,0,0,3150,7650,5325,7500,5400,7575,5325,8025,5325
67.59,37,38,27,19,23,1.8336e+08,3.718e+08,4.2577e+06,3.5996e+06,0,0,3150,7575,5325,7500,5400,7650,5325,8025,5325
74.01,34,41,27,20,23,1.8582e+08,1.858e+08,0,4.0918e+06,0,0,3150,7575,5325,7500,5400,7650,5325,7950,5250
62.88,37,37,27,20,23,0,1.855e+08,7.2116e+06,0,0,0,3150,7650,5325,7500,5400,7575,5325,7950,5325
73.35,34,41,27,20,23,1.8813e+08,1.8811e+08,6.9762e+06,43029,0,0,3150,7650,5325,7500,5400,7575,5325,8025,5325
72.63,37,37,27,20,23,1.8682e+08,1.858e+08,0,6.5401e+06,554,0,3150,7650,5325,7500,5400,7575,5325,7950,5250
68.73,33,41,27,20,23,1.8638e+08,1.8636e+08,0,7.0123e+06,0,0,3150,7650,5325,7500,5400,7650,5325,8025,5325
73.26,34,42,27,20,23,1.8892e+08,1.8896e+08,6.7542e+05,1.346e+07,0,0,3150,7650,5325,7500,5400,7575,5250,8025,5325
73.23,33,42,27,20,23,1.8475e+08,0,38982,6.8438e+06,0,0,3150,7650,5325,7500,5400,7575,5325,8025,5250
73.5,33,42,27,20,23,3.7181e+08,3.7188e+08,2.0919e+06,5.5865e+06,0,0,3150,7650,5325,7425,5400,7575,5325,7950,5250
73.47,36,39,27,19,23,1.8637e+08,1.8638e+08,0,9.5076e+05,0,0,3150,7650,5250,7500,5325,7575,5325,8025,5250
73.86,37,38,27,20,23,1.8737e+08,1.876e+08,5.387e+06,8.5347e+06,432,0,3150,7650,5325,7500,5400,7575,5325,7950,5250
67.02,34,41,27,20,23,1.8608e+08,0,0,6.9096e+06,0,0,3150,7575,5325,7500,5400,7650,5325,8025,5325
73.29,34,42,27,20,23,0,3.7212e+08,6.8234e+06,9.6782e+05,0,0,3150,7650,5250,7500,5325,7575,5325,7950,5250
73.32,34,42,27,20,23,1.8402e+08,1.8397e+08,3.6516e+06,4.3918e+06,0,0,3150,7575,5325,7500,5400,7650,5250,8025,5250
73.2,33,42,28,20,23,1.8649e+08,0,63819,1.3844e+07,0,0,3150,7575,5325,7425,5400,7650,5325,8025,5250
73.26,33,42,28,20,23,1.8491e+08,0,7.0071e+06,38296,0,0,3225,7650,5325,7500,5400,7650,5250,8025,5325
73.74,37,38,28,20,23,3.705e+08,3.7037e+08,0,7.1955e+06,437.5,0,3150,7650,5325,7500,5400,7575,5325,8025,5250
67.44,34,42,28,20,23,0,1.8583e+08,2.7441e+06,0,0,0,3150,7575,5250,7500,5400,7650,5325,8025,5325
73.11,33,42,28,20,23,1.8663e+08,1.8661e+08,7.33e+06,7.0091e+06,0,0,3150,7575,5325,7500,5400,7650,5325,8025,5250
73.38,37,38,28,20,23,1.9027e+08,1.9026e+08,7.0044e+06,0,0,0,3225,7575,5250,7500,5400,7650,5325,8025,5250
73.23,37,38,28,20,23,1.8661e+08,3.7272e+08,6.0789e+06,1.6992e+06,0,0,3150,7650,5325,7500,5400,7575,5325,7950,5250
73.35,37,37,28,20,23,0,1.8405e+08,0,5.102e+06,0,0,3150,7650,5325,7500,5400,7650,5250,8025,5250
73.8,34,42,28,20,23,0,1.8928e+08,7.1844e+06,6.9331e+06,444.5,0,3225,7650,5250,7500,5400,7575,5325,8025,5250
73.08,37,38,28,20,23,1.8868e+08,0,6.995e+06,2.058e+05,0,0,3150,7575,5325,7500,5400,7650,5325,8025,5250
73.29,37,38,28,20,23,3.7142e+08,3.716e+08,2.8361e+06,0,0,0,3150,7575,5325,7500,5400,7650,5325,8025,5325
73.47,34,42,28,20,23,1.8644e+08,0,0,6.6406e+06,0,0,3225,7575,5325,7500,5400,7650,5325,8025,5325
73.26,37,38,28,20,23,1.8546e+08,1.8546e+08,12434,7.1321e+06,0,0,3150,7650,5325,7425,5400,7575,5325,8025,5250
73.56,34,42,28,20,23,1.8795e+08,1.8787e+08,7.1979e+06,5.7642e+05,0,0,3150,7650,5325,7500,5400,7650,5250,8025,5250
61.38,36,40,28,20,23,1.8373e+08,1.8512e+08,7.159e+06,0,501.5,0,3150,7650,5325,7500,5400,7575,5325,8025,5325
61.29,35,42,28,20,23,0,1.8934e+08,2.3107e+05,6.8925e+06,0,0,3150,7650,5325,7500,5400,7575,5325,7950,5250
66.99,36,40,28,20,23,0,1.9291e+08,7.1184e+06,6.8892e+06,0,0,3150,7650,5325,7500,5400,7650,5325,7950,5250
73.44,37,38,28,20,23,1.8544e+08,1.8543e+08,0,6.7243e+06,0,0,3150,7650,5325,7425,5325,7575,5325,7950,5250
73.32,34,42,28,20,23,1.8338e+08,3.6842e+08,0,4.2855e+06,0,0,3150,7575,5325,7500,5400,7650,5325,8025,5250
61.23,37,38,28,20,23,1.8786e+08,1.8783e+08,0,6.8478e+06,0,0,3150,7575,5325,7500,5400,7650,5250,8025,5325
61.53,37,39,28,20,23,1.8644e+08,0,7.1734e+06,1.9822e+06,463.5,0,3150,7575,5325,7500,5400,7650,5325,8025,5250
60.84,37,38,28,20,23,1.8955e+08,1.8957e+08,0,4.8027e+06,0,0,3150,7650,5250,7425,5400,7575,5325,8025,5250
73.44,35,42,28,20,23,3.7052e+08,3.7052e+08,0,4.9094e+06,0,0,3150,7575,5250,7500,5400,7650,5250,8025,5325
73.41,37,38,28,20,23,0,1.8956e+08,7.1729e+06,3.3399e+05,0,0,3225,7650,5325,7500,5400,7575,5325,8025,5325
61.05,34,42,28,20,23,0,1.8751e+08,9895,1.345e+07,0,0,3150,7650,5325,7500,5400,7650,5325,8025,5325
61.29,35,42,28,20,23,0,1.8499e+08,6.8667e+06,1.3023e+06,0,0,3225,7650,5325,7500,5400,7575,5325,8025,5325
61.53,37,39,28,20,23,0,3.6948e+08,1.2668e+06,6.7099e+06,523.5,0,3150,7650,5325,7500,5400,7650,5325,8025,5325
68.64,34,42,28,20,23,1.8686e+08,1.8683e+08,0,6.9904e+06,0,0,3150,7650,5325,7500,5400,7650,5325,8025,5250
73.14,37,39,28,20,23,1.89e+08,1.8892e+08,7.0348e+06,1.9465e+05,0,0,3150,7575,5250,7500,5400,7650,5325,8025,5325
73.32,35,42,28,20,23,0,1.8752e+08,6.3794e+05,6.9168e+06,0,0,3150,7575,5325,7500,5400,7650,5325,7950,5325
73.32,34,42,28,20,23,1.8517e+08,3.6904e+08,1.2738e+06,6.7121e+06,0,0,3150,7650,5250,7500,5400,7575,5250,8025,5325
61.77,34,43,28,20,23,1.8349e+08,1.835e+08,1.4931e+06,0,0,0,3150,7650,5325,7500,5400,7650,5325,8025,5325
62.13,34,43,28,20,23,1.8871e+08,0,0,7.2151e+06,473,0,3150,7650,5325,7500,5400,7575,5325,8025,5250
61.08,37,39,28,20,23,1.8657e+08,1.866e+08,0,4.6665e+06,0,0,3225,7650,5325,7500,5400,7650,5325,8025,5250
61.68,34,42,28,20,23,1.8404e+08,3.7061e+08,0,1.2105e+06,0,0,3150,7650,5250,7500,5400,7575,5250,7950,5250
73.38,37,39,28,20,23,1.8751e+08,1.8747e+08,6.1865e+06,1.1224e+06,0,0,3150,7650,5325,7500,5400,7575,5325,8025,5250
73.26,34,42,28,20,23,1.8551e+08,1.8549e+08,0,1.3639e+07,0,0,3150,7650,5325,7500,5325,7575,5325,7950,5325
73.41,34,42,29,20,23,0,1.8844e+08,0,6.719e+06,0,0,3225,7650,5325,7500,5400,7575,5325,7950,5250
62.16,34,42,29,20,23,1.8721e+08,3.7141e+08,0,7.0723e+06,465.5,0,3150,7650,5325,7500,5400,7650,5325,8025,5325
61.29,37,39,29,20,23,1.8953e+08,1.8955e+08,7.028e+06,1.5436e+05,0,0,3150,7575,5325,7500,5400,7650,5325,7950,5250
61.41,37,39,29,20,23,1.9051e+08,1.9052e+08,7.0268e+06,6.8414e+06,0,0,3150,7650,5325,7425,5400,7575,5250,7950,5325
71.76,35,42,29,20,23,0,1.8385e+08,5.6331e+06,2.1188e+06,0,0,3225,7650,5325,7500,5400,7575,5250,8025,5250
73.08,37,39,29,20,23,3.6999e+08,3.6999e+08,0,2.2136e+06,0,0,3150,7575,5325,7500,5400,7650,5325,7950,5250
73.29,37,38,29,20,23,0,1.9084e+08,2.5983e+06,0,0,0,3150,7575,5250,7500,5400,7650,5250,7950,5250
61.74,34,42,29,20,23,1.8916e+08,0,8.7253e+06,5.758e+06,465,0,3150,7650,5325,7500,5400,7575,5325,8025,5250
60.99,37,38,29,20,23,1.8682e+08,1.8684e+08,3.4835e+06,4.379e+06,0,0,3225,7650,5325,7425,5400,7575,5325,8025,5250
61.68,34,42,29,20,23,1.8555e+08,3.7004e+08,4.3923e+06,3.813e+06,0,0,3225,7650,5325,7500,5400,7575,5325,7950,5250
73.2,37,38,29,20,23,1.8543e+08,1.8542e+08,6.1259e+06,0,0,0,3150,7575,5325,7425,5400,7650,5325,7950,5325
64.86,38,38,29,20,23,1.8639e+08,1.8634e+08,7.0985e+06,6.892e+06,0,0,3150,7650,5325,7425,5400,7575,5325,7950,5325
73.41,35,41,29,20,23,1.8666e+08,1.868e+08,1.0182e+06,6.6447e+06,0,0,3150,7650,5250,7500,5400,7575,5325,7950,5250
61.77,34,42,29,20,23,1.8402e+08,3.668e+08,0,3.3595e+06,471.5,0,3225,7650,5250,7500,5400,7575,5250,7950,5250
61.56,37,38,29,20,23,1.8529e+08,1.8532e+08,3.7981e+05,6.7983e+06,0,0,3150,7650,5325,7500,5400,7575,5250,7950,5325
62.04,34,42,29,20,23,1.8978e+08,1.8978e+08,27289,1.373e+07,0,0,3150,7650,5325,7425,5325,7575,5325,8025,5250
73.05,34,42,29,20,23,1.8462e+08,1.8471e+08,0,4.9801e+06,0,0,3150,7650,5250,7425,5400,7575,5250,7950,5250
73.29,34,42,29,19,23,3.6667e+08,3.6666e+08,3.1026e+06,4.8651e+06,0,0,3225,7575,5325,7425,5400,7575,5325,7950,5250
73.26,37,38,29,19,23,0,1.8926e+08,6.5006e+06,7.767e+05,0,0,3150,7650,5250,7500,5325,7575,5325,8025,5250
62.28,34,42,29,19,23,1.8646e+08,0,1.5397e+05,6.9227e+06,481,0,3150,7650,5250,7425,5400,7575,5325,8025,5325
61.77,33,42,29,19,23,1.8702e+08,1.8699e+08,7.3795e+06,5.129e+05,0,0,3225,7650,5325,7500,5400,7575,5325,7950,5325
72.06,37,39,29,19,23,3.6816e+08,1.8324e+08,6.7302e+06,1.3487e+06,0,0,3225,7575,5325,7500,5325,7575,5325,8025,5250
73.41,34,42,29,19,23,1.8639e+08,1.8625e+08,7.1185e+05,6.5293e+06,0,0,3150,7650,5325,7425,5400,7575,5325,7950,5250
73.23,36,38,29,19,23,0,1.8972e+08,70923,1.3674e+07,0,0,3150,7650,5325,7500,5400,7575,5250,8025,5250
61.71,33,42,29,19,23,0,1.8425e+08,3.1227e+06,4.8543e+06,0,0,3150,7575,5250,7425,5400,7575,5250,7950,5250
61.68,36,39,29,19,23,3.6707e+08,1.8247e+08,0,7.4969e+05,472,0,3150,7650,5325,7425,5400,7575,5325,7950,5250
61.38,34,42,29,19,23,0,1.8972e+08,2.6994e+05,0,0,0,3150,7650,5250,7500,5400,7575,5250,7950,5325
61.56,33,42,29,19,23,1.8816e+08,1.8816e+08,19635,1.3681e+07,0,0,3150,7650,5250,7425,5400,7575,5250,7950,5250
73.17,33,42,29,19,23,1.8513e+08,1.8507e+08,5.3465e+06,2.2965e+06,0,0,3150,7650,5325,7500,5400,7575,5325,7950,5250
73.26,36,39,29,19,23,3.6813e+08,3.6812e+08,5.1188e+06,2.9487e+06,0,0,3150,7650,5250,7425,5400,7575,5250,7950,5250
73.29,37,38,29,19,23,1.8288e+08,1.8232e+08,7.2251e+06,3.0431e+05,0,0,3150,7650,5250,7500,5400,7575,5250,7950,5250
61.41,37,38,29,19,23,1.8756e+08,0,1.3009e+07,1.8271e+06,514.5,0,3150,7650,5250,7500,5400,7575,5250,7950,5325
60.93,37,38,29,19,22,1.8633e+08,1.863e+08,3.3992e+06,0,0,0,3150,7650,5250,7425,5400,7575,5250,7950,5325
61.11,34,41,29,19,22,3.687e+08,1.8464e+08,6.2479e+06,1.923e+06,0,0,3225,7575,5250,7500,5400,7575,5250,7950,5325
70.95,37,38,29,19,22,1.8459e+08,0,8.4495e+05,0,0,0,3150,7650,5325,7500,5400,7575,5325,7950,5250
73.14,37,37,29,19,22,1.9121e+08,1.9111e+08,7.0864e+06,6.8847e+06,0,0,3150,7650,5325,7500,5400,7575,5250,7950,5250
61.44,34,41,29,19,22,0,1.8389e+08,3.3172e+06,4.7023e+06,0,0,3150,7575,5325,7500,5400,7575,5250,7950,5325
61.89,37,38,29,19,22,1.8448e+08,3.7029e+08,6.3392e+05,7.0457e+06,488,0,3150,7650,5325,7425,5325,7575,5325,7950,5325
60.81,37,38,29,19,22,1.8442e+08,1.844e+08,7.1066e+06,3.6359e+05,0,0,3225,7575,5250,7500,5400,7575,5250,7950,5250
61.41,34,41,29,19,22,0,1.9174e+08,0,1.3668e+07,0,0,3150,7650,5250,7500,5400,7575,5250,7950,5250
73.44,34,41,29,19,22,0,1.8514e+08,6.1804e+06,1.5615e+06,0,0,3150,7575,5325,7500,5325,7575,5250,7950,5250
73.2,37,38,29,19,22,1.8449e+08,3.6868e+08,0,3.2421e+06,0,0,3150,7650,5250,7500,5400,7575,5325,7950,5250
61.17,34,41,28,19,22,0,1.8701e+08,0,6.8564e+06,0,0,3150,7575,5250,7500,5400,7575,5325,8025,5250
61.5,34,41,28,19,22,0,1.8855e+08,1.7718e+06,1.1879e+07,500,0,3150,7650,5250,7500,5400,7575,5250,8025,5325
61.35,34,42,28,19,22,1.865e+08,0,3.1608e+06,0,0,0,3150,7650,5250,7500,5400,7575,5325,7950,5325
73.2,33,42,28,19,22,3.6962e+08,3.6996e+08,6.1681e+06,0,0,0,3150,7650,5250,7425,5400,7575,5250,7950,5325
73.11,36,38,28,19,22,0,1.835e+08,0,2.2979e+06,0,0,3150,7650,5250,7500,5400,7575,5250,7950,5250
61.2,33,42,28,19,22,1.8509e+08,0,6358,1.3677e+07,0,0,3150,7650,5250,7500,5400,7575,5250,8025,5250
61.35,34,42,28,19,22,1.8337e+08,1.8337e+08,3.2007e+06,4.4773e+06,0,0,3150,7650,5325,7500,5400,7575,5325,8025,5250
61.98,36,41,28,19,22,3.7093e+08,3.7089e+08,2.688e+05,0,506,0,3150,7650,5325,7500,5400,7575,5325,7950,5250
60.9,36,41,28,18,22,0,1.9245e+08,7.0313e+06,1.4993e+05,0,0,3150,7575,5250,7425,5400,7575,5250,7950,5250
61.98,37,42,28,19,22,1.8556e+08,0,6.0217e+06,8.5035e+06,0,0,3150,7575,5250,7500,5400,7575,5325,8025,5325
60.96,36,39,28,19,22,1.8436e+08,0,6.6231e+06,1.475e+06,0,0,3150,7575,5325,7500,5400,7575,5325,7950,5250
61.29,36,40,28,19,22,1.8363e+08,3.7597e+08,6.9976e+06,52239,0,0,3150,7650,5250,7425,5400,7575,5250,7950,5250
60.96,35,42,28,19,22,0,1.8476e+08,20054,6.8147e+06,0,0,3150,7650,5325,7425,5400,7575,5250,7950,5325
61.41,35,42,28,19,22,1.8384e+08,1.8388e+08,1.3756e+07,2.5396e+06,512.5,0,3150,7575,5325,7425,5400,7575,5250,8025,5250
60.9,36,39,28,19,22,1.8576e+08,1.8569e+08,7.1503e+06,4.3757e+05,0,0,3150,7575,5325,7500,5400,7575,5325,7950,5250
60.81,37,40,28,19,22,3.7479e+08,1.8825e+08,7.0176e+06,79686,0,0,3150,7650,5250,7500,5400,7575,5325,7950,5250
61.44,37,40,28,19,22,0,1.8527e+08,0,6.8026e+06,0,0,3225,7650,5325,7425,5325,7575,5325,7950,5250
61.14,35,40,28,19,22,1.8431e+08,1.8429e+08,4.0021e+05,1.2721e+07,0,0,3150,7575,5250,7500,5400,7575,5250,7950,5250
61.05,35,41,28,19,22,1.8353e+08,1.8369e+08,99102,0,0,0,3150,7650,5325,7425,5400,7575,5250,7950,5250
62.01,35,41,28,19,22,3.7676e+08,3.768e+08,0,6.8135e+06,1253,0,3225,7650,5325,7500,5400,7575,5325,7950,5250
61.68,35,41,28,19,22,1.8524e+08,0,0,6.9713e+06,0,0,3150,7650,5325,7425,5400,7575,5250,7950,5250
61.14,35,41,28,18,22,1.8396e+08,1.8397e+08,8.4117e+06,3.3852e+06,0,0,3150,7650,5325,7500,5400,7575,5325,7950,5250
42.84,33,36,28,18,22,0,3.0349e+05,2.5367e+05,0,0,0,3225,7650,5325,7500,5400,7575,5325,8025,5325
42.93,30,37,28,18,22,1.0357e+07,7.9537e+07,2.2281e+05,0,0,0,3150,7575,5325,7500,5400,7575,5250,7950,5250
71.07,30,37,28,18,22,1.8374e+08,1.8382e+08,5.7949e+06,4.3853e+06,0,0,3150,7650,5250,7500,5400,7575,5325,7950,5250
73.47,35,39,28,18,22,1.8325e+08,1.8331e+08,6.122e+06,1.2474e+07,3282,1,3150,7650,5250,7425,5400,7650,5325,7950,5250
72.78,35,40,28,18,22,1.7852e+08,0,5.9022e+06,5.3305e+06,0,0,3225,7575,5325,7500,5400,7575,5250,8025,5250
73.35,37,41,28,18,22,4.0591e+08,2.0054e+08,5.5559e+06,0,0,0,3150,7575,5250,7425,5400,7575,5325,7950,5250
72.3,37,41,28,18,22,0,1.833e+08,5.945e+06,5.6315e+06,0,0,3150,7650,5325,7500,5400,7575,5250,7950,5250
73.11,36,41,28,19,22,1.7843e+08,1.7837e+08,1.2683e+07,1.1752e+07,0,0,3150,7575,5250,7425,5400,7650,5325,8025,5250
73.56,38,42,28,19,22,1.7738e+08,1.7735e+08,5.967e+06,0,0,0,3225,7650,5325,7425,5400,7575,5325,7950,5250
74.4,38,42,28,19,22,4.0097e+08,1.9961e+08,5.5247e+06,5.2449e+06,650,0,3150,7650,5250,7425,5400,7575,5250,7950,5250
73.41,37,42,28,19,22,1.9999e+08,2.0011e+08,5.9247e+06,5.9703e+06,0,0,3150,7575,5250,7425,5325,7575,5325,7950,5250
73.8,38,42,28,19,22,0,1.7625e+08,6.1655e+06,1.2038e+07,0,0,3150,7650,5325,7500,5400,7575,5250,8025,5250
74.13,38,42,28,19,22,1.8074e+08,1.8079e+08,5.4408e+06,0,0,0,3150,7650,5325,7425,5400,7650,5250,8025,5325
73.74,38,42,28,19,22,3.9549e+08,3.9516e+08,5.4548e+06,5.2358e+06,0,0,3150,7575,5325,7500,5325,7650,5250,7950,5325
73.83,38,42,28,19,22,1.9364e+08,1.9328e+08,5.9636e+06,6.0686e+06,0,0,3150,7650,5250,7500,5400,7575,5250,7950,5250
74.31,39,43,28,19,22,1.7612e+08,1.7614e+08,5.835e+06,5.8126e+06,542,0,3150,7650,5250,7500,5400,7575,5325,7950,5250
73.56,39,43,28,19,22,1.8725e+08,0,5.1889e+06,5.3529e+06,0,0,3150,7650,5325,7425,5325,7575,5250,7950,5250
73.53,38,42,28,19,22,2.0926e+08,4.156e+08,5.5803e+06,5.2335e+06,0,0,3150,7650,5250,7425,5400,7575,5250,7950,5250
73.56,39,43,28,19,22,1.9316e+08,1.9316e+08,5.5348e+06,5.2604e+06,0,0,3150,7650,5325,7425,5400,7575,5325,7950,5250
73.77,38,42,28,19,22,1.7488e+08,1.7493e+08,5.759e+06,1.1868e+07,0,0,3225,7650,5250,7500,5400,7650,5250,7950,5250
74.55,38,42,28,19,22,1.9617e+08,0,5.2684e+06,5.4904e+06,0,0,3150,7650,5325,7425,5400,7575,5250,7950,5250
74.22,38,43,28,19,22,2.087e+08,4.185e+08,5.6626e+06,5.1848e+06,545,0,3150,7650,5250,7500,5400,7575,5250,7950,5250
74.22,39,43,28,19,22,1.9502e+08,0,5.4693e+06,5.4534e+06,0,0,3150,7575,5325,7500,5400,7650,5325,7950,5250
73.8,39,43,28,19,22,1.7949e+08,0,1.2209e+07,5.6684e+06,0,0,3150,7650,5325,7425,5400,7575,5325,7950,5250
74.34,39,43,28,19,22,1.8973e+08,1.8977e+08,5.2551e+06,5.4723e+06,0,0,3150,7575,5325,7500,5400,7575,5250,7950,5325
73.83,39,43,28,19,22,4.008e+08,2.0499e+08,0,5.2211e+06,0,0,3150,7650,5325,7500,5400,7575,5250,7950,5250
73.89,38,43,28,19,22,1.7821e+08,1.7827e+08,6.1867e+06,5.6031e+06,0,0,3225,7650,5325,7425,5400,7575,5325,7950,5250
74.7,38,43,28,19,22,0,1.8487e+08,1.1361e+07,0,555,0,3150,7575,5325,7500,5400,7575,5325,7950,5250
74.67,38,43,28,19,22,2.0381e+08,2.0383e+08,0,5.4206e+06,0,0,3150,7650,5250,7425,5400,7650,5325,7950,5250
75.09,38,43,28,19,22,3.7303e+08,1.9517e+08,0,5.8323e+06,0,0,3150,7650,5325,7500,5400,7575,5325,7950,5250
74.91,39,43,28,19,22,1.7835e+08,0,6.0775e+06,5.956e+06,0,0,3150,7650,5250,7425,5400,7575,5325,7950,5250
74.37,38,43,28,19,22,1.9697e+08,0,1.1463e+07,5.2902e+06,0,0,3150,7650,5250,7500,5400,7650,5325,7950,5250
74.16,38,43,29,19,22,2.0147e+08,0,0,5.8825e+06,0,0,3150,7575,5250,7500,5325,7650,5325,7950,5250
75.45,38,43,29,19,22,1.8302e+08,3.6742e+08,6.657e+06,5.6251e+06,560.5,0,3150,7650,5250,7425,5400,7575,5325,7950,5250
74.97,39,43,29,19,22,0,1.9849e+08,5.2945e+06,0,0,0,3150,7650,5250,7500,5400,7575,5325,7950,5250
73.8,38,43,29,19,22,0,2.0529e+08,5.5268e+06,1.0769e+07,0,0,3150,7650,5250,7500,5400,7575,5325,7950,5250
73.98,39,43,29,19,22,1.9096e+08,1.9097e+08,6.1018e+06,6.2672e+06,0,0,3225,7575,5250,7425,5400,7575,5325,7950,5250
73.95,40,43,29,19,22,3.744e+08,1.784e+08,5.6436e+06,0,0,0,3225,7650,5250,7500,5400,7575,5325,8025,5250
74.88,39,43,29,19,22,1.9404e+08,1.9406e+08,0,5.534e+06,0,0,3225,7575,5250,7500,5400,7575,5325,8025,5250
74.82,39,43,29,19,22,2.0551e+08,0,1.1479e+07,0,570,0,3225,7650,5325,7500,5400,7650,5325,7950,5325
73.92,39,43,29,19,22,0,1.8617e+08,6.6153e+06,5.8116e+06,0,0,3150,7650,5325,7500,5400,7575,5250,7950,5250
74.55,39,43,29,19,22,3.5806e+08,1.8297e+08,0,6.3447e+06,0,0,3150,7650,5325,7425,5400,7575,5250,7950,5250
74.82,38,43,29,19,22,1.9735e+08,1.9741e+08,5.4259e+06,5.6818e+06,0,0,3150,7650,5325,7500,5400,7575,5250,7950,5250
74.61,39,43,29,19,22,0,2.0676e+08,1.1233e+07,5.4916e+06,0,0,3150,7650,5325,7500,5400,7575,5250,7950,5325
73.56,40,44,29,19,22,1.8528e+08,1.8522e+08,5.9986e+06,0,0,0,3150,7575,5325,7500,5400,7575,5250,8025,5250
75.18,39,43,29,19,22,0,3.5753e+08,0,5.9736e+06,1182.5,0,3150,7650,5250,7500,5400,7575,5325,7950,5325
74.76,38,43,29,19,22,1.964e+08,0,5.5361e+06,5.5339e+06,0,0,3150,7650,5250,7425,5400,7575,5325,8025,5250
74.04,39,43,29,19,22,2.0528e+08,2.053e+08,5.89e+06,1.1174e+07,0,0,3150,7575,5250,7500,5400,7575,5325,8025,5250
73.83,40,44,29,19,22,1.838e+08,0,6.4954e+06,5.9815e+06,0,0,3150,7575,5250,7425,5325,7575,5325,8025,5250
74.28,39,43,29,19,22,1.7955e+08,3.6368e+08,5.9576e+06,6.2448e+06,0,0,3150,7650,5325,7425,5400,7575,5250,7950,5325
74.82,39,43,29,19,22,2.0057e+08,2.0062e+08,5.9145e+06,0,0,0,3150,7575,5250,7425,5400,7575,5325,7950,5325
75.48,39,43,29,19,22,2.0574e+08,0,1.1417e+07,1.1437e+07,586,0,3150,7575,5250,7425,5400,7575,5325,7950,5325
74.07,39,44,29,19,22,1.8918e+08,1.8911e+08,6.6108e+06,6.0322e+06,0,0,3150,7650,5250,7425,5400,7575,5250,7950,5325
74.76,39,43,29,19,22,3.5841e+08,3.585e+08,6.2427e+06,0,0,0,3150,7650,5325,7500,5400,7575,5325,7950,5250
75.09,38,43,29,19,22,1.9588e+08,1.9575e+08,0,5.7646e+06,0,0,3225,7650,5325,7500,5400,7575,5325,7950,5325
74.49,39,43,29,19,22,2.0442e+08,0,1.1367e+07,1.1122e+07,0,0,3150,7650,5250,7425,5400,7575,5325,7950,5250
74.22,40,43,29,19,22,1.8747e+08,1.8727e+08,6.266e+06,6.3295e+06,0,0,3225,7650,5325,7500,5400,7575,5250,7950,5250
75.21,39,43,29,19,22,3.6079e+08,1.784e+08,6.0843e+06,0,592.5,0,3225,7650,5325,7500,5400,7575,5250,7950,5250
75,39,43,29,19,22,1.9485e+08,1.9488e+08,5.8322e+06,5.3173e+06,0,0,3150,7650,5250,7425,5400,7575,5250,8025,5250
74.19,38,43,29,19,22,0,2.0299e+08,5.6374e+06,1.1397e+07,0,0,3150,7650,5325,7500,5400,7500,5325,7950,5250
74.55,39,43,29,19,22,1.8792e+08,1.8795e+08,6.4933e+06,5.8903e+06,0,0,3150,7650,5325,7500,5400,7575,5325,7950,5250
74.85,38,43,29,19,22,3.5562e+08,1.7953e+08,6.1463e+06,5.8252e+06,0,0,3150,7650,5325,7500,5400,7575,5325,7950,5250
74.43,39,43,29,19,22,1.9395e+08,1.9408e+08,5.3318e+06,5.7423e+06,0,0,3150,7650,5250,7500,5400,7575,5250,8025,5250
74.64,38,43,29,19,22,0,2.0707e+08,5.8911e+06,1.1301e+07,593,0,3150,7650,5250,7500,5400,7575,5250,8025,5250
73.71,39,43,29,19,22,1.8321e+08,1.8287e+08,6.6222e+06,5.8869e+06,0,0,3150,7650,5250,7500,5400,7575,5325,7950,5325
75.15,38,43,29,19,22,1.7991e+08,3.5949e+08,6.3208e+06,0,0,0,3150,7575,5250,7500,5400,7575,5325,7950,5250
74.73,39,43,29,19,22,0,1.9718e+08,5.5533e+06,0,0,0,3150,7575,5325,7425,5400,7575,5325,7950,5250
74.58,38,43,29,19,22,2.0799e+08,2.0801e+08,1.1276e+07,5.314e+06,0,0,3150,7650,5250,7425,5400,7575,5250,7950,5325
74.64,39,44,29,19,22,1.8585e+08,1.8581e+08,0,5.9407e+06,0,0,3150,7650,5250,7500,5400,7575,5250,7950,5250
75.39,38,43,29,19,22,3.6521e+08,3.6507e+08,6.4415e+06,5.9507e+06,590.5,0,3150,7575,5250,7500,5400,7575,5325,8025,5250
74.61,39,43,29,19,22,0,1.9622e+08,5.4635e+06,0,0,0,3150,7575,5250,7500,5325,7575,5250,7950,5250
73.74,40,43,29,19,22,0,2.0261e+08,1.1468e+07,5.9552e+06,0,0,3150,7650,5250,7500,5400,7575,5250,7950,5250
74.4,39,44,29,19,22,0,1.8129e+08,5.8982e+06,0,0,0,3150,7650,5325,7425,5400,7575,5250,8025,5325
74.97,39,43,29,19,22,3.5527e+08,3.5525e+08,6.5181e+06,0,0,0,3150,7575,5325,7425,5400,7575,5325,7950,5250
74.31,39,43,29,19,22,1.9792e+08,1.9795e+08,5.9866e+06,0,0,0,3150,7650,5250,7425,5400,7575,5250,7950,5325
74.4,39,44,29,19,22,1.9706e+08,1.971e+08,1.1689e+07,6.0748e+06,1198,0,3150,7650,5250,7500,5400,7575,5250,7950,5325
74.04,38,43,29,19,22,0,1.9396e+08,5.9649e+06,0,0,0,3150,7650,5325,7500,5400,7575,5325,8025,5250
74.94,39,43,29,19,22,3.6312e+08,3.6307e+08,0,5.9477e+06,0,0,3225,7575,5325,7500,5400,7650,5325,7950,5250
74.16,39,43,29,19,22,2.0329e+08,0,0,5.8195e+06,0,0,3150,7650,5325,7425,5400,7575,5325,7950,5325
74.52,39,43,29,19,22,1.9586e+08,1.9578e+08,5.5714e+06,1.1365e+07,0,0,3150,7650,5325,7500,5400,7575,5325,7950,5250
74.7,38,43,29,19,22,1.9062e+08,0,6.048e+06,5.7815e+06,0,0,3150,7650,5325,7500,5400,7575,5325,7950,5250
74.97,39,43,29,19,22,3.5709e+08,3.5717e+08,6.4762e+06,0,636,0,3150,7650,5325,7500,5400,7575,5325,7950,5250
73.47,40,43,29,19,22,2.0537e+08,0,5.8043e+06,0,0,0,3150,7575,5325,7500,5400,7575,5325,7950,5325
74.01,39,43,29,19,22,1.9596e+08,1.959e+08,6.1835e+06,1.1397e+07,0,0,3150,7650,5250,7500,5400,7575,5250,7950,5250
74.76,38,43,29,19,22,1.94e+08,1.9396e+08,6.0256e+06,5.7288e+06,0,0,3150,7575,5325,7425,5400,7575,5325,7950,5250
74.61,39,43,29,19,22,3.5957e+08,0,6.2180e+06,0,0,0,3150,7650,5325,7500,5400,7575,5325,7950,5250
74.16,39,43,29,19,22,0,1.9989e+08,0,5.6684e+06,0,0,3150,7575,5250,7425,5400,7575,5250,7950,5250
74.82,39,43,29,19,22,2.0022e+08,2.0026e+08,1.1808e+07,0,616,0,3150,7650,5325,7500,5400,7575,5325,7950,5250
74.16,38,43,29,19,22,1.953e+08,1.9508e+08,0,6.029e+06,0,0,3150,7650,5325,7500,5400,7650,5325,7950,5325
74.67,39,43,29,19,22,3.6108e+08,1.8153e+08,5.9869e+06,0,0,0,3225,7650,5250,7500,5325,7575,5250,7950,5250
73.68,39,44,29,19,22,2.0203e+08,2.0215e+08,0,5.3697e+06,0,0,3225,7650,5325,7500,5400,7650,5325,7950,5250
73.98,39,43,29,19,22,1.9286e+08,1.9285e+08,1.1715e+07,1.126e+07,0,0,3150,7575,5250,7500,5400,7575,5250,8025,5325
74.58,39,43,29,19,22,1.9387e+08,1.9378e+08,5.7669e+06,6.0652e+06,0,0,3150,7650,5325,7500,5325,7575,5325,8025,5325
74.37,39,43,29,19,22,1.7794e+08,1.7631e+08,6.2187e+06,5.8848e+06,754,0,3150,7650,5325,7500,5400,7575,5325,7950,5250
73.32,39,43,29,19,22,0,2.0129e+08,5.9687e+06,0,0,0,3150,7650,5325,7500,5400,7650,5325,7950,5325
73.98,39,43,29,19,22,1.9809e+08,1.98e+08,1.163e+07,1.1498e+07,0,0,3150,7650,5250,7500,5400,7575,5250,7950,5250
74.34,38,43,29,19,22,0,1.9287e+08,6.1688e+06,5.7284e+06,0,0,3150,7575,5250,7500,5400,7650,5250,7950,5250
74.7,39,43,29,19,22,3.5939e+08,1.7816e+08,5.8922e+06,5.8116e+06,0,0,3150,7650,5250,7500,5400,7575,5325,7950,5250
73.83,39,44,29,19,22,2.0337e+08,2.0338e+08,0,5.1275e+06,0,0,3150,7650,5250,7500,5400,7650,5250,7950,5325
75.54,39,43,29,19,22,2.0741e+08,2.0763e+08,1.0855e+07,1.0925e+07,629.5,0,3150,7650,5250,7500,5400,7575,5250,7950,5250
74.43,39,43,29,19,22,0,1.9826e+08,6.3054e+06,5.5275e+06,0,0,3150,7575,5325,7500,5400,7650,5325,7950,5325
74.76,39,43,29,19,22,3.6346e+08,3.6352e+08,0,5.3916e+06,0,0,3150,7650,5325,7500,5400,7650,5325,7950,5250
73.77,39,43,29,19,22,2.0311e+08,2.0314e+08,0,5.3268e+06,0,0,3150,7575,5325,7500,5400,7575,5325,7950,5250
73.83,39,44,29,19,22,1.9749e+08,1.9733e+08,1.1473e+07,1.1256e+07,0,0,3150,7575,5250,7500,5400,7575,5250,7950,5250
74.64,39,43,29,19,22,1.9512e+08,1.9501e+08,6.0762e+06,0,0,0,3150,7575,5250,7500,5400,7575,5250,8025,5325
75.3,39,43,29,19,23,1.8184e+08,3.6968e+08,0,6.3951e+06,627.5,0,3150,7575,5325,7425,5400,7650,5325,7950,5250
74.25,40,43,29,19,23,2.019e+08,2.0194e+08,5.4051e+06,0,0,0,3150,7575,5325,7500,5400,7575,5325,7950,5325
72.99,40,43,29,19,23,1.957e+08,0,1.1688e+07,1.1074e+07,0,0,3150,7650,5325,7500,5400,7575,5325,7950,5250
74.7,39,43,29,19,23,1.9362e+08,1.9361e+08,5.9261e+06,6.0928e+06,0,0,3150,7650,5250,7500,5325,7650,5250,8025,5325
74.76,39,43,29,19,23,3.6262e+08,1.8093e+08,5.7682e+06,6.0598e+06,0,0,3150,7575,5325,7425,5400,7575,5325,7950,5325
74.46,39,44,29,19,23,0,2.0846e+08,5.2547e+06,5.7026e+06,0,0,3150,7650,5250,7500,5325,7575,5250,7950,5250
74.37,39,43,29,19,23,1.9425e+08,1.9442e+08,1.1766e+07,5.3882e+06,751.5,0,3150,7650,5325,7500,5400,7575,5325,8025,5250
74.4,39,44,29,19,23,1.7966e+08,1.7941e+08,6.4899e+06,5.5246e+06,0,0,3150,7650,5325,7500,5400,7575,5325,7950,5325
74.07,39,43,29,19,23,3.8064e+08,3.8069e+08,5.7043e+06,5.399e+06,0,0,3150,7650,5325,7500,5400,7575,5325,7950,5325
73.98,40,44,29,19,23,1.9652e+08,1.9669e+08,0,5.3992e+06,0,0,3150,7650,5325,7500,5400,7575,5325,8025,5325
74.43,39,43,29,19,23,1.9347e+08,1.9349e+08,1.1862e+07,1.2066e+07,0,0,3150,7650,5250,7500,5400,7575,5250,7950,5250
74.1,39,43,29,19,23,1.8015e+08,1.7962e+08,6.0647e+06,5.8837e+06,0,0,3150,7575,5325,7500,5325,7650,5325,7950,5325
74.52,39,43,29,19,23,3.8706e+08,1.8274e+08,5.8229e+06,5.2813e+06,632.5,0,3150,7575,5325,7500,5325,7650,5325,7950,5325
74.31,40,44,29,19,23,1.9535e+08,1.954e+08,5.6065e+06,5.5248e+06,0,0,3150,7650,5325,7500,5400,7650,5325,8025,5325
73.8,39,43,29,19,23,0,1.9217e+08,1.231e+07,1.1867e+07,0,0,3150,7650,5250,7500,5400,7650,5325,7950,5325
74.34,39,43,29,19,23,1.8012e+08,1.8024e+08,0,5.7753e+06,0,0,3150,7650,5250,7500,5400,7650,5325,7950,5325
73.89,39,43,29,19,23,3.8572e+08,1.7991e+08,0,5.6315e+06,0,0,3150,7650,5250,7500,5400,7575,5250,8025,5250
73.71,40,43,29,19,23,2.0743e+08,2.0754e+08,5.1429e+06,5.541e+06,0,0,3150,7650,5250,7500,5400,7575,5250,7950,5250
75.09,39,44,29,19,23,1.9309e+08,1.9316e+08,6.094e+06,1.1492e+07,636.5,0,3150,7650,5325,7500,5400,7650,5325,7950,5325
74.1,39,43,29,19,23,1.8012e+08,1.7996e+08,0,6.2905e+06,0,0,3150,7650,5325,7500,5400,7650,5325,7950,5325
74.28,40,44,29,19,23,3.9753e+08,3.9763e+08,5.6695e+06,0,0,0,3150,7575,5250,7500,5400,7650,5250,7950,5250
73.83,40,44,29,20,23,2.0613e+08,0,5.2659e+06,5.5182e+06,0,0,3150,7575,5250,7500,5400,7650,5250,7950,5325
74.34,40,44,29,20,23,1.951e+08,0,1.1442e+07,1.1494e+07,0,0,3150,7650,5325,7500,5400,7575,5325,7950,5250
74.16,39,44,29,20,23,1.7584e+08,1.7579e+08,5.9227e+06,0,0,0,3150,7650,5250,7500,5400,7650,5325,8025,5325
74.52,40,43,29,20,23,3.9299e+08,2.0795e+08,5.7174e+06,5.0254e+06,643.5,0,3150,7650,5325,7500,5400,7650,5250,8025,5250
74.22,39,44,29,20,23,0,2.0788e+08,5.6709e+06,5.2565e+06,0,0,3150,7650,5325,7500,5400,7650,5250,8025,5325
74.43,40,44,29,20,23,1.9703e+08,1.971e+08,1.1904e+07,1.0949e+07,0,0,3150,7650,5325,7500,5400,7650,5250,8025,5325
74.22,40,44,29,20,23,1.796e+08,0,5.2195e+06,5.8812e+06,0,0,3225,7650,5325,7500,5400,7650,5325,7950,5325
73.98,40,44,29,20,23,3.8952e+08,3.892e+08,5.8548e+06,5.2532e+06,0,0,3150,7575,5250,7500,5400,7575,5250,7950,5325
74.34,40,44,29,20,23,0,2.0819e+08,5.6062e+06,5.4429e+06,0,0,3150,7650,5325,7500,5400,7575,5325,8025,5250
74.37,39,44,29,20,23,1.9008e+08,0,1.1779e+07,1.1326e+07,691.5,0,3150,7650,5325,7500,5400,7575,5325,8025,5250
73.5,40,44,29,20,23,1.7814e+08,1.7823e+08,5.1888e+06,5.9537e+06,0,0,3150,7575,5325,7500,5400,7575,5250,7950,5325
73.8,40,44,29,20,23,3.8475e+08,3.8484e+08,5.5739e+06,0,0,0,3150,7650,5325,7500,5400,7650,5250,7950,5250
73.74,40,44,29,20,23,2.0479e+08,0,5.5435e+06,5.2647e+06,0,0,3150,7650,5325,7500,5400,7650,5325,8025,5250
73.89,40,43,29,20,23,1.8693e+08,1.8694e+08,1.1549e+07,5.4013e+06,0,0,3150,7650,5325,7500,5400,7650,5325,8025,5250
73.83,39,44,29,20,23,0,1.7853e+08,5.8856e+06,5.2539e+06,0,0,3225,7650,5250,7500,5400,7650,5250,8025,5250
43.14,34,42,29,20,23,1.2034e+07,1.5189e+08,0,2.8052e+05,700,0,3150,7650,5325,7500,5400,7650,5325,7950,5250
42.75,34,41,29,20,23,1.5698e+07,0,1.0558e+05,0,0,0,3150,7650,5250,7500,5400,7650,5250,7950,5325
57.33,34,39,29,19,23,1.4555e+07,1.4564e+07,3.0162e+05,3.052e+05,0,0,3150,7650,5250,7500,5400,7650,5250,7950,5325
42.63,35,37,29,19,22,0,1.3348e+06,5.5113e+05,0,0,0,3150,7650,5250,7500,5400,7650,5250,8025,5250
42.6,35,38,29,19,22,1.1277e+07,0,2.1438e+05,0,0,0,3150,7575,5250,7500,5400,7575,5250,7950,5250
42.42,34,36,29,19,22,1.9711e+07,1.9726e+07,8675,0,0,0,3150,7575,5250,7500,5400,7575,5250,7950,5250
43.02,33,36,29,19,22,8.4937e+06,8.5141e+06,5.4569e+05,0,1004,0,3150,7575,5250,7500,5400,7575,5250,8025,5250
42.72,32,38,29,19,22,2.8579e+06,0,6.0171e+05,0,0,0,3150,7650,5250,7500,5325,7650,5250,8025,5325
42.39,32,35,29,18,22,1.7788e+07,0,38260,0,0,0,3150,7650,5250,7500,5325,7650,5250,8025,5325
42.51,30,37,29,18,22,1.8465e+07,0,0,22301,0,0,3150,7575,5325,7500,5400,7575,5250,8025,5250
42.42,32,35,29,18,21,8.1542e+06,0,0,4.7177e+05,0,0,3150,7650,5250,7500,5325,7650,5250,8025,5250
42.42,32,35,29,18,21,6.6151e+05,6.6254e+05,3.6302e+05,4.1643e+05,0,0,3150,7575,5325,7500,5400,7575,5325,7950,5325
42.9,31,35,29,18,21,2.2012e+07,0,3.1648e+05,2.8844e+05,672.5,0,3150,7575,5325,7500,5400,7575,5325,7950,5325
42.39,31,34,29,18,21,1.8032e+07,0,0,1.3485e+05,0,0,3150,7650,5250,7500,5400,7650,5250,8025,5325
42.57,31,37,28,18,21,8.4767e+06,0,4.2786e+05,37112,0,0,3225,7575,5250,7500,5400,7575,5250,8025,5250
42.36,29,36,28,18,21,2.8049e+05,2.809e+05,0,6.8342e+05,0,0,3225,7575,5250,7500,5400,7575,5250,8025,5250
42.51,29,36,28,18,21,0,1.1936e+07,0,2.7059e+05,0,0,3150,7575,5325,7500,5400,7575,5325,8025,5325
42.45,33,33,28,18,21,0,1.7755e+07,40196,0,0,0,3225,7650,5250,7500,5400,7650,5250,8025,5325
42.99,31,34,28,18,21,2.7993e+06,2.7721e+06,38106,8.7537e+05,631.5,0,3150,7650,5325,7500,5400,7650,5325,8025,5325
42.36,29,35,28,18,21,1.5207e+06,0,5.7678e+05,0,0,0,3150,7575,5325,7500,5400,7575,5325,8025,5325
42.39,29,35,28,18,21,0,1.1717e+07,2.9134e+05,0,0,0,3150,7650,5325,7500,5400,7650,5325,7950,5250
42.24,28,35,28,18,21,1.1234e+07,1.1245e+07,0,8323,0,0,3150,7575,5250,7500,5400,7575,5250,8025,5325
42.39,29,34,28,18,21,7.5174e+06,7.5302e+06,0,7.5257e+05,0,0,3150,7575,5250,7500,5400,7575,5250,8025,5325
42.3,28,35,28,18,21,1.6981e+06,0,7.7017e+05,0,0,0,3150,7575,5325,7500,5400,7575,5325,7950,5250
42.9,30,36,28,18,21,1.3498e+06,1.1626e+07,0,2.6788e+05,634.5,0,3150,7650,5325,7500,5400,7650,5325,8025,5325
42.27,28,34,28,18,21,0,1.8657e+07,1.1215e+05,5244,0,0,3150,7650,5325,7500,5400,7650,5325,8025,5325
42.24,29,35,27,18,21,0,7.9093e+06,40283,5.1866e+05,0,0,3150,7650,5325,7500,5325,7650,5325,8025,5250
42.33,30,35,27,18,21,1.6865e+06,0,5.5768e+05,0,0,0,3150,7575,5250,7500,5400,7575,5250,7950,5250
42.21,31,33,27,18,21,1.7036e+07,7.3927e+05,33397,0,0,0,3225,7575,5325,7575,5400,7575,5325,8025,5325
42.3,28,35,27,18,21,1.8878e+07,0,12186,0,0,0,3150,7650,5250,7500,5325,7650,5250,7950,5250
42.84,28,35,27,18,21,8.9462e+06,8.9706e+06,86065,4.7528e+05,638,0,3225,7650,5325,7500,5400,7650,5325,8025,5325
42.21,30,32,27,18,21,1.4865e+06,1.4826e+06,0,3.7402e+05,0,0,3150,7650,5325,7500,5400,7650,5325,7950,5250
42.24,29,33,27,18,21,1.2226e+07,2.1938e+07,0,2.6341e+05,0,0,3150,7650,5325,7500,5400,7650,5325,7950,5250
42.39,30,32,27,18,21,1.7386e+07,0,71026,35928,0,0,3150,7575,5250,7500,5400,7575,5250,7950,5250
42.18,28,36,27,18,21,0,8.4371e+06,4.0274e+05,4.6512e+05,0,0,3150,7575,5325,7500,5400,7575,5325,7950,5250
42.36,29,35,27,18,21,1.1532e+06,0,7.1961e+05,5.8515e+05,0,0,3225,7575,5250,7500,5400,7575,5250,7950,5250
42.75,30,32,27,18,21,1.4803e+07,0,0,4.0773e+05,641.5,0,3225,7575,5325,7500,5400,7575,5325,8025,5325
42.33,28,35,27,18,21,1.7327e+07,0,1.6895e+05,0,0,0,3150,7650,5250,7500,5400,7650,5250,7950,5325
42.3,31,32,27,18,21,2.0419e+06,0,6.3893e+05,40734,0,0,3150,7575,5250,7500,5400,7575,5250,8025,5250
42.36,31,32,27,18,21,7.5854e+05,0,6.2445e+05,0,0,0,3150,7650,5325,7500,5400,7650,5325,7950,5250
42.45,31,32,27,18,21,1.1086e+07,0,2.7612e+05,0,0,0,3225,7650,5250,7500,5400,7650,5250,8025,5250
42.3,30,32,26,18,21,9.0621e+06,0,47462,0,0,0,3150,7575,5325,7500,5400,7575,5325,7950,5325
42.84,30,32,26,18,21,6.8005e+06,6.8126e+06,4.1896e+05,5.6737e+05,648,0,3150,7575,5325,7500,5400,7575,5325,7950,5325
42.3,28,34,26,18,21,2.888e+06,0,6.1887e+05,0,0,0,3150,7650,5325,7500,5400,7650,5325,8025,5325
42.36,28,35,26,18,21,1.0219e+07,7.2408e+05,3.064e+05,0,0,0,3225,7650,5325,7500,5400,7650,5325,8025,5250
42.36,29,35,26,18,21,1.7022e+07,1.7009e+07,34594,0,0,0,3150,7575,5325,7500,5400,7575,5325,8025,5250
42.27,28,34,26,18,21,0,7.7742e+06,4.7724e+05,0,0,0,3150,7575,5250,7500,5400,7575,5250,8025,5250
42.42,28,34,26,18,21,2.7264e+06,2.7059e+06,6.3373e+05,0,0,0,3150,7575,5325,7500,5400,7575,5325,8025,5250
42.81,30,32,26,18,21,1.7826e+07,1.3277e+06,69889,0,655,0,3150,7575,5325,7500,5325,7575,5325,8025,5250
42.27,30,32,26,18,21,0,1.8684e+07,0,22387,0,0,3150,7650,5325,7500,5400,7650,5325,8025,5325
42.33,30,32,26,18,21,8.1542e+06,0,3.9731e+05,35864,0,0,3150,7650,5250,7500,5400,7650,5250,8025,5325
42.36,30,31,26,18,21,7.3682e+05,0,3.0768e+05,0,0,0,3150,7575,5325,7500,5400,7575,5325,7950,5325
42.48,31,33,26,18,21,2.4389e+07,0,0,2.027e+05,0,0,3150,7575,5325,7500,5400,7575,5325,8025,5250
42.3,30,32,26,18,21,1.841e+07,0,87012,29359,0,0,3150,7650,5250,7500,5400,7650,5325,8025,5250
42.75,31,32,26,18,21,9.2217e+06,0,42135,6.1159e+05,658,0,3150,7650,5325,7425,5325,7575,5250,8025,5250
42.33,30,31,26,18,21,0,1.9774e+06,5.3539e+05,6.1016e+05,0,0,3150,7575,5325,7425,5400,7575,5325,8025,5325
42.27,30,32,26,18,21,1.4598e+07,0,3.2494e+05,2.3534e+05,0,0,3150,7650,5325,7425,5400,7650,5325,8025,5250
42.21,30,32,26,18,21,1.7181e+07,0,40452,0,0,0,3150,7575,5325,7500,5400,7575,5325,8025,5250
42.24,30,31,26,18,21,1.9996e+06,1.9671e+06,6.0409e+05,19416,0,0,3150,7650,5325,7500,5400,7575,5250,8025,5250
42.42,30,33,26,18,21,1.4956e+06,0,5.4164e+05,0,0,0,3150,7650,5325,7500,5400,7575,5250,8025,5250
42.78,31,31,26,18,21,1.1852e+07,1.5059e+06,3.2975e+05,0,703,0,3150,7575,5250,7500,5400,7575,5250,8025,5325
42.18,31,31,26,18,21,1.7116e+07,0,1.4455e+05,0,0,0,3150,7650,5250,7500,5400,7650,5250,8025,5250
42.27,31,32,26,18,21,2.4913e+06,0,44868,6.4343e+05,0,0,3150,7575,5325,7425,5400,7650,5325,8025,5250
42.21,31,32,26,18,21,0,7.6205e+05,6.8734e+05,0,0,0,3150,7650,5325,7500,5400,7650,5325,7950,5325
42.24,31,32,26,18,21,1.1041e+07,0,2.2506e+05,0,0,0,3150,7650,5250,7500,5400,7650,5325,7950,5250
42.3,30,31,26,18,21,1.336e+07,1.3394e+07,0,54184,0,0,3150,7575,5325,7500,5400,7575,5325,7950,5250
42.75,28,34,26,18,21,8.5856e+06,0,7.9959e+05,0,650,0,3150,7575,5325,7500,5400,7575,5250,8025,5250
42.3,28,34,26,18,21,0,3.0643e+06,6.7366e+05,0,0,0,3150,7650,5250,7500,5400,7650,5250,8025,5325
42.27,30,31,26,18,21,1.7492e+07,0,37369,0,0,0,3150,7575,5250,7500,5400,7575,5250,7950,5250
42.27,30,33,26,18,21,1.8257e+07,1.825e+07,33188,0,0,0,3150,7575,5250,7500,5400,7575,5325,7950,5325
42.36,30,31,26,18,21,7.9512e+06,0,4.5551e+05,0,0,0,3150,7650,5325,7500,5325,7650,5250,8025,5250
42.3,31,31,26,18,21,2.9641e+06,2.9418e+06,6.4824e+05,0,0,0,3150,7650,5325,7500,5400,7575,5325,8025,5250
42.72,28,34,26,18,21,1.4895e+06,1.764e+07,0,30478,781.5,0,3150,7650,5250,7425,5400,7575,5250,7950,5250
42.3,28,35,25,18,21,1.8455e+07,0,1.2349e+05,8191,0,0,3150,7575,5325,7500,5400,7575,5325,7950,5250
42.24,28,35,25,18,21,0,8.2341e+06,4.2335e+05,0,0,0,3150,7575,5250,7500,5400,7575,5325,7950,5325
42.42,30,31,25,18,21,7.7137e+05,0,0,3.8992e+05,0,0,3150,7575,5250,7500,5400,7575,5250,7950,5250
42.45,30,34,25,18,21,1.932e+07,0,3.439e+05,2.0103e+05,0,0,3150,7650,5325,7425,5400,7650,5250,7950,5250
42.24,30,33,25,18,21,1.7718e+07,0,0,80694,0,0,3225,7575,5325,7425,5400,7650,5250,8025,5250
42.69,28,34,25,18,21,0,9.429e+06,6.0463e+05,0,783.5,0,3150,7575,5325,7500,5400,7575,5250,7950,5250
42.42,30,31,25,18,21,1.9254e+06,0,7.8692e+05,5.6472e+05,0,0,3150,7575,5325,7500,5400,7650,5250,7950,5325
42.3,30,32,25,18,21,1.1843e+07,0,0,2.5577e+05,0,0,3150,7575,5325,7500,5400,7575,5325,7950,5250
42.12,30,32,25,18,21,1.7221e+07,0,0,49444,0,0,3150,7575,5325,7500,5400,7575,5325,7950,5325
42.3,28,34,25,18,21,0,2.0736e+06,5.8199e+05,7376,0,0,3225,7650,5325,7500,5400,7575,5250,7950,5325
42.33,30,32,25,18,21,0,1.537e+06,7.2146e+05,0,0,0,3150,7650,5325,7500,5400,7575,5250,8025,5250
42.75,30,32,25,18,21,1.355e+07,0,3.7541e+05,0,1265,0,3150,7650,5250,7500,5400,7575,5325,8025,5250
42.18,30,31,25,18,21,8.4462e+06,0,1.1779e+05,9027,0,0,3150,7650,5325,7500,5400,7575,5250,8025,5250
42.24,28,34,25,18,21,5.7545e+06,5.7714e+06,4.5163e+05,4.2319e+05,0,0,3150,7575,5325,7500,5400,7575,5250,8025,5250
42.3,28,35,25,18,21,1.7263e+06,1.7334e+06,6.5266e+05,0,0,0,3150,7650,5250,7500,5400,7575,5325,7950,5325
42.18,28,35,25,18,21,1.0996e+07,0,3.5306e+05,1.9585e+05,0,0,3150,7575,5250,7575,5400,7575,5325,8025,5250
42.3,27,34,25,18,21,0,1.6379e+07,0,10385,0,0,3150,7575,5325,7500,5400,7575,5250,8025,5250
42.9,30,32,25,18,21,8.7631e+06,0,6.9843e+05,0,664.5,0,3150,7575,5325,7425,5400,7575,5250,7950,5325
42.45,30,32,25,18,21,0,3.0963e+06,6.5388e+05,0,0,0,3150,7575,5250,7425,5400,7575,5325,7950,5250
42.27,30,32,25,18,21,1.738e+07,0,42361,0,0,0,3150,7650,5325,7500,5400,7575,5325,8025,5250
42.24,29,33,25,18,21,1.8344e+07,0,16581,0,0,0,3150,7650,5250,7500,5400,7575,5325,8025,5325
42.12,29,31,25,18,21,0,8.1413e+06,3.5385e+05,37461,0,0,3150,7650,5250,7500,5400,7575,5325,7950,5250
42.09,27,31,25,18,21,1.6319e+06,0,3.0383e+05,2.6267e+05,0,0,3225,7650,5325,7500,5400,7575,5250,8025,5325
42.81,27,31,25,18,21,1.1421e+07,1.9533e+07,0,7528,670,0,3150,7575,5325,7500,5400,7650,5250,8025,5250
42.27,27,33,25,18,21,0,7.7908e+06,10235,1.0238e+05,0,0,3225,7650,5250,7500,5400,7575,5325,7950,5325
42.18,27,31,25,18,21,0,1.7192e+06,6.7157e+05,4.3400e+05,0,0,3150,7650,5325,7500,5400,7650,5325,8025,5250
42.24,27,31,25,18,21,0,7.7372e+05,46858,0,0,0,3150,7650,5250,7500,5400,7575,5325,7950,5325
42.36,28,32,25,18,21,3.5443e+07,0,10033,0,0,0,3150,7575,5325,7500,5400,7650,5250,7950,5250
42.33,27,31,25,18,21,8.4166e+06,0,68108,0,0,0,3150,7575,5325,7500,5400,7650,5325,8025,5250
42.81,27,31,25,18,21,1.4569e+06,1.457e+06,5.3436e+05,4.8919e+05,671,0,3150,7575,5250,7500,5400,7650,5325,8025,5250
42.18,28,31,25,18,21,0,5.8559e+06,0,2.9817e+05,0,0,3150,7650,5250,7500,5400,7650,5325,8025,5325
42.33,27,31,25,18,21,2.8612e+07,0,52641,0,0,0,3225,7650,5325,7500,5400,7575,5325,7950,5325
42.3,27,31,25,18,21,1.8851e+06,0,25735,0,0,0,3150,7650,5250,7425,5325,7575,5325,8025,5250
42.27,27,32,25,18,21,2.4637e+05,0,7.3964e+05,7.102e+05,0,0,3225,7650,5250,7500,5400,7575,5325,7950,5250
42.3,27,31,25,18,21,1.6668e+06,0,2.6026e+05,3.0399e+05,0,0,3150,7575,5250,7500,5400,7650,5325,8025,5250
42.69,27,31,25,18,21,2.1493e+07,0,1.0317e+05,8534,712,0,3150,7575,5250,7500,5325,7575,5325,7950,5250
42.36,27,31,25,18,21,5.7933e+06,5.8218e+06,5.3502e+05,0,0,0,3150,7650,5325,7425,5400,7575,5250,7950,5325
42.27,29,32,25,18,21,1.3179e+06,1.2957e+06,1.1928e+06,0,0,0,3150,7650,5325,7500,5400,7575,5325,7950,5325
42.27,27,31,25,18,21,8.6099e+05,0,2.0576e+05,0,0,0,3150,7575,5325,7425,5400,7650,5325,7950,5325
42.36,27,31,25,18,21,2.8989e+07,1.8377e+07,11454,0,0,0,3150,7575,5250,7500,5400,7650,5325,8025,5325
42.27,28,32,25,18,21,7.9578e+06,0,0,67826,0,0,3150,7650,5325,7500,5400,7575,5250,7950,5250
42.78,27,31,25,18,21,0,2.7955e+06,3.8444e+05,7.7939e+05,666,0,3150,7650,5250,7425,5400,7650,5325,8025,5250
42.39,27,31,25,18,21,0,1.653e+06,31339,0,0,0,3150,7650,5250,7500,5400,7650,5325,7950,5250
42.33,28,32,25,18,21,1.8392e+07,1.7033e+07,0,23198,0,0,3150,7575,5325,7500,5400,7650,5250,8025,5250
42.48,27,31,25,18,21,8.1962e+06,8.1709e+06,16485,0,0,0,3150,7650,5325,7425,5400,7575,5325,8025,5325
42.18,27,31,25,18,21,0,2.6994e+05,5.171e+05,4.4554e+05,0,0,3150,7575,5250,7425,5400,7650,5325,8025,5325
42.3,27,31,25,18,21,0,7.5104e+06,0,2.4765e+05,0,0,3225,7650,5325,7425,5400,7575,5325,8025,5250
42.78,0,0,0,0,0,1.8437e+07,1.248e+07,0,53324,667.5,0,0,0,0,0,0,0,0,0,0
42.3,0,0,0,0,0,0,1.865e+06,86951,0,0,0,0,0,0,0,0,0,0,0,0
42.24,0,0,0,0,0,0,0,7.0572e+05,0,0,0,0,0,0,0,0,0,0,0,0
0,0,0,0,0,0,0,0,0,0,0,0,0,0,0,0,0,0,0,0,0
0,0,0,0,0,0,0,0,0,0,0,0,0,0,0,0,0,0,0,0,0
0,0,0,0,0,0,0,0,0,0,0,0,0,0,0,0,0,0,0,0,0
0,0,0,0,0,0,0,0,0,0,0,0,0,0,0,0,0,0,0,0,0
0,0,0,0,0,0,0,0,0,0,0,0,0,0,0,0,0,0,0,0,0
0,0,0,0,0,0,0,0,0,0,0,0,0,0,0,0,0,0,0,0,0
0,0,0,0,0,0,0,0,0,0,0,0,0,0,0,0,0,0,0,0,0
0,0,0,0,0,0,0,0,0,0,0,0,0,0,0,0,0,0,0,0,0
0,0,0,0,0,0,0,0,0,0,0,0,0,0,0,0,0,0,0,0,0
0,0,0,0,0,0,0,0,0,0,0,0,0,0,0,0,0,0,0,0,0
0,0,0,0,0,0,0,0,0,0,0,0,0,0,0,0,0,0,0,0,0
0,0,0,0,0,0,0,0,0,0,0,0,0,0,0,0,0,0,0,0,0
0,0,0,0,0,0,0,0,0,0,0,0,0,0,0,0,0,0,0,0,0
0,0,0,0,0,0,0,0,0,0,0,0,0,0,0,0,0,0,0,0,0
0,0,0,0,0,0,0,0,0,0,0,0,0,0,0,0,0,0,0,0,0
0,0,0,0,0,0,0,0,0,0,0,0,0,0,0,0,0,0,0,0,0
0,0,0,0,0,0,0,0,0,0,0,0,0,0,0,0,0,0,0,0,0
0,0,0,0,0,0,0,0,0,0,0,0,0,0,0,0,0,0,0,0,0
0,0,0,0,0,0,0,0,0,0,0,0,0,0,0,0,0,0,0,0,0
0,0,0,0,0,0,0,0,0,0,0,0,0,0,0,0,0,0,0,0,0
0,0,0,0,0,0,0,0,0,0,0,0,0,0,0,0,0,0,0,0,0
0,0,0,0,0,0,0,0,0,0,0,0,0,0,0,0,0,0,0,0,0
0,0,0,0,0,0,0,0,0,0,0,0,0,0,0,0,0,0,0,0,0
0,0,0,0,0,0,0,0,0,0,0,0,0,0,0,0,0,0,0,0,0
0,0,0,0,0,0,0,0,0,0,0,0,0,0,0,0,0,0,0,0,0
0,0,0,0,0,0,0,0,0,0,0,0,0,0,0,0,0,0,0,0,0
0,0,0,0,0,0,0,0,0,0,0,0,0,0,0,0,0,0,0,0,0
0,0,0,0,0,0,0,0,0,0,0,0,0,0,0,0,0,0,0,0,0
0,0,0,0,0,0,0,0,0,0,0,0,0,0,0,0,0,0,0,0,0
0,0,0,0,0,0,0,0,0,0,0,0,0,0,0,0,0,0,0,0,0
0,0,0,0,0,0,0,0,0,0,0,0,0,0,0,0,0,0,0,0,0
0,0,0,0,0,0,0,0,0,0,0,0,0,0,0,0,0,0,0,0,0
0,0,0,0,0,0,0,0,0,0,0,0,0,0,0,0,0,0,0,0,0
0,0,0,0,0,0,0,0,0,0,0,0,0,0,0,0,0,0,0,0,0
0,0,0,0,0,0,0,0,0,0,0,0,0,0,0,0,0,0,0,0,0
0,0,0,0,0,0,0,0,0,0,0,0,0,0,0,0,0,0,0,0,0
0,0,0,0,0,0,0,0,0,0,0,0,0,0,0,0,0,0,0,0,0
0,0,0,0,0,0,0,0,0,0,0,0,0,0,0,0,0,0,0,0,0
0,0,0,0,0,0,0,0,0,0,0,0,0,0,0,0,0,0,0,0,0
0,0,0,0,0,0,0,0,0,0,0,0,0,0,0,0,0,0,0,0,0
0,0,0,0,0,0,0,0,0,0,0,0,0,0,0,0,0,0,0,0,0
0,0,0,0,0,0,0,0,0,0,0,0,0,0,0,0,0,0,0,0,0
0,0,0,0,0,0,0,0,0,0,0,0,0,0,0,0,0,0,0,0,0
0,0,0,0,0,0,0,0,0,0,0,0,0,0,0,0,0,0,0,0,0
0,0,0,0,0,0,0,0,0,0,0,0,0,0,0,0,0,0,0,0,0
0,0,0,0,0,0,0,0,0,0,0,0,0,0,0,0,0,0,0,0,0
0,0,0,0,0,0,0,0,0,0,0,0,0,0,0,0,0,0,0,0,0
0,0,0,0,0,0,0,0,0,0,0,0,0,0,0,0,0,0,0,0,0
0,0,0,0,0,0,0,0,0,0,0,0,0,0,0,0,0,0,0,0,0
0,0,0,0,0,0,0,0,0,0,0,0,0,0,0,0,0,0,0,0,0
0,0,0,0,0,0,0,0,0,0,0,0,0,0,0,0,0,0,0,0,0
0,0,0,0,0,0,0,0,0,0,0,0,0,0,0,0,0,0,0,0,0
0,0,0,0,0,0,0,0,0,0,0,0,0,0,0,0,0,0,0,0,0
0,0,0,0,0,0,0,0,0,0,0,0,0,0,0,0,0,0,0,0,0
0,0,0,0,0,0,0,0,0,0,0,0,0,0,0,0,0,0,0,0,0
0,0,0,0,0,0,0,0,0,0,0,0,0,0,0,0,0,0,0,0,0
0,0,0,0,0,0,0,0,0,0,0,0,0,0,0,0,0,0,0,0,0
0,0,0,0,0,0,0,0,0,0,0,0,0,0,0,0,0,0,0,0,0
0,0,0,0,0,0,0,0,0,0,0,0,0,0,0,0,0,0,0,0,0
0,0,0,0,0,0,0,0,0,0,0,0,0,0,0,0,0,0,0,0,0
0,0,0,0,0,0,0,0,0,0,0,0,0,0,0,0,0,0,0,0,0
0,0,0,0,0,0,0,0,0,0,0,0,0,0,0,0,0,0,0,0,0
0,0,0,0,0,0,0,0,0,0,0,0,0,0,0,0,0,0,0,0,0
0,0,0,0,0,0,0,0,0,0,0,0,0,0,0,0,0,0,0,0,0
0,0,0,0,0,0,0,0,0,0,0,0,0,0,0,0,0,0,0,0,0
0,0,0,0,0,0,0,0,0,0,0,0,0,0,0,0,0,0,0,0,0
0,0,0,0,0,0,0,0,0,0,0,0,0,0,0,0,0,0,0,0,0
0,0,0,0,0,0,0,0,0,0,0,0,0,0,0,0,0,0,0,0,0
0,0,0,0,0,0,0,0,0,0,0,0,0,0,0,0,0,0,0,0,0
0,0,0,0,0,0,0,0,0,0,0,0,0,0,0,0,0,0,0,0,0
0,0,0,0,0,0,0,0,0,0,0,0,0,0,0,0,0,0,0,0,0
0,0,0,0,0,0,0,0,0,0,0,0,0,0,0,0,0,0,0,0,0
0,0,0,0,0,0,0,0,0,0,0,0,0,0,0,0,0,0,0,0,0
0,0,0,0,0,0,0,0,0,0,0,0,0,0,0,0,0,0,0,0,0
0,0,0,0,0,0,0,0,0,0,0,0,0,0,0,0,0,0,0,0,0
0,0,0,0,0,0,0,0,0,0,0,0,0,0,0,0,0,0,0,0,0
0,0,0,0,0,0,0,0,0,0,0,0,0,0,0,0,0,0,0,0,0
0,0,0,0,0,0,0,0,0,0,0,0,0,0,0,0,0,0,0,0,0
0,0,0,0,0,0,0,0,0,0,0,0,0,0,0,0,0,0,0,0,0
0,0,0,0,0,0,0,0,0,0,0,0,0,0,0,0,0,0,0,0,0
0,0,0,0,0,0,0,0,0,0,0,0,0,0,0,0,0,0,0,0,0
0,0,0,0,0,0,0,0,0,0,0,0,0,0,0,0,0,0,0,0,0
0,0,0,0,0,0,0,0,0,0,0,0,0,0,0,0,0,0,0,0,0
0,0,0,0,0,0,0,0,0,0,0,0,0,0,0,0,0,0,0,0,0
0,0,0,0,0,0,0,0,0,0,0,0,0,0,0,0,0,0,0,0,0
0,0,0,0,0,0,0,0,0,0,0,0,0,0,0,0,0,0,0,0,0
0,0,0,0,0,0,0,0,0,0,0,0,0,0,0,0,0,0,0,0,0
0,0,0,0,0,0,0,0,0,0,0,0,0,0,0,0,0,0,0,0,0
0,0,0,0,0,0,0,0,0,0,0,0,0,0,0,0,0,0,0,0,0
0,0,0,0,0,0,0,0,0,0,0,0,0,0,0,0,0,0,0,0,0
0,0,0,0,0,0,0,0,0,0,0,0,0,0,0,0,0,0,0,0,0
0,0,0,0,0,0,0,0,0,0,0,0,0,0,0,0,0,0,0,0,0
0,0,0,0,0,0,0,0,0,0,0,0,0,0,0,0,0,0,0,0,0
0,0,0,0,0,0,0,0,0,0,0,0,0,0,0,0,0,0,0,0,0
0,0,0,0,0,0,0,0,0,0,0,0,0,0,0,0,0,0,0,0,0
0,0,0,0,0,0,0,0,0,0,0,0,0,0,0,0,0,0,0,0,0
0,0,0,0,0,0,0,0,0,0,0,0,0,0,0,0,0,0,0,0,0
0,0,0,0,0,0,0,0,0,0,0,0,0,0,0,0,0,0,0,0,0
0,0,0,0,0,0,0,0,0,0,0,0,0,0,0,0,0,0,0,0,0
0,0,0,0,0,0,0,0,0,0,0,0,0,0,0,0,0,0,0,0,0
0,0,0,0,0,0,0,0,0,0,0,0,0,0,0,0,0,0,0,0,0
0,0,0,0,0,0,0,0,0,0,0,0,0,0,0,0,0,0,0,0,0
0,0,0,0,0,0,0,0,0,0,0,0,0,0,0,0,0,0,0,0,0
0,0,0,0,0,0,0,0,0,0,0,0,0,0,0,0,0,0,0,0,0
0,0,0,0,0,0,0,0,0,0,0,0,0,0,0,0,0,0,0,0,0
0,0,0,0,0,0,0,0,0,0,0,0,0,0,0,0,0,0,0,0,0
0,0,0,0,0,0,0,0,0,0,0,0,0,0,0,0,0,0,0,0,0
0,0,0,0,0,0,0,0,0,0,0,0,0,0,0,0,0,0,0,0,0
0,0,0,0,0,0,0,0,0,0,0,0,0,0,0,0,0,0,0,0,0
0,0,0,0,0,0,0,0,0,0,0,0,0,0,0,0,0,0,0,0,0
0,0,0,0,0,0,0,0,0,0,0,0,0,0,0,0,0,0,0,0,0
0,0,0,0,0,0,0,0,0,0,0,0,0,0,0,0,0,0,0,0,0
0,0,0,0,0,0,0,0,0,0,0,0,0,0,0,0,0,0,0,0,0
0,0,0,0,0,0,0,0,0,0,0,0,0,0,0,0,0,0,0,0,0
0,0,0,0,0,0,0,0,0,0,0,0,0,0,0,0,0,0,0,0,0
0,0,0,0,0,0,0,0,0,0,0,0,0,0,0,0,0,0,0,0,0
0,0,0,0,0,0,0,0,0,0,0,0,0,0,0,0,0,0,0,0,0
0,0,0,0,0,0,0,0,0,0,0,0,0,0,0,0,0,0,0,0,0
0,0,0,0,0,0,0,0,0,0,0,0,0,0,0,0,0,0,0,0,0
0,0,0,0,0,0,0,0,0,0,0,0,0,0,0,0,0,0,0,0,0
0,0,0,0,0,0,0,0,0,0,0,0,0,0,0,0,0,0,0,0,0
0,0,0,0,0,0,0,0,0,0,0,0,0,0,0,0,0,0,0,0,0
0,0,0,0,0,0,0,0,0,0,0,0,0,0,0,0,0,0,0,0,0
0,0,0,0,0,0,0,0,0,0,0,0,0,0,0,0,0,0,0,0,0
0,0,0,0,0,0,0,0,0,0,0,0,0,0,0,0,0,0,0,0,0
0,0,0,0,0,0,0,0,0,0,0,0,0,0,0,0,0,0,0,0,0
0,0,0,0,0,0,0,0,0,0,0,0,0,0,0,0,0,0,0,0,0
0,0,0,0,0,0,0,0,0,0,0,0,0,0,0,0,0,0,0,0,0
0,0,0,0,0,0,0,0,0,0,0,0,0,0,0,0,0,0,0,0,0
0,0,0,0,0,0,0,0,0,0,0,0,0,0,0,0,0,0,0,0,0
0,0,0,0,0,0,0,0,0,0,0,0,0,0,0,0,0,0,0,0,0
0,0,0,0,0,0,0,0,0,0,0,0,0,0,0,0,0,0,0,0,0
0,0,0,0,0,0,0,0,0,0,0,0,0,0,0,0,0,0,0,0,0
0,0,0,0,0,0,0,0,0,0,0,0,0,0,0,0,0,0,0,0,0
0,0,0,0,0,0,0,0,0,0,0,0,0,0,0,0,0,0,0,0,0
