71.61,0,25,29,24,17,19,12.527,0.22903,19,0,3150,7575,5250,7500,5400,7575,5250,7950,5250
58.44,5,25,29,24,17,19,10.714,2.5644,0,0,3150,7575,5250,7500,5400,7575,5250,7950,5250
59.16,10,26,32,24,17,19,1.9344,3.3063,0,0,3150,7650,5250,7500,5400,7650,5250,7950,5250
42.54,15,29,31,24,17,19,6.1366,1.4353,0,0,3150,7575,5250,7425,5325,7575,5250,7950,5250
58.08,20,26,30,24,17,19,10.015,0.59463,0,0,3150,7575,5250,7425,5325,7575,5250,7950,5250
58.32,25,26,33,24,17,19,14.062,1.5475,0,0,3150,7650,5325,7500,5400,7650,5325,8025,5325
42.66,30,29,31,24,17,19,1.6997,4.0796,327,0,3150,7575,5325,7575,5400,7650,5325,8025,5325
58.5,35,28,30,24,17,19,6.3413,3.4442,0,0,3150,7575,5325,7425,5400,7575,5325,7950,5325
58.32,40,27,32,24,17,19,9.522,0.94204,0,0,3150,7575,5325,7425,5400,7575,5325,7950,5325
42.57,45,28,31,24,17,19,4.7775,3.4817,0,0,3150,7575,5325,7500,5400,7575,5325,8025,5325
50.97,50,29,32,24,17,19,1.2708,3.3966,0,0,3150,7575,5250,7500,5400,7575,5250,8025,5325
58.86,55,26,32,24,17,19,6.238,1.64,0,0,3150,7575,5250,7500,5400,7575,5250,8025,5325
58.83,60,28,31,24,17,19,10.254,1.0532,163.5,0,3150,7575,5325,7500,5400,7575,5325,7950,5325
42.72,65,30,32,24,17,19,9.8434,2.6336,0,0,3150,7650,5250,7500,5400,7650,5250,7950,5250
58.35,70,27,31,24,17,19,1.6269,3.655,0,0,3150,7650,5250,7500,5400,7650,5250,7950,5250
58.5,75,29,30,24,17,19,5.5629,1.4606,0,0,3150,7650,5250,7500,5400,7650,5250,7950,5250
42.84,80,29,31,24,17,19,21.224,0.43054,0,0,3150,7575,5325,7500,5325,7575,5325,7950,5325
59.88,85,30,32,24,17,19,5.0331,2.1146,0,0,3150,7575,5250,7500,5400,7650,5250,7950,5250
58.41,90,27,32,24,17,19,3.791,3.5658,176,0,3150,7575,5250,7500,5400,7650,5250,7950,5250
59.1,95,29,30,24,17,19,2.1769,3.4539,0,0,3225,7575,5325,7500,5400,7575,5325,7950,5325
42.6,100,31,31,24,17,19,10.285,0.77124,0,0,3150,7650,5325,7500,5400,7650,5325,7950,5325
58.11,105,27,30,24,17,19,9.345,2.2621,0,0,3150,7650,5325,7500,5400,7650,5325,7950,5325
58.17,110,29,30,24,17,19,2.211,3.9005,0,0,3150,7575,5250,7500,5400,7575,5250,7950,5250
42.3,115,27,33,24,17,19,6.5868,1.7349,0,0,3150,7575,5250,7500,5400,7575,5250,7950,5250
58.47,120,30,31,24,17,19,10.145,0.58613,189,0,3150,7575,5250,7500,5400,7575,5250,7950,5250
58.35,125,28,31,24,17,19,10.954,2.6994,0,0,3150,7575,5250,7500,5400,7575,5250,7950,5250
42.21,130,29,31,24,17,19,2.0179,7.6094,0,0,3150,7575,5250,7425,5400,7575,5250,7950,5250
44.25,135,29,33,24,17,19,6.0711,1.3267,0,0,3150,7575,5325,7500,5400,7575,5325,7950,5325
58.74,140,27,32,24,17,19,9.9655,1.0111,0,0,3150,7575,5325,7500,5400,7575,5325,7950,5325
58.59,145,27,32,24,17,19,16.75,1.6084,0,0,3150,7650,5250,7500,5400,7650,5250,7950,5250
42.57,150,28,34,24,17,19,1.5214,4.4852,245.5,0,3150,7650,5250,7500,5400,7650,5250,8025,5325
58.2,155,27,32,24,17,19,6.2781,3.3701,0,0,3150,7575,5250,7500,5400,7575,5250,8025,5250
58.32,160,29,31,24,17,19,9.4924,0.98325,0,0,3150,7575,5250,7500,5400,7575,5250,8025,5250
42.36,165,29,31,24,17,19,3.4791,3.2358,0,0,3150,7575,5325,7500,5400,7575,5325,7950,5325
57.45,170,29,33,24,17,19,1.7165,3.9964,0,0,3150,7575,5250,7500,5400,7575,5250,7950,5250
58.95,175,28,32,24,17,19,6.1805,3.5064,0,0,3150,7575,5250,7500,5400,7575,5250,7950,5250
59.07,180,29,31,24,17,19,10.035,1.0875,819,0,3150,7575,5250,7425,5325,7575,5250,7950,5250
42.42,185,30,31,24,17,19,4.9953,2.971,0,0,3150,7575,5325,7500,5400,7575,5325,8025,5325
58.47,190,27,32,24,17,19,1.4995,3.4176,0,0,3150,7650,5250,7500,5400,7650,5250,7950,5250
58.59,195,27,33,24,17,19,4.2472,1.9571,0,0,3150,7650,5250,7500,5400,7650,5250,7950,5250
42.54,200,26,34,24,17,19,10.677,0.59013,0,0,3150,7575,5250,7500,5400,7575,5250,8025,5250
58.17,205,30,32,24,17,19,5.1726,2.3296,0,0,3150,7575,5250,7500,5400,7650,5250,7950,5250
58.02,210,27,33,24,17,19,2.2996,3.5605,230,0,3150,7575,5250,7500,5400,7650,5250,7950,5250
42.45,215,29,31,24,17,19,8.9194,1.3893,0,0,3150,7650,5250,7500,5400,7650,5250,8025,5250
42.48,220,28,34,24,17,19,10.34,0.61355,0,0,3150,7650,5325,7500,5400,7650,5325,7950,5325
58.44,225,29,32,24,17,19,9.74,2.8503,0,0,3150,7650,5325,7500,5400,7650,5325,7950,5325
58.23,230,27,33,24,17,19,2.1616,3.5966,0,0,3150,7650,5325,7500,5400,7650,5325,7950,5325
42.48,235,28,32,24,17,19,6.6091,1.6201,0,0,3150,7575,5325,7500,5400,7575,5325,7950,5325
58.29,240,29,34,24,17,19,20.542,0.65177,238.5,0,3150,7575,5325,7500,5400,7575,5325,8025,5325
58.05,245,29,31,24,17,19,5.4124,2.1538,0,0,3150,7575,5325,7500,5400,7575,5325,8025,5325
42.57,250,26,33,24,17,19,1.4978,7.3818,0,0,3150,7575,5325,7500,5400,7575,5325,7950,5325
43.74,255,30,32,24,17,19,6.1503,1.3973,0,0,3150,7650,5250,7500,5400,7650,5250,7950,5250
58.77,260,28,32,24,17,19,10.025,0.36813,0,0,3150,7650,5250,7500,5400,7650,5325,7950,5325
58.62,265,28,31,24,17,19,15.199,1.8118,0,0,3150,7650,5250,7500,5400,7650,5325,7950,5325
43.02,270,27,33,24,17,19,1.6771,4.0527,842,0,3150,7650,5325,7500,5325,7650,5325,7950,5325
58.29,275,29,33,24,17,19,6.3595,3.5195,0,0,3150,7575,5325,7500,5400,7575,5325,7950,5325
58.53,280,28,32,24,17,19,9.5866,0.46545,0,0,3150,7575,5325,7500,5400,7575,5325,7950,5325
42.63,285,27,33,24,17,19,5.4222,3.1516,0,0,3150,7575,5325,7500,5400,7575,5325,8025,5325
52.38,290,30,31,24,17,19,1.3016,3.47,0,0,3150,7650,5250,7575,5400,7650,5250,7950,5250
58.71,295,28,33,24,17,19,12.607,1.8947,0,0,3150,7650,5250,7500,5400,7650,5250,8025,5250
64.44,300,27,33,24,17,19,22.869,20.862,262.5,0,3150,7650,5250,7500,5400,7650,5250,8025,5250
58.38,305,26,33,24,17,19,91.478,39.179,0,0,3150,7575,5250,7500,5400,7575,5250,7950,5250
60.15,310,31,35,24,17,19,279.14,40.946,0,0,3150,7575,5250,7500,5400,7575,5250,7950,5250
67.71,315,31,35,24,17,19,96.304,37.474,0,0,3150,7650,5325,7500,5400,7650,5325,7950,5325
72.21,320,30,35,24,17,20,98.797,35.438,0,0,3150,7650,5325,7500,5400,7650,5325,7950,5325
72.15,325,31,36,24,17,20,189.55,39.412,0,0,3150,7650,5250,7500,5400,7575,5325,7950,5250
72.75,330,32,36,24,17,20,188.95,26,3841,1,3150,7575,5250,7500,5400,7575,5325,7950,5250
60.63,335,31,36,24,17,20,193.46,36.105,0,0,3150,7575,5250,7500,5400,7575,5250,7950,5250
61.14,340,34,36,24,18,20,94.219,49.532,0,0,3150,7575,5250,7425,5400,7575,5250,8025,5250
61.08,345,30,37,24,18,20,188.1,35.399,0,0,3150,7650,5325,7500,5400,7650,5325,7950,5325
60.69,350,33,36,24,18,20,284.57,37.256,0,0,3150,7575,5325,7500,5400,7575,5325,7950,5325
61.11,355,34,36,24,18,20,188.1,35.037,0,0,3150,7575,5325,7500,5400,7575,5325,8025,5325
61.02,360,33,38,24,18,20,190.63,73.838,364.5,0,3150,7650,5250,7500,5400,7650,5250,7950,5250
60.78,365,33,38,24,18,20,187.48,24.748,0,0,3150,7650,5325,7500,5400,7650,5250,7950,5325
61.05,370,34,34,24,18,21,285.71,35.412,0,0,3150,7575,5325,7500,5400,7575,5325,7950,5325
60.87,375,34,35,24,18,21,187.17,35.654,0,0,3150,7575,5325,7500,5400,7575,5325,8025,5325
60.87,380,35,34,24,18,21,188.47,51.307,0,0,3150,7575,5325,7500,5325,7575,5325,7950,5325
61.53,385,35,34,25,18,21,189.05,32.379,0,0,3150,7575,5325,7500,5400,7575,5325,7950,5325
60.72,390,32,38,25,18,20,289.97,35.931,337,0,3150,7575,5250,7500,5400,7575,5250,7950,5325
61.23,395,35,34,25,18,21,94.076,34.107,0,0,3150,7575,5325,7500,5400,7575,5325,7950,5325
61.02,400,32,39,25,18,21,94.153,74.911,0,0,3150,7650,5250,7500,5400,7650,5325,7950,5250
61.05,405,32,39,25,18,21,192.41,34.112,0,0,3150,7575,5250,7425,5400,7575,5250,7950,5250
61.11,410,32,39,25,18,21,284.2,33.993,0,0,3150,7650,5325,7500,5400,7650,5325,7950,5325
61.05,415,32,39,25,18,21,189.19,25.068,0,0,3150,7650,5325,7425,5400,7650,5325,7950,5325
61.2,420,32,40,25,18,21,93.442,72.299,350.5,0,3150,7575,5250,7500,5400,7575,5250,8025,5250
61.32,425,32,40,25,18,21,195.14,34.04,0,0,3150,7575,5250,7500,5400,7575,5250,7950,5250
66.93,430,32,40,25,18,21,283.22,37.665,0,0,3150,7575,5250,7500,5400,7575,5250,7950,5325
70.05,435,33,38,25,18,21,93.332,41.708,0,0,3150,7575,5325,7425,5400,7575,5325,7950,5325
73.32,440,36,39,25,18,21,97.623,72.099,0,0,3150,7575,5325,7500,5400,7575,5325,7950,5325
73.14,445,34,39,25,18,21,196.05,34.731,0,0,3150,7575,5250,7500,5400,7575,5250,7950,5250
72.87,450,33,40,25,18,21,281.14,39.534,364,0,3150,7575,5325,7500,5400,7575,5325,7950,5325
68.58,455,33,40,25,18,21,186.88,21.994,0,0,3150,7650,5250,7500,5400,7650,5250,7950,5250
68.61,460,34,37,25,18,21,97.177,70.029,0,0,3150,7575,5325,7500,5400,7575,5250,7950,5250
70.8,465,36,40,25,18,21,93.03,34.929,0,0,3150,7650,5250,7500,5400,7650,5250,7950,5325
72.87,470,33,40,25,18,21,377.46,39.948,0,0,3150,7575,5250,7425,5400,7575,5250,7950,5250
73.02,475,35,37,26,18,21,187.79,36.837,0,0,3150,7575,5250,7425,5325,7575,5250,7950,5250
70.53,480,36,36,26,18,21,189.68,74.611,378,0,3150,7650,5325,7500,5400,7650,5325,8025,5325
67.68,485,36,36,26,18,21,95.855,34.122,0,0,3150,7650,5250,7425,5400,7650,5250,8025,5250
68.58,490,33,39,26,18,21,280.82,39.697,0,0,3150,7575,5325,7500,5400,7575,5325,8025,5325
72.75,495,34,40,26,18,21,93.381,41.507,0,0,3150,7575,5250,7500,5400,7575,5250,7950,5250
72.9,500,34,41,26,18,21,187.09,72.162,0,0,3150,7575,5250,7425,5325,7575,5250,7875,5250
72.87,505,33,40,26,18,21,194.52,0.63579,0,0,3150,7650,5250,7500,5325,7650,5250,7950,5325
73.32,510,35,38,26,18,21,283.01,39.689,391,0,3150,7575,5250,7425,5400,7575,5250,7950,5250
68.37,515,35,37,26,18,21,93.249,19.557,0,0,3150,7575,5325,7500,5400,7575,5325,7950,5325
67.2,520,32,40,26,18,21,193.32,71.21,0,0,3150,7650,5325,7425,5400,7650,5325,7950,5325
72.99,525,36,40,26,18,21,94.585,35.544,0,0,3150,7575,5325,7425,5400,7575,5325,7950,5325
72.84,530,36,39,26,18,21,189.16,8.6805,0,0,3150,7575,5250,7425,5400,7575,5250,7950,5325
73.02,535,34,39,26,18,21,187.86,41.523,0,0,3150,7575,5325,7500,5325,7575,5325,7950,5325
73.35,540,33,39,26,18,21,193.08,74.49,1006,0,3150,7575,5250,7500,5400,7575,5250,7950,5325
69.93,545,36,37,26,18,21,97.395,15.712,0,0,3150,7650,5325,7500,5400,7650,5325,7950,5325
69.09,550,36,36,26,18,21,279.64,41.234,0,0,3150,7575,5250,7500,5400,7575,5250,7950,5250
63.72,555,37,39,26,18,21,93.092,41.285,0,0,3150,7575,5250,7500,5400,7575,5250,7950,5250
73.08,560,36,39,26,18,21,190.06,36.678,0,0,3150,7650,5250,7500,5400,7575,5250,7950,5250
73.11,565,35,39,26,18,21,195.22,0.62853,0,0,3150,7575,5250,7500,5400,7575,5250,7950,5250
73.2,570,33,40,26,18,21,283.35,39.785,592,0,3150,7650,5250,7500,5400,7650,5250,8025,5250
72.84,575,36,39,26,18,21,93.939,17.235,0,0,3150,7575,5325,7500,5400,7575,5325,8025,5325
60.42,580,36,39,26,18,21,96.93,72.609,0,0,3150,7575,5325,7500,5400,7575,5325,7950,5325
60.39,585,36,38,26,18,21,93.79,39.727,0,0,3150,7575,5250,7500,5400,7575,5250,7950,5250
61.92,590,36,38,26,18,21,375.76,42.246,0,0,3150,7575,5250,7500,5400,7575,5250,7950,5250
72.96,595,36,38,26,19,21,191.64,37.299,0,0,3150,7575,5325,7500,5400,7650,5325,7950,5250
73.23,600,35,40,27,19,21,94.896,71.437,420.5,0,3150,7575,5325,7500,5400,7575,5325,7950,5325
72.9,605,36,38,27,19,21,192.22,39.924,0,0,3150,7650,5250,7500,5400,7650,5250,8025,5250
73.05,610,37,38,27,19,21,187.76,18.746,0,0,3150,7575,5250,7500,5400,7575,5250,7950,5250
61.02,615,35,39,27,19,21,95.307,34.059,0,0,3150,7575,5250,7425,5400,7575,5250,7950,5250
60.96,620,33,40,27,19,21,95.041,38.669,0,0,3150,7650,5325,7500,5400,7650,5325,7950,5250
60.78,625,32,40,27,19,21,186.6,41.55,0,0,3150,7650,5250,7500,5325,7650,5250,8025,5325
61.38,630,33,40,27,18,21,191.02,37.487,418,0,3150,7575,5325,7500,5400,7575,5325,7950,5325
60.99,635,33,40,27,18,21,190.81,34.188,0,0,3150,7650,5325,7500,5400,7650,5325,8025,5250
60.93,640,34,40,27,18,21,94.684,67.162,0,0,3150,7650,5250,7500,5325,7650,5250,7950,5325
61.38,645,36,38,27,18,21,188.57,42,0,0,3150,7575,5250,7500,5400,7575,5250,7950,5325
60.57,650,36,38,27,19,21,377.95,37.903,0,0,3150,7575,5250,7500,5400,7575,5325,8025,5325
60.78,655,37,35,27,19,21,189.48,35.533,0,0,3150,7575,5250,7500,5400,7575,5250,8025,5325
61.32,660,33,39,27,19,21,191.27,65.283,424.5,0,3150,7575,5250,7500,5400,7575,5250,7950,5325
61.44,665,33,40,27,19,21,93.805,41.617,0,0,3150,7650,5325,7500,5400,7575,5325,7950,5250
60.93,670,33,40,27,19,21,284.02,35.129,0,0,3150,7650,5325,7425,5400,7650,5325,7950,5325
60.69,675,36,37,27,19,21,196.27,35.626,0,0,3150,7650,5250,7500,5400,7650,5250,7950,5325
61.05,680,34,40,27,19,21,93.482,57.624,0,0,3150,7575,5250,7425,5400,7575,5250,7950,5250
61.2,685,33,40,27,19,21,94.354,39.284,0,0,3150,7650,5325,7500,5400,7650,5325,8025,5250
61.68,690,32,40,27,19,21,189.98,34.971,430,0,3225,7575,5325,7500,5400,7575,5325,7950,5325
60.63,695,36,37,27,19,21,197.21,35.54,0,0,3150,7575,5325,7500,5400,7575,5325,7950,5325
61.53,700,33,40,27,19,22,95.872,74.394,0,0,3150,7650,5325,7500,5400,7650,5325,7950,5250
60.69,705,36,37,27,19,22,186.94,41.92,0,0,3150,7575,5325,7500,5400,7575,5325,7950,5250
60.93,710,36,38,27,19,21,378,37.109,0,0,3150,7650,5325,7500,5400,7650,5325,7950,5250
60.75,715,37,38,27,19,21,97.52,36.157,0,0,3150,7575,5325,7500,5400,7575,5325,7950,5250
61.05,720,37,35,27,19,21,94.749,20.198,477.5,0,3150,7650,5325,7500,5325,7650,5325,7950,5250
60.78,725,37,36,27,19,21,93.359,42.042,0,0,3150,7650,5325,7500,5400,7650,5325,7950,5250
61.17,730,33,40,27,19,21,281.79,35.235,0,0,3150,7650,5325,7500,5400,7650,5325,7950,5250
61.17,735,34,40,27,19,21,192.35,34.814,0,0,3150,7575,5325,7500,5400,7575,5325,7950,5325
60.72,740,37,37,27,19,21,94.624,70.994,0,0,3150,7575,5250,7500,5400,7575,5250,8025,5250
60.87,745,37,36,27,19,21,93.573,39.709,0,0,3150,7575,5325,7500,5400,7575,5325,7950,5250
61.44,750,33,40,27,19,21,283.85,37.413,446,0,3150,7575,5250,7500,5400,7575,5250,8025,5325
60.6,755,36,36,27,19,21,194.26,35.658,0,0,3150,7650,5325,7500,5400,7650,5250,8025,5250
60.87,760,37,36,27,19,21,190.4,64.003,0,0,3150,7575,5250,7425,5325,7575,5250,7950,5250
61.14,765,35,39,27,19,21,93,15.833,0,0,3150,7575,5250,7500,5400,7575,5250,7950,5325
60.9,770,37,38,27,19,21,285.98,36.771,0,0,3150,7575,5250,7500,5400,7575,5250,7950,5250
61.26,775,33,40,27,19,21,187.63,33.967,0,0,3150,7650,5250,7500,5400,7650,5250,7950,5250
61.2,780,33,40,27,19,22,95.069,62.213,452.5,0,3150,7575,5325,7500,5400,7575,5325,7950,5325
61.5,785,33,40,27,19,22,93.545,34.017,0,0,3150,7575,5325,7425,5400,7575,5325,7950,5325
61.23,790,36,36,27,19,22,283.39,38.207,0,0,3150,7575,5250,7500,5400,7575,5250,8025,5250
60.57,795,37,37,27,19,22,193.38,35.603,0,0,3150,7575,5325,7500,5400,7575,5325,7950,5250
60.51,800,37,38,27,19,22,191.12,69.869,0,0,3150,7650,5325,7425,5400,7575,5325,7950,5325
60.72,805,34,40,28,19,22,93.215,35.465,0,0,3150,7575,5325,7500,5400,7650,5325,8025,5325
61.02,810,37,36,28,19,22,286.95,33.485,459,0,3150,7575,5325,7500,5400,7575,5325,7950,5250
61.26,815,34,39,28,19,21,190.42,35.024,0,0,3225,7650,5325,7500,5400,7650,5325,8025,5250
61.2,820,34,40,28,19,22,94.577,74.121,0,0,3150,7650,5325,7500,5400,7575,5325,7950,5250
60.96,825,37,37,28,19,22,186.57,16.912,0,0,3150,7650,5325,7500,5400,7575,5325,7950,5250
60.99,830,35,40,28,19,22,189.35,39.136,0,0,3150,7575,5325,7500,5400,7575,5250,7950,5250
61.17,835,33,40,28,19,22,194.4,34.562,0,0,3150,7575,5250,7500,5400,7575,5250,7950,5250
60.93,840,37,36,28,19,22,191.87,74.701,469,0,3150,7650,5325,7500,5325,7650,5325,8025,5325
60.69,845,37,36,28,19,22,188.12,42.453,0,0,3150,7575,5325,7500,5400,7575,5325,7950,5250
60.66,850,38,36,28,19,22,284.8,38.051,0,0,3150,7650,5325,7500,5400,7650,5325,8025,5325
60.96,855,38,37,28,19,22,98.161,31.085,0,0,3150,7575,5250,7500,5400,7575,5250,7950,5250
61.2,860,34,40,28,19,22,94.385,62.479,0,0,3150,7650,5250,7500,5400,7650,5325,8025,5250
61.35,865,33,40,28,19,22,188.8,24.876,0,0,3150,7650,5325,7500,5400,7650,5325,7950,5325
61.65,870,34,40,28,19,22,190.9,37.629,474.5,0,3150,7650,5250,7500,5400,7650,5250,7950,5250
61.41,875,33,41,28,19,22,189.32,35.178,0,0,3150,7650,5325,7500,5400,7650,5325,8025,5250
60.84,880,37,38,28,19,22,190.77,74.339,0,0,3150,7575,5250,7500,5400,7575,5250,7950,5325
61.05,885,34,40,28,19,22,92.79,40.332,0,0,3150,7650,5325,7500,5400,7650,5325,8025,5250
60.99,890,34,40,28,19,22,284.91,34.037,0,0,3150,7575,5325,7500,5400,7575,5325,7950,5250
61.2,895,33,41,28,19,22,95.987,35.04,0,0,3150,7650,5325,7500,5400,7650,5325,8025,5325
61.23,900,33,41,28,19,22,188.16,55.489,481.5,0,3150,7650,5250,7500,5400,7650,5250,8025,5325
60.75,905,37,37,28,19,22,188.99,37.201,0,0,3150,7650,5325,7500,5400,7650,5325,7950,5325
61.29,910,34,39,28,19,22,191.75,35.049,0,0,3150,7650,5250,7500,5400,7650,5250,7950,5325
61.11,915,33,40,28,19,22,187.78,34.16,0,0,3150,7650,5250,7500,5400,7650,5250,8025,5325
61.26,920,33,41,28,19,22,188.72,75.525,0,0,3150,7575,5250,7500,5400,7575,5250,8025,5325
61.26,925,33,41,28,19,22,93.201,37.431,0,0,3150,7575,5325,7500,5400,7575,5325,8025,5325
61.38,930,36,37,28,19,22,292.22,36.005,490.5,0,3150,7575,5325,7500,5400,7575,5325,7950,5325
61.02,935,37,37,28,19,22,92.982,35.784,0,0,3150,7650,5325,7500,5400,7650,5325,7950,5325
61.17,940,37,36,28,19,22,187.88,81.699,0,0,3225,7650,5325,7500,5400,7650,5325,8025,5250
60.87,945,37,36,28,19,22,185.85,1.1939,0,0,3150,7575,5250,7575,5400,7575,5250,7950,5325
60.87,950,37,37,28,19,22,387.33,35.204,0,0,3150,7650,5325,7500,5325,7650,5325,7950,5250
61.29,955,34,40,28,19,22,189.28,34.01,0,0,3150,7575,5250,7500,5400,7575,5250,7950,5325
60.87,960,37,36,28,19,22,188.46,81.531,497,0,3150,7650,5250,7500,5400,7575,5250,8025,5325
61.47,965,34,40,28,19,22,93.461,37.698,0,0,3150,7650,5250,7575,5400,7650,5250,8025,5325
61.17,970,37,37,28,19,22,289.94,35.939,0,0,3150,7575,5325,7500,5400,7575,5325,7950,5250
61.02,975,37,37,28,20,22,93.651,35.304,0,0,3150,7650,5250,7500,5400,7650,5250,7950,5325
61.47,980,35,40,28,20,22,186.37,14.888,0,0,3150,7650,5325,7500,5400,7650,5325,8025,5250
61.5,985,34,41,28,20,22,93.35,4.1028,0,0,3150,7650,5325,7500,5400,7650,5325,8025,5325
61.26,990,37,37,28,20,22,190.75,35.97,548,0,3225,7650,5250,7500,5400,7650,5250,7950,5325
61.2,995,37,36,28,20,22,189.14,35.658,0,0,3150,7650,5325,7500,5400,7650,5325,7950,5325
61.56,1000,34,40,28,20,22,93.205,71.794,0,0,3150,7575,5325,7500,5400,7575,5325,7950,5325
61.08,1005,37,36,28,20,22,186.15,36.063,0,0,3150,7650,5325,7500,5400,7650,5325,7950,5325
61.2,1010,37,36,28,20,22,290.29,35.363,0,0,3150,7650,5325,7500,5400,7575,5325,8025,5250
61.05,1015,38,36,28,20,22,190.44,35.629,0,0,3150,7650,5325,7500,5400,7650,5325,8025,5250
61.32,1020,38,37,28,20,22,187.43,75.849,509.5,0,3150,7575,5250,7500,5400,7575,5250,8025,5325
61.38,1025,35,40,28,20,22,186.97,28.339,0,0,3150,7650,5250,7500,5400,7650,5250,8025,5325
60.81,1030,38,36,28,20,22,191.19,21.344,0,0,3150,7575,5325,7500,5325,7575,5325,7950,5250
60.99,1035,38,36,28,20,22,93.208,37.598,0,0,3150,7575,5325,7500,5400,7575,5325,8025,5250
66.21,1040,38,37,28,20,22,187.81,79.989,0,0,3150,7650,5325,7500,5400,7650,5325,8025,5325
61.29,1045,36,40,28,20,22,194.56,35.286,0,0,3150,7650,5250,7500,5325,7650,5250,7950,5325
61.11,1050,38,37,28,20,22,381.93,35.724,1118.5,0,3150,7575,5250,7500,5400,7575,5250,8025,5325
61.14,1055,38,36,28,20,22,93.97,40.06,0,0,3225,7575,5250,7575,5400,7575,5250,8025,5325
61.41,1060,35,40,28,20,22,187.95,76.794,0,0,3150,7575,5250,7500,5400,7575,5250,8025,5325
72.54,1065,35,40,28,20,22,97.264,35.134,0,0,3150,7575,5250,7500,5400,7575,5325,8025,5250
72.39,1070,37,41,28,20,22,281.3,39.706,0,0,3225,7575,5325,7500,5400,7650,5325,8025,5250
71.91,1075,37,40,28,20,22,188.72,40.917,0,0,3150,7650,5250,7500,5400,7650,5250,8025,5325
73.14,1080,37,41,28,20,22,95.398,41.048,522.5,0,3150,7650,5250,7500,5400,7650,5250,7950,5325
73.14,1085,36,42,28,20,22,96.719,25.351,0,0,3150,7575,5250,7500,5400,7575,5250,8025,5325
73.17,1090,37,41,28,20,23,223.29,39.457,0,0,3150,7650,5325,7500,5400,7575,5325,8025,5250
60.06,1095,33,37,28,20,22,0.56447,3.7334,0,0,3150,7650,5325,7500,5400,7575,5325,8025,5250
59.7,1100,34,37,28,20,22,8.6914,1.9889,0,0,3150,7650,5325,7425,5400,7650,5325,7950,5250
59.1,1105,34,40,28,20,22,13.712,0.34588,0,0,3150,7575,5250,7500,5400,7575,5325,7950,5325
58.92,1110,34,35,28,19,22,6.476,2.4783,993,0,3225,7650,5325,7575,5400,7650,5325,8025,5250
60.27,1115,34,35,28,19,22,2.3506,6.9699,0,0,3150,7650,5250,7500,5400,7650,5250,8025,5325
42.96,1120,33,34,28,19,22,10.187,0.24704,0,0,3150,7650,5250,7500,5400,7650,5250,7950,5325
58.5,1125,31,37,28,19,22,4.4648,2.7207,0,0,3150,7650,5325,7500,5400,7650,5325,8025,5250
58.92,1130,31,34,28,19,22,3.9825,3.2316,0,0,3150,7575,5325,7500,5400,7575,5325,8025,5250
42.84,1135,31,34,28,19,22,7.5812,1.3675,0,0,3150,7575,5250,7500,5325,7575,5250,8025,5325
58.56,1140,32,34,28,19,22,10.396,0.75447,501.5,0,3150,7575,5325,7500,5400,7575,5325,7950,5325
58.32,1145,32,34,28,19,21,5.1068,2.9459,0,0,3150,7650,5325,7500,5400,7650,5325,8025,5325
59.52,1150,31,33,28,19,21,3.7281,3.8872,0,0,3150,7575,5250,7500,5400,7650,5250,8025,5325
42.54,1155,31,33,28,19,21,6.4971,1.1402,0,0,3150,7650,5325,7500,5400,7650,5325,7950,5250
58.68,1160,31,34,28,19,21,9.9931,1.0863,0,0,3150,7650,5250,7500,5400,7650,5250,7950,5325
58.68,1165,30,33,28,19,21,5.1901,2.8097,0,0,3225,7650,5325,7500,5400,7650,5325,8025,5250
42.66,1170,30,33,28,19,21,2.3477,3.8075,1109,0,3150,7575,5250,7575,5400,7575,5250,8025,5325
54.24,1175,31,33,28,19,21,6.7989,1.8672,0,0,3150,7650,5250,7500,5400,7650,5250,8025,5325
58.29,1180,31,33,28,19,21,9.4955,1.2342,0,0,3150,7650,5325,7500,5400,7650,5325,7950,5325
58.35,1185,31,32,28,19,21,14.353,0.96405,0,0,3150,7575,5250,7500,5400,7575,5250,7950,5325
42.6,1190,31,32,28,19,21,1.6252,4.0805,0,0,3150,7575,5250,7500,5400,7575,5250,8025,5325
58.35,1195,31,35,28,19,21,6.6021,1.1749,0,0,3225,7650,5325,7500,5400,7650,5325,8025,5250
59.1,1200,29,32,27,19,21,9.7753,0.91665,1117.5,0,3150,7650,5325,7575,5400,7650,5325,8025,5250
42.51,1205,29,32,27,19,21,1.7894,4.4918,0,0,3150,7650,5250,7500,5400,7650,5250,8025,5325
46.38,1210,31,32,27,19,21,1.8355,4.6422,0,0,3150,7650,5250,7500,5400,7650,5325,8025,5325
58.68,1215,31,33,27,19,21,6.2267,1.5481,0,0,3150,7650,5325,7500,5400,7650,5325,7950,5250
58.38,1220,30,32,27,19,21,9.6274,0.96295,0,0,3225,7650,5325,7500,5400,7650,5325,8025,5325
42.63,1225,30,32,27,19,21,4.7033,2.371,0,0,3150,7650,5325,7500,5400,7650,5325,8025,5325
58.35,1230,32,33,27,19,21,3.6535,3.8661,560.5,0,3150,7650,5250,7500,5400,7650,5250,8025,5325
58.2,1235,29,32,27,19,21,6.3394,1.6786,0,0,3150,7575,5325,7500,5400,7575,5250,7950,5325
42.54,1240,30,32,27,19,21,18.112,1.239,0,0,3150,7650,5325,7500,5400,7650,5325,8025,5250
42.54,1245,30,32,27,19,21,8.5629,2.4894,0,0,3150,7650,5325,7575,5400,7650,5325,7950,5250
58.2,1250,30,35,27,19,21,3.6228,4.4568,0,0,3150,7650,5250,7500,5400,7650,5250,8025,5325
58.68,1255,29,32,27,19,21,5.7846,3.8502,0,0,3150,7650,5325,7500,5400,7650,5325,7950,5250
42.72,1260,29,32,27,19,21,10.791,0.89426,516.5,0,3150,7575,5325,7500,5325,7575,5325,7950,5325
58.74,1265,32,32,27,19,21,4.8371,2.1813,0,0,3150,7575,5325,7500,5400,7575,5325,8025,5325
58.11,1270,28,31,27,19,21,3.4249,3.8253,0,0,3150,7575,5325,7500,5400,7650,5325,8025,5325
42.63,1275,28,31,27,19,21,9.4168,0.31023,0,0,3150,7575,5250,7500,5400,7575,5250,8025,5325
42.57,1280,28,31,27,19,21,9.4377,2.9378,0,0,3150,7650,5325,7500,5400,7650,5325,8025,5250
42.54,1285,28,31,27,19,21,2.8816,7.548,0,0,3150,7650,5325,7500,5400,7650,5325,8025,5325
42.33,1290,28,31,27,19,21,5.214,2.7246,523,0,3150,7650,5250,7500,5400,7650,5250,8025,5325
42.72,1295,28,31,27,19,21,10.931,0.3805,0,0,3150,7575,5325,7500,5400,7575,5325,7950,5250
42.45,1300,28,31,27,19,21,4.5136,3.1392,0,0,3225,7650,5325,7500,5400,7575,5325,8025,5250
42.54,1305,28,31,27,19,21,2.0959,4.2767,0,0,3150,7575,5250,7500,5400,7575,5250,8025,5325
42.6,1310,28,31,27,19,21,8.2846,1.1777,0,0,3150,7575,5250,7500,5400,7575,5250,8025,5325
42.63,1315,28,31,26,19,21,10.218,0.77392,0,0,3150,7650,5325,7500,5400,7575,5325,7950,5325
42.42,1320,28,31,26,19,21,5.0939,5.4622,527.5,0,3150,7575,5250,7500,5400,7575,5250,8025,5325
42.42,1325,28,31,26,19,21,0.777,7.5213,0,0,3225,7650,5325,7425,5325,7575,5325,8025,5250
42.21,1330,28,31,26,19,21,7.6051,1.7701,0,0,3150,7650,5250,7500,5400,7650,5250,7950,5325
42.18,1335,28,31,26,19,21,9.7352,0.42121,0,0,3150,7575,5325,7500,5400,7575,5325,7950,5250
42.12,1340,28,31,26,19,21,8.0711,2.0887,0,0,3150,7650,5250,7500,5325,7650,5250,7950,5325
42.18,1345,28,31,26,19,21,0.7667,3.8373,0,0,3150,7575,5325,7500,5400,7575,5325,8025,5250
42.21,1350,28,31,26,19,21,7.567,1.7984,534,0,3150,7650,5325,7575,5400,7575,5325,7950,5325
42.09,1355,28,31,26,19,21,9.8904,0.66951,0,0,3150,7650,5250,7500,5325,7575,5250,7950,5325
42.12,1360,28,31,26,19,21,8.5414,2.7637,0,0,3150,7650,5250,7425,5400,7575,5250,8025,5325
42.03,1365,28,31,26,19,21,0.75702,3.5012,0,0,3150,7650,5250,7500,5400,7575,5250,7950,5325
41.94,1370,28,31,26,19,21,6.994,3.3171,0,0,3150,7575,5250,7500,5400,7650,5250,7950,5325
41.91,1375,28,32,26,19,21,10.932,0.39719,0,0,3150,7650,5325,7500,5400,7575,5325,8025,5250
42.03,1380,28,32,26,19,21,5.0247,3.0895,539.5,0,3150,7650,5325,7500,5400,7575,5325,8025,5325
42.15,1385,28,31,26,19,21,1.457,4.3734,0,0,3150,7650,5250,7500,5400,7575,5250,8025,5325
42.12,1390,28,31,26,19,21,3.8208,2.788,0,0,3150,7575,5250,7500,5400,7575,5250,8025,5325
42.6,1395,28,31,26,19,21,10.325,0.15096,0,0,3150,7650,5325,7500,5400,7650,5325,7950,5325
42.48,1400,28,31,26,19,21,4.9434,2.5832,0,0,3150,7575,5250,7500,5400,7575,5250,7950,5325
42.39,1405,28,31,26,19,21,3.313,4.0432,0,0,3225,7650,5250,7500,5400,7650,5250,7950,5325
42.09,1410,28,31,26,19,21,14.909,1.3438,588.5,0,3150,7575,5325,7500,5400,7575,5325,8025,5325
42.15,1415,28,31,26,19,21,10.275,0.59476,0,0,3150,7650,5250,7500,5400,7650,5250,8025,5250
42.06,1420,28,31,26,19,21,4.7514,3.3963,0,0,3225,7575,5250,7500,5325,7650,5250,8025,5250
42.21,1425,28,31,26,19,21,0.1947,4.2817,0,0,3150,7650,5325,7500,5400,7575,5325,7950,5325
42.12,1430,28,31,26,19,21,8.0755,1.3674,0,0,3150,7650,5325,7500,5400,7650,5325,8025,5325
42.21,1435,28,31,26,19,21,10.044,0.29824,0,0,3150,7650,5250,7500,5325,7650,5325,7950,5325
42.06,1440,28,31,26,19,21,18.557,1.1496,551,0,3225,7575,5325,7500,5400,7575,5250,7950,5325
41.88,1445,28,31,26,19,21,0.8114,3.567,0,0,3150,7575,5250,7500,5400,7575,5325,7950,5250
42.03,1450,28,31,26,19,21,7.4645,1.7312,0,0,3150,7575,5250,7500,5400,7575,5325,8025,5250
42.09,1455,28,31,26,18,21,9.4666,0.29149,0,0,3150,7575,5325,7500,5400,7575,5250,8025,5325
42.18,1460,28,31,26,18,21,4.6804,2.8749,0,0,3150,7650,5325,7500,5400,7650,5325,7950,5325
42.09,1465,28,31,26,18,21,1.3342,3.615,0,0,3150,7575,5250,7500,5400,7575,5250,8025,5250
42.06,1470,27,31,26,18,21,7.1333,1.8926,556.5,0,3150,7650,5250,7500,5400,7650,5250,7950,5250
42.21,1475,28,31,26,18,21,10.478,0.42608,0,0,3150,7650,5250,7425,5400,7650,5250,7950,5250
42.09,1480,28,31,26,18,21,4.4782,2.6957,0,0,3150,7575,5250,7500,5400,7575,5325,8025,5250
42.06,1485,28,31,26,18,21,1.0032,3.455,0,0,3150,7650,5325,7500,5400,7650,5325,8025,5325
42.15,1490,27,31,26,18,21,10.797,0.47759,0,0,3150,7650,5250,7500,5400,7650,5250,8025,5325
42.15,1495,28,31,26,18,21,4.7363,0.33875,0,0,3150,7650,5250,7500,5400,7650,5250,7950,5325
42.15,1500,27,31,26,18,21,3.2506,6.2582,557.5,0,3150,7575,5250,7500,5400,7575,5250,7950,5325
42.12,1505,27,31,26,18,21,0.74332,2.4794,0,0,3150,7575,5250,7500,5400,7575,5250,7950,5325
41.97,1510,28,31,26,18,21,14.469,0.28576,0,0,3150,7650,5325,7500,5400,7650,5325,7950,5325
41.97,1515,28,31,26,18,21,4.4354,0.20008,0,0,3225,7575,5325,7500,5325,7575,5325,7950,5250
41.88,1520,28,31,26,18,21,1.5416,6.4701,0,0,3150,7575,5250,7425,5400,7575,5250,7950,5325
42.15,1525,28,31,26,18,21,0.74852,0.84649,0,0,3150,7650,5250,7500,5400,7575,5250,7950,5250
42.3,1530,27,31,26,18,21,19.717,0.46776,1150.5,0,3150,7650,5325,7500,5325,7575,5250,7950,5250
42.03,1535,27,31,26,18,21,10.211,0.51508,0,0,3150,7650,5325,7425,5400,7575,5325,7950,5325
42.15,1540,27,31,26,18,21,1.3239,6.4993,0,0,3150,7650,5325,7500,5400,7575,5325,7950,5325
42.15,1545,27,31,26,18,21,0.20932,1.2043,0,0,3150,7650,5325,7500,5400,7575,5325,7950,5325
41.97,1550,27,31,26,18,21,16.926,0.44627,0,0,3225,7575,5250,7425,5400,7575,5250,7950,5250
41.91,1555,27,31,25,18,21,12.181,0.31409,0,0,3150,7575,5250,7425,5400,7575,5250,7950,5250
42.12,1560,27,31,25,18,21,0.77818,6.2976,601.5,0,3150,7650,5325,7500,5400,7575,5325,7950,5325
42.12,1565,27,31,25,18,20,0.8022,3.3323,0,0,3150,7575,5250,7500,5400,7575,5250,7950,5325
42.21,1570,27,31,25,18,20,16.271,0.65485,0,0,3150,7650,5250,7500,5400,7575,5250,7950,5250
42.09,1575,27,32,25,18,20,2.6588,0.2091,0,0,3150,7650,5250,7500,5400,7575,5250,8025,5250
42,1580,28,31,25,18,20,0.71716,5.319,0,0,3150,7575,5325,7425,5400,7500,5325,7950,5325
42.36,1585,27,31,25,18,20,6.6341,0.58413,0,0,3150,7575,5325,7500,5400,7575,5325,7950,5250
42.06,1590,27,31,25,18,20,18.574,0.33187,1168,0,3150,7575,5325,7500,5400,7500,5325,7950,5250
42.27,1595,27,32,25,18,20,1.3843,1.2985,0,0,3150,7575,5250,7425,5400,7575,5250,7950,5250
42.15,1600,27,32,25,18,20,0.79955,5.9991,0,0,3150,7575,5250,7425,5400,7575,5250,7950,5325
42,1605,27,31,25,18,20,5.9781,0.20062,0,0,3225,7650,5325,7425,5400,7500,5250,7950,5325
42.24,1610,27,32,25,18,20,14.229,0.39413,0,0,3150,7650,5325,7500,5400,7575,5325,7950,5250
42.09,1615,27,31,25,18,20,1.2127,2.9482,0,0,3150,7650,5325,7500,5400,7500,5325,7950,5250
41.94,1620,27,31,25,18,20,0.98676,5.407,618.5,0,3225,7650,5325,7500,5400,7575,5325,7950,5250
42.27,1625,30,32,25,18,20,6.1706,0.38827,0,0,3150,7575,5250,7500,5325,7575,5250,7950,5250
42.03,1630,27,32,25,18,20,14.861,0.47325,0,0,3150,7650,5325,7425,5400,7575,5325,7950,5325
41.97,1635,27,31,25,18,20,0.97176,2.4489,0,0,3150,7575,5325,7500,5400,7575,5325,7950,5325
42.03,1640,27,31,25,17,20,0.69102,9.1586,0,0,3150,7575,5325,7500,5400,7575,5325,7950,5250
42.15,1645,28,31,25,17,20,3.2634,0.15788,0,0,3150,7650,5325,7425,5400,7575,5325,7950,5250
41.97,1650,27,31,25,17,20,16.385,0.18593,711.5,0,3150,7650,5250,7500,5400,7575,5250,7950,5250
42.06,1655,27,31,25,17,20,3.1822,2.4571,0,0,3150,7650,5325,7500,5400,7575,5325,7950,5250
42.06,1660,28,31,25,17,20,0.40045,6.4136,0,0,3150,7575,5325,7425,5400,7650,5250,7950,5325
42.21,1665,27,31,25,17,20,6.4724,0.16637,0,0,3150,7650,5250,7500,5400,7575,5250,7950,5325
42.06,1670,27,31,25,17,20,21.051,0.27626,0,0,3150,7650,5250,7425,5400,7575,5250,7950,5325
42.06,1675,30,32,25,17,20,0.66812,1.8485,0,0,3150,7650,5325,7500,5400,7575,5250,7950,5250
42.18,1680,27,32,25,17,20,1.1053,10.025,717,0,3225,7650,5250,7500,5400,7575,5250,7950,5325
42.06,1685,26,31,25,17,20,6.6015,0.88621,0,0,3150,7650,5250,7500,5400,7575,5250,7950,5325
42.09,1690,27,31,25,17,20,25.842,0.33291,0,0,3150,7650,5325,7425,5400,7575,5325,7950,5250
42,1695,0,0,0,0,0,0.32813,1.5829,0,0,0,0,0,0,0,0,0,0,0
41.97,1700,0,0,0,0,0,0.77098,5.7222,0,0,0,0,0,0,0,0,0,0,0
NaN,0,0,0,0,0,0,0,0,0,0,0,0,0,0,0,0,0,0,0
0,0,0,0,0,0,0,0,0,0,0,0,0,0,0,0,0,0,0,0
0,0,0,0,0,0,0,0,0,0,0,0,0,0,0,0,0,0,0,0
0,0,0,0,0,0,0,0,0,0,0,0,0,0,0,0,0,0,0,0
0,0,0,0,0,0,0,0,0,0,0,0,0,0,0,0,0,0,0,0
0,0,0,0,0,0,0,0,0,0,0,0,0,0,0,0,0,0,0,0
0,0,0,0,0,0,0,0,0,0,0,0,0,0,0,0,0,0,0,0
0,0,0,0,0,0,0,0,0,0,0,0,0,0,0,0,0,0,0,0
0,0,0,0,0,0,0,0,0,0,0,0,0,0,0,0,0,0,0,0
0,0,0,0,0,0,0,0,0,0,0,0,0,0,0,0,0,0,0,0
0,0,0,0,0,0,0,0,0,0,0,0,0,0,0,0,0,0,0,0
0,0,0,0,0,0,0,0,0,0,0,0,0,0,0,0,0,0,0,0
0,0,0,0,0,0,0,0,0,0,0,0,0,0,0,0,0,0,0,0
0,0,0,0,0,0,0,0,0,0,0,0,0,0,0,0,0,0,0,0
0,0,0,0,0,0,0,0,0,0,0,0,0,0,0,0,0,0,0,0
0,0,0,0,0,0,0,0,0,0,0,0,0,0,0,0,0,0,0,0
0,0,0,0,0,0,0,0,0,0,0,0,0,0,0,0,0,0,0,0
0,0,0,0,0,0,0,0,0,0,0,0,0,0,0,0,0,0,0,0
0,0,0,0,0,0,0,0,0,0,0,0,0,0,0,0,0,0,0,0
0,0,0,0,0,0,0,0,0,0,0,0,0,0,0,0,0,0,0,0
0,0,0,0,0,0,0,0,0,0,0,0,0,0,0,0,0,0,0,0
0,0,0,0,0,0,0,0,0,0,0,0,0,0,0,0,0,0,0,0
0,0,0,0,0,0,0,0,0,0,0,0,0,0,0,0,0,0,0,0
0,0,0,0,0,0,0,0,0,0,0,0,0,0,0,0,0,0,0,0
0,0,0,0,0,0,0,0,0,0,0,0,0,0,0,0,0,0,0,0
0,0,0,0,0,0,0,0,0,0,0,0,0,0,0,0,0,0,0,0
0,0,0,0,0,0,0,0,0,0,0,0,0,0,0,0,0,0,0,0
0,0,0,0,0,0,0,0,0,0,0,0,0,0,0,0,0,0,0,0
0,0,0,0,0,0,0,0,0,0,0,0,0,0,0,0,0,0,0,0
0,0,0,0,0,0,0,0,0,0,0,0,0,0,0,0,0,0,0,0
0,0,0,0,0,0,0,0,0,0,0,0,0,0,0,0,0,0,0,0
0,0,0,0,0,0,0,0,0,0,0,0,0,0,0,0,0,0,0,0
0,0,0,0,0,0,0,0,0,0,0,0,0,0,0,0,0,0,0,0
0,0,0,0,0,0,0,0,0,0,0,0,0,0,0,0,0,0,0,0
0,0,0,0,0,0,0,0,0,0,0,0,0,0,0,0,0,0,0,0
0,0,0,0,0,0,0,0,0,0,0,0,0,0,0,0,0,0,0,0
0,0,0,0,0,0,0,0,0,0,0,0,0,0,0,0,0,0,0,0
0,0,0,0,0,0,0,0,0,0,0,0,0,0,0,0,0,0,0,0
0,0,0,0,0,0,0,0,0,0,0,0,0,0,0,0,0,0,0,0
0,0,0,0,0,0,0,0,0,0,0,0,0,0,0,0,0,0,0,0
0,0,0,0,0,0,0,0,0,0,0,0,0,0,0,0,0,0,0,0
0,0,0,0,0,0,0,0,0,0,0,0,0,0,0,0,0,0,0,0
0,0,0,0,0,0,0,0,0,0,0,0,0,0,0,0,0,0,0,0
0,0,0,0,0,0,0,0,0,0,0,0,0,0,0,0,0,0,0,0
0,0,0,0,0,0,0,0,0,0,0,0,0,0,0,0,0,0,0,0
0,0,0,0,0,0,0,0,0,0,0,0,0,0,0,0,0,0,0,0
0,0,0,0,0,0,0,0,0,0,0,0,0,0,0,0,0,0,0,0
0,0,0,0,0,0,0,0,0,0,0,0,0,0,0,0,0,0,0,0
0,0,0,0,0,0,0,0,0,0,0,0,0,0,0,0,0,0,0,0
0,0,0,0,0,0,0,0,0,0,0,0,0,0,0,0,0,0,0,0
0,0,0,0,0,0,0,0,0,0,0,0,0,0,0,0,0,0,0,0
0,0,0,0,0,0,0,0,0,0,0,0,0,0,0,0,0,0,0,0
0,0,0,0,0,0,0,0,0,0,0,0,0,0,0,0,0,0,0,0
0,0,0,0,0,0,0,0,0,0,0,0,0,0,0,0,0,0,0,0
0,0,0,0,0,0,0,0,0,0,0,0,0,0,0,0,0,0,0,0
0,0,0,0,0,0,0,0,0,0,0,0,0,0,0,0,0,0,0,0
0,0,0,0,0,0,0,0,0,0,0,0,0,0,0,0,0,0,0,0
0,0,0,0,0,0,0,0,0,0,0,0,0,0,0,0,0,0,0,0
0,0,0,0,0,0,0,0,0,0,0,0,0,0,0,0,0,0,0,0
0,0,0,0,0,0,0,0,0,0,0,0,0,0,0,0,0,0,0,0
0,0,0,0,0,0,0,0,0,0,0,0,0,0,0,0,0,0,0,0
