57.925,27.667,31,24,17.167,19.833,190.82,28.952,3162.5,7600,5287.5,7487.5,5387.5,7612.5,5312.5,7987.5,5287.5,370.12,24.883
57.695,28.667,32.167,24,17.167,19.833,306.72,70.208,3162.5,7612.5,5312.5,7487.5,5400,7612.5,5300,7962.5,5312.5,751.1,194.9
59.555,30.667,33,24,17.167,19.833,339.53,117.35,3150,7600,5312.5,7475,5400,7625,5262.5,7975,5275,283.72,78.683
60.62,31.167,35.5,24,17.167,19.833,316.9,106.75,3162.5,7612.5,5325,7500,5387.5,7625,5287.5,7950,5275,23.467,33.217
60.73,31.5,35.167,24,17.333,20,349.63,102.65,3150,7612.5,5300,7475,5400,7612.5,5287.5,7975,5287.5,0,272.6
60.345,32.333,36,24,17.333,20.167,355.13,66.101,3162.5,7587.5,5300,7475,5387.5,7600,5300,7975,5262.5,0,0
61.04,33,37,24,17.667,20.5,411.42,59.377,3162.5,7637.5,5287.5,7475,5387.5,7587.5,5300,8000,5300,0,66.017
60.9,33.5,35.833,24,17.667,20.5,390.33,79.722,3150,7612.5,5275,7475,5400,7612.5,5262.5,7975,5262.5,0,10.75
60.78,33.667,37.5,24,17.667,20.5,313.47,95.519,3150,7637.5,5287.5,7475,5400,7612.5,5300,7975,5287.5,0,9.2667
60.9,34.333,36.333,24,17.667,20.5,446.25,74.572,3150,7587.5,5300,7475,5387.5,7600,5275,7987.5,5262.5,0,13.683
61.02,34,37.833,24.333,17.667,20.667,393.88,54.025,3150,7612.5,5287.5,7475,5400,7587.5,5325,7987.5,5275,0,10.2
61.285,33.667,37.667,24.667,17.833,20.833,421.63,108.48,3162.5,7600,5300,7487.5,5400,7612.5,5300,8000,5275,0,0
61.45,33.5,38.667,24.667,18,20.833,412.53,65.411,3150,7625,5300,7475,5400,7600,5325,7975,5262.5,0,21.917
61.295,33.5,39.667,24.667,18,21.167,313.95,62.145,3150,7625,5287.5,7487.5,5400,7612.5,5312.5,7962.5,5275,0,11.283
60.935,35.333,38.5,24.833,18,21.333,389.55,68.219,3150,7625,5275,7462.5,5400,7600,5312.5,7975,5287.5,0,9.8
61.25,35.167,37.5,24.833,18,21.333,425.45,81.994,3150,7600,5300,7462.5,5387.5,7612.5,5300,7962.5,5275,0,10.167
60.925,34.833,37.667,24.833,18,21.333,447.17,163.9,3162.5,7612.5,5300,7475,5387.5,7587.5,5300,7987.5,5262.5,0,10.633
60.64,35,38.833,24.833,18.167,21.333,446.2,99.961,3150,7637.5,5287.5,7487.5,5400,7600,5312.5,7975,5250,0,0
60.815,35.333,37.667,24.833,18.167,21.167,419.08,74.503,3150,7625,5287.5,7475,5400,7587.5,5287.5,7975,5262.5,0,21.05
61.55,33.833,39.667,24.833,18.167,21.167,418.6,79.727,3150,7612.5,5312.5,7475,5387.5,7600,5300,7987.5,5250,0,11.733
60.705,34.667,39.333,24.833,18.167,21.333,328.97,114.23,3162.5,7650,5325,7487.5,5400,7612.5,5312.5,7987.5,5262.5,0,11.567
60.88,34.833,38.333,25,18.333,21.333,352.47,58.526,3150,7600,5300,7500,5387.5,7625,5300,8000,5275,0,10.617
60.76,34.333,40,25.167,18.167,21.167,372.45,77.19,3150,7637.5,5312.5,7475,5400,7587.5,5300,7987.5,5262.5,0,12.85
60.384,34.167,38.833,25.333,18.167,21.5,349.03,83.008,3162.5,7612.5,5262.5,7487.5,5400,7587.5,5300,7975,5275,0,0
60.99,35.167,39,25.333,18.167,21.5,395.32,106.66,3150,7600,5312.5,7487.5,5387.5,7575,5287.5,7975,5287.5,0,58.983
61.21,34.5,39.5,25.333,18.167,21.5,448.73,107.87,3162.5,7625,5300,7475,5375,7612.5,5287.5,7975,5262.5,0,12.283
62.07,34.333,39.333,25.5,18.167,21.667,339.08,89.069,3150,7612.5,5312.5,7487.5,5400,7612.5,5275,8000,5262.5,0,10.767
61.515,34,39,25.667,18.333,21.667,400.76,97.69,3150,7600,5300,7500,5375,7600,5275,7962.5,5287.5,0,11.033
60.835,35.167,38.5,25.667,18.333,21.667,334.97,104.38,3150,7600,5312.5,7500,5400,7587.5,5287.5,7975,5287.5,0,11.467
61.29,34.667,38.667,25.667,18.5,21.667,445.73,85.219,3150,7625,5312.5,7475,5400,7587.5,5262.5,7975,5275,0,0
61.105,35,39.667,25.667,18.667,21.667,409.68,138.26,3150,7612.5,5300,7487.5,5400,7600,5325,7962.5,5262.5,0,22.55
60.649,34.167,39.833,25.667,18.667,21.5,383.85,72.789,3150,7625,5312.5,7500,5400,7600,5300,7987.5,5287.5,0,12.717
61.92,34.833,37.833,25.833,18.5,21.667,415.1,99.185,3150,7625,5325,7462.5,5400,7612.5,5312.5,8012.5,5262.5,0,11.167
61.84,36.167,38,25.833,18.667,21.833,345.53,69.395,3162.5,7625,5312.5,7500,5400,7625,5312.5,7987.5,5287.5,0,11.467
61.085,35,39.5,26,18.667,21.833,359.3,113.9,3150,7587.5,5287.5,7487.5,5375,7612.5,5300,7962.5,5275,0,11.583
60.695,35.5,39.333,26.167,18.667,21.833,420.42,113.61,3162.5,7612.5,5275,7500,5387.5,7637.5,5300,7987.5,5275,0,0
63.06,34.5,40.5,26.167,18.5,21.667,353.85,91.253,3175,7612.5,5287.5,7487.5,5400,7625,5312.5,8000,5287.5,0,23.45
61.19,34.667,40.5,26.167,18.5,21.833,437.43,92.556,3150,7625,5287.5,7487.5,5400,7612.5,5287.5,7975,5287.5,0,14.833
61.258,35.333,39.333,26.333,18.5,21.833,363.37,92.043,3175,7612.5,5300,7475,5387.5,7625,5287.5,7987.5,5287.5,0,13.033
61.965,34.333,41.167,26.333,18.5,21.833,375.73,101.32,3150,7612.5,5325,7475,5400,7612.5,5300,7987.5,5262.5,0,11.933
60.261,35.167,39.167,26.333,18.5,21.833,343.23,93.811,3150,7612.5,5287.5,7462.5,5400,7600,5312.5,7962.5,5275,0,11.85
60.79,34.5,40.333,26.333,18.5,21.833,371.18,73.904,3150,7637.5,5287.5,7475,5400,7612.5,5325,7975,5287.5,0,0
61.06,35.5,40,26.333,18.5,21.833,461.73,63.4,3175,7625,5287.5,7487.5,5400,7600,5300,7987.5,5300,0,24.317
63.475,35.333,39.167,26.333,18.667,21.833,411.93,97.166,3187.5,7637.5,5312.5,7475,5387.5,7600,5300,7962.5,5287.5,0,13.733
64.56,34.333,40.833,26.5,18.5,21.833,407.75,114.72,3162.5,7612.5,5312.5,7475,5400,7575,5300,7987.5,5287.5,0,12.183
66.38,34,40.5,26.5,18.5,21.833,375.32,90.149,3150,7612.5,5300,7475,5400,7612.5,5300,8000,5275,0,14.15
63.266,34,41.333,26.5,18.667,21.833,365.55,95.324,3162.5,7600,5287.5,7487.5,5387.5,7612.5,5312.5,7987.5,5262.5,0,12.033
61.97,35.5,39.667,26.5,18.5,22,349.98,55.884,3162.5,7650,5300,7487.5,5387.5,7600,5287.5,7975,5275,0,0
62.938,35,41.167,26.667,18.333,22,358.05,75.13,3175,7650,5312.5,7500,5400,7600,5300,8000,5275,0,46.833
61.901,34.667,39.833,26.667,18.5,22,351.68,118.03,3175,7612.5,5300,7500,5400,7587.5,5300,7962.5,5275,0,18.467
63.645,35.333,40,26.667,18.5,22,383.28,130.93,3175,7637.5,5300,7500,5400,7600,5300,7987.5,5300,0,16.933
63.464,35.5,40.833,26.667,18.333,22,481.12,93.56,3150,7625,5300,7487.5,5400,7612.5,5300,7987.5,5300,0,37.35
63.839,34.833,41.667,26.667,18.5,22,461.97,129.39,3162.5,7625,5312.5,7475,5400,7575,5275,7987.5,5262.5,0,16.683
63.7,35.333,41.167,26.667,18.5,22,448.7,104.61,3162.5,7637.5,5287.5,7475,5387.5,7587.5,5287.5,7950,5262.5,0,0
62.35,36.667,40.333,26.667,18.333,22,420.28,117.77,3150,7587.5,5300,7462.5,5387.5,7612.5,5300,7975,5262.5,0,34.667
64.039,36.333,41.167,26.667,18.5,22,535.08,134.21,3150,7650,5300,7462.5,5400,7587.5,5287.5,7937.5,5275,0,14.4
63.764,36.667,39.833,26.833,18.5,22,378.07,106.52,3150,7612.5,5300,7487.5,5400,7587.5,5300,7975,5275,0,14.367
62.603,35.833,40.167,27,18.5,22,521.27,113.79,3150,7625,5300,7487.5,5375,7575,5300,7975,5250,0,13.1
63.313,34.5,41.167,27,18.5,22,436.43,112.77,3150,7637.5,5312.5,7487.5,5400,7600,5312.5,7975,5275,0,12.617
63.159,34.833,40.833,27.167,18.5,22,448.47,101.32,3175,7587.5,5300,7487.5,5400,7600,5287.5,8000,5262.5,0,0
61.381,34.167,41.667,27.167,18.5,22,396.55,112.5,3175,7637.5,5325,7475,5400,7625,5287.5,7987.5,5275,0,29.133
62.532,35.667,40.167,27.167,18.5,22,453.38,94.901,3162.5,7625,5300,7487.5,5400,7587.5,5300,7975,5275,0,14.583
63.062,34.333,40,27.167,18.333,22,404.6,106.23,3175,7612.5,5300,7462.5,5387.5,7587.5,5312.5,7975,5312.5,0,13.15
62.735,36.167,38.333,27.167,18.5,21.833,417.82,99.902,3150,7612.5,5325,7487.5,5400,7587.5,5300,7987.5,5262.5,0,14.8
63.297,35.667,38.5,27.167,18.5,21.833,479.85,113.01,3162.5,7612.5,5300,7462.5,5400,7625,5312.5,7987.5,5275,0,12.833
61.602,35.333,40.167,27.167,18.5,21.833,403.47,84.335,3150,7637.5,5300,7475,5375,7575,5300,7975,5287.5,0,0
62.045,35.833,38.5,27.167,18.5,21.833,411.3,78.337,3150,7625,5287.5,7462.5,5400,7612.5,5300,7962.5,5275,0,27.1
64.3,35.667,39.167,27.167,18.667,21.667,423.75,111.34,3162.5,7637.5,5287.5,7500,5400,7612.5,5262.5,7975,5250,0,14.817
63.886,35.167,39.667,27.167,18.667,21.667,424.08,129.89,3175,7625,5312.5,7487.5,5375,7600,5287.5,7962.5,5287.5,0,13.35
63.369,35.167,39.5,27.167,18.667,21.667,380.47,96.238,3150,7600,5312.5,7462.5,5400,7600,5300,8000,5287.5,0,13.183
62.605,34.333,40.667,27.333,18.667,21.667,423.22,109.31,3162.5,7625,5300,7487.5,5400,7612.5,5275,7987.5,5312.5,0,12.983
62.226,34.833,40,27.5,18.667,21.833,337.67,88.319,3175,7650,5300,7475,5400,7600,5287.5,7962.5,5287.5,0,0
61.942,35,39.5,27.5,18.667,21.833,394.35,137.25,3162.5,7612.5,5312.5,7487.5,5387.5,7612.5,5312.5,7962.5,5275,0,27.483
62.859,35.667,40.5,27.5,18.667,21.667,472.88,130.5,3150,7625,5312.5,7487.5,5387.5,7587.5,5300,7962.5,5275,0,16.717
62.321,35.5,40.5,27.5,18.5,21.667,481.1,107.91,3150,7637.5,5287.5,7475,5400,7587.5,5287.5,7975,5250,0,13.817
63.945,35.167,39,27.5,18.667,21.667,397.92,104.87,3150,7625,5300,7475,5400,7587.5,5300,7950,5250,0,13.483
63.461,35.5,38.833,27.5,18.5,21.667,407.52,120.41,3150,7637.5,5287.5,7487.5,5375,7587.5,5287.5,7987.5,5275,0,33.15
60.728,35.167,39.333,27.5,18.5,21.667,345.65,108.8,3150,7612.5,5300,7475,5400,7612.5,5275,7975,5275,0,0
61.448,35.667,38.833,27.5,18.5,21.667,449.42,126.03,3150,7625,5312.5,7462.5,5387.5,7600,5287.5,7975,5287.5,0,47.967
63.438,34.833,39.5,27.5,18.5,21.667,437.18,82.576,3150,7625,5262.5,7475,5387.5,7587.5,5287.5,7962.5,5262.5,0,15.45
62.881,35,38.667,27.5,18.5,21.667,455.27,64.145,3150,7637.5,5300,7450,5400,7600,5312.5,7975,5262.5,0,13.967
64.125,35.667,39.667,27.5,18.5,21.667,482.12,93.731,3162.5,7637.5,5275,7462.5,5375,7600,5287.5,7975,5275,0,13.683
61.135,35.667,38.833,27.5,18.5,21.667,401,99.783,3175,7625,5312.5,7450,5387.5,7587.5,5300,7950,5287.5,0,13.567
61.801,34.167,41.333,27.5,18.5,21.667,458.12,130.6,3150,7612.5,5300,7475,5400,7587.5,5300,7975,5275,0,0
61.331,34.833,40.5,27.5,18.5,21.667,428.12,125.92,3162.5,7625,5300,7487.5,5375,7587.5,5287.5,7975,5262.5,0,28.383
61.203,35.333,39.833,27.5,18.333,21.833,448.42,93.593,3162.5,7612.5,5287.5,7475,5400,7600,5312.5,7975,5275,0,17.45
62.384,35,40.167,27.5,18.333,21.667,488.97,121.82,3150,7612.5,5300,7462.5,5387.5,7587.5,5287.5,7975,5287.5,0,14.217
63.945,35.833,39.167,27.5,18.167,21.667,468.77,120.51,3162.5,7600,5287.5,7462.5,5400,7612.5,5300,7962.5,5275,0,13.883
61.923,35.5,39.667,27.5,18.333,21.667,363.2,117.58,3150,7625,5300,7487.5,5400,7587.5,5300,7962.5,5275,0,13.75
61.345,34.833,40,27.5,18.167,21.667,372.87,104.47,3150,7637.5,5312.5,7475,5400,7587.5,5287.5,7975,5262.5,0,0
60.5,35,40,27.5,18.167,21.667,422.67,114.08,3150,7612.5,5312.5,7487.5,5400,7600,5300,7975,5287.5,0,30.567
60.098,33.833,39.5,27.5,18.333,21.667,358.37,83.214,3150,7625,5300,7462.5,5387.5,7575,5275,7987.5,5275,0,15.767
60.7,33.833,39.5,27.5,18.167,21.667,327.43,121.94,3175,7637.5,5287.5,7475,5400,7600,5300,7962.5,5275,0,14.517
60.925,35.833,39,27.5,18,21.833,429.18,75.803,3187.5,7625,5300,7475,5400,7562.5,5262.5,7950,5275,0,14.083
61.312,35.5,40.333,27.5,18.167,21.833,485.83,94.75,3150,7637.5,5312.5,7487.5,5387.5,7587.5,5275,7975,5262.5,0,35.217
60.118,34,40.5,27.5,18,21.833,339.35,56.595,3162.5,7625,5300,7462.5,5375,7575,5287.5,7950,5287.5,0,0
62.042,33.5,41.167,27.667,18.167,21.833,311.57,91.881,3162.5,7625,5312.5,7487.5,5400,7575,5287.5,7975,5275,0,29.7
61.653,34.667,40.5,27.667,18.167,21.833,349.33,76.004,3150,7637.5,5287.5,7500,5400,7600,5275,7975,5287.5,0,15.517
61.832,35.667,39.5,27.667,18.167,21.833,453.65,114.51,3150,7625,5287.5,7475,5387.5,7600,5275,7962.5,5287.5,0,16.433
60.919,34.5,40.5,27.667,18.167,21.833,427.5,64.388,3150,7650,5300,7475,5400,7587.5,5300,7962.5,5300,0,16.183
61.313,34,40.333,27.667,18.167,21.833,284.85,126.44,3162.5,7612.5,5300,7475,5375,7600,5300,7987.5,5262.5,0,14.533
61.843,34.667,39,27.667,18.167,21.833,324.92,68.369,3162.5,7612.5,5300,7500,5400,7587.5,5287.5,7975,5275,0,0
62.301,35,39.167,27.667,18.167,21.667,411.05,100.3,3150,7625,5250,7475,5400,7600,5287.5,7975,5287.5,0,31.917
61.552,33.833,40.333,27.667,18.167,21.667,377.82,98.407,3150,7637.5,5287.5,7500,5375,7600,5287.5,7987.5,5275,0,15.5
61.34,34.833,39,27.667,18.167,21.667,350.47,80.365,3162.5,7625,5300,7475,5400,7587.5,5287.5,7987.5,5275,0,14.833
61.848,34.5,39,27.667,18.333,21.667,424.27,88.535,3162.5,7625,5300,7487.5,5387.5,7587.5,5312.5,7962.5,5262.5,0,14.7
61.984,35.167,38.167,27.667,18.333,21.667,414.22,94.769,3150,7625,5300,7462.5,5400,7600,5275,7975,5275,0,16.4
61.798,34.833,39,27.667,18.333,21.667,410.55,74.316,3150,7625,5300,7462.5,5400,7575,5312.5,7962.5,5275,0,0
61.247,34.5,39,27.667,18.333,21.667,465.27,101.33,3150,7637.5,5287.5,7475,5400,7587.5,5312.5,7962.5,5275,0,58.517
62.047,34.333,39.167,27.667,18.333,21.667,273.82,65.859,3162.5,7637.5,5287.5,7487.5,5400,7587.5,5287.5,7975,5250,0,15.717
61.83,35.667,38,27.667,18.5,21.667,375.15,88.31,3150,7637.5,5312.5,7475,5387.5,7587.5,5275,7962.5,5275,0,14.683
62.337,33,41.333,27.667,18.5,21.667,350.92,101.39,3150,7637.5,5275,7475,5387.5,7600,5312.5,7987.5,5250,0,14.717
62.343,34.333,38.5,27.667,18.5,21.667,379.22,99.129,3162.5,7650,5275,7462.5,5400,7600,5262.5,7962.5,5275,0,15.033
62.025,33.833,39.5,27.667,18.333,21.667,472.82,93.476,3175,7625,5300,7475,5387.5,7600,5312.5,7975,5262.5,0,0
62.187,34,39.833,27.667,18.333,21.667,350.17,85.758,3162.5,7625,5300,7500,5387.5,7600,5312.5,7987.5,5262.5,0,30.583
60.68,34.833,38.5,27.667,18.167,21.667,355,88.771,3162.5,7625,5287.5,7487.5,5400,7587.5,5287.5,7975,5262.5,0,16.033
62.448,33.5,40.833,27.667,18.167,21.667,330.45,101.44,3162.5,7625,5312.5,7487.5,5387.5,7587.5,5287.5,7962.5,5262.5,0,16.433
62.056,34.833,39,27.5,18.167,21.667,370.18,87.576,3162.5,7612.5,5300,7500,5387.5,7575,5300,7962.5,5275,0,14.583
63.442,34.167,40.167,27.5,18.167,21.667,564.53,132.76,3150,7625,5300,7450,5400,7587.5,5300,7962.5,5262.5,0,15.233
63.012,33.833,40.167,27.5,18.167,21.833,416.6,91.21,3150,7637.5,5287.5,7500,5387.5,7587.5,5287.5,8000,5287.5,0,0
61.429,34.667,40,27.5,18.167,21.833,344.08,71.157,3150,7587.5,5275,7475,5400,7587.5,5287.5,7962.5,5275,0,31.133
61.244,35,39.667,27.5,18.167,21.667,347.25,70.921,3162.5,7637.5,5287.5,7487.5,5400,7587.5,5287.5,7975,5275,0,15.733
62.22,35.833,38.5,27.5,18.167,21.667,339.05,70.299,3150,7650,5300,7500,5375,7587.5,5287.5,7975,5287.5,0,37.883
62.679,34.167,39.5,27.5,18.167,21.667,316.5,90.071,3162.5,7637.5,5262.5,7475,5400,7587.5,5312.5,7950,5262.5,0,14.783
63.749,35.167,39,27.5,18.333,21.667,531.48,130.78,3162.5,7612.5,5312.5,7475,5387.5,7575,5275,7962.5,5250,0,15.217
61.275,36.167,37.5,27.5,18.333,21.667,444.57,106.85,3150,7650,5300,7462.5,5400,7587.5,5287.5,8000,5287.5,0,0
62.464,35,39.167,27.5,18.333,21.667,423.13,102.8,3150,7625,5300,7487.5,5400,7587.5,5300,7962.5,5275,0,52.85
61.542,34.833,39.667,27.5,18.333,21.667,354.85,107.06,3150,7637.5,5287.5,7487.5,5400,7587.5,5300,7962.5,5275,0,17.15
60.745,34.833,38.5,27.5,18.333,21.5,251,76.459,3150,7600,5300,7450,5387.5,7575,5275,7962.5,5275,0,15.517
61.357,33.833,40.167,27.5,18.167,21.333,458.18,104.95,3162.5,7612.5,5275,7500,5400,7600,5262.5,7975,5275,0,14.983
61.398,34.667,39.167,27.5,18.167,21.333,370.73,62.926,3150,7625,5300,7462.5,5400,7587.5,5300,7975,5275,0,15.117
61.292,34.167,40,27.667,18.167,21.333,262.7,53.976,3150,7625,5300,7487.5,5375,7600,5300,7962.5,5262.5,0,0
60.685,34.833,38.5,27.667,18.167,21.5,348.05,99.566,3150,7625,5287.5,7500,5375,7587.5,5287.5,7975,5275,0,31.45
61.055,35.333,39,27.667,18.167,21.333,401.57,80.693,3150,7625,5300,7475,5387.5,7575,5287.5,7975,5275,0,16.267
60.885,34.5,39.833,27.833,18.167,21.333,371.37,88.056,3175,7612.5,5300,7475,5400,7600,5262.5,7975,5275,0,15.717
62.832,34.333,39.5,27.667,18.167,21.5,312.52,92.463,3162.5,7612.5,5275,7487.5,5387.5,7600,5275,7962.5,5275,0,15.483
63.486,34.5,39.167,27.667,18.167,21.5,352.45,63.942,3150,7612.5,5325,7500,5387.5,7600,5287.5,7962.5,5262.5,0,15.3
63.245,34.667,39.833,27.667,18.167,21.5,444.18,72.287,3150,7612.5,5287.5,7487.5,5400,7587.5,5325,7975,5287.5,0,0
61.61,35.5,39.333,27.5,18.167,21.5,375.83,93.405,3150,7575,5262.5,7487.5,5375,7600,5312.5,7987.5,5262.5,0,31.583
61.525,34.833,38.333,27.5,18.167,21.5,414.37,78.896,3150,7637.5,5287.5,7500,5400,7587.5,5275,7975,5275,0,16.667
62.395,34,40.5,27.5,18.333,21.5,363.32,93.965,3150,7637.5,5275,7475,5387.5,7587.5,5275,7950,5275,0,15.95
63.47,34,40.667,27.5,18.333,21.333,375.82,79.302,3150,7625,5287.5,7475,5375,7587.5,5300,7975,5300,0,17.583
63.242,34.667,39.167,27.5,18.333,21.5,304.67,61.68,3150,7612.5,5300,7500,5400,7575,5287.5,7987.5,5275,0,15.483
62.605,33.667,40.667,27.5,18.333,21.5,371.07,82.217,3162.5,7625,5312.5,7487.5,5387.5,7600,5300,7987.5,5300,0,0
62.235,34.5,40,27.5,18.333,21.5,377.48,92.485,3150,7625,5300,7487.5,5387.5,7575,5287.5,7987.5,5250,0,31.917
62.21,35.667,40.667,27.5,18.333,21.5,482.98,70.512,3162.5,7637.5,5287.5,7487.5,5400,7587.5,5287.5,7975,5262.5,0,16.867
62.425,36.333,39.833,27.5,18.167,21.5,345.23,74.105,3150,7612.5,5287.5,7462.5,5375,7600,5275,7962.5,5262.5,0,16.15
63.23,35.333,40.667,27.5,18.333,21.5,383.98,108.87,3150,7587.5,5275,7500,5400,7600,5287.5,7987.5,5275,0,36.117
62.95,35.5,39.833,27.5,18.333,21.5,388.64,98.382,3175,7612.5,5287.5,7487.5,5400,7587.5,5300,7962.5,5250,0,17.133
62.475,35,40.333,27.5,18.333,21.5,466.78,95.779,3162.5,7625,5300,7487.5,5400,7600,5287.5,7962.5,5262.5,0,0
62.58,34.833,39.833,27.5,18.333,21.5,401.03,97.347,3150,7625,5300,7462.5,5400,7625,5287.5,7962.5,5287.5,0,32.517
62.69,34.167,40.667,27.5,18.333,21.5,347.73,91.23,3150,7612.5,5300,7487.5,5387.5,7587.5,5300,7975,5262.5,0,17.083
61.67,34.833,38.833,27.5,18.333,21.5,353.52,103.83,3150,7625,5300,7500,5400,7575,5300,7950,5275,0,36.467
61.865,35.167,39.667,27.5,18.333,21.5,388.7,111.5,3150,7637.5,5287.5,7487.5,5400,7600,5312.5,7975,5275,0,16.3
62.37,34.667,41.333,27.5,18.333,21.5,328.05,88.935,3162.5,7637.5,5300,7475,5362.5,7600,5287.5,7975,5262.5,0,15.967
62.665,34.333,40.667,27.5,18.333,21.5,349.07,81.601,3175,7625,5262.5,7487.5,5400,7600,5275,7987.5,5262.5,0,0
62.635,35,40,27.5,18.5,21.5,371.65,75.426,3150,7625,5312.5,7475,5400,7587.5,5287.5,7962.5,5275,0,32.883
62.735,34.167,41,27.5,18.5,21.5,368.13,64.087,3162.5,7612.5,5312.5,7475,5375,7587.5,5312.5,7950,5275,0,41.767
62.21,35.667,39.333,27.5,18.5,21.5,353.18,90.557,3150,7612.5,5287.5,7487.5,5400,7600,5275,7962.5,5250,0,16.75
61.915,34.833,41,27.5,18.5,21.5,350.4,151.82,3150,7637.5,5325,7487.5,5387.5,7575,5250,7975,5262.5,0,20.75
62.125,34.167,38.833,27.5,18.5,21.5,371.93,84.493,3150,7625,5300,7475,5387.5,7587.5,5275,7962.5,5275,0,21.933
60.836,32.167,40.167,27.5,18.333,21.5,389.57,74.261,3150,7612.5,5275,7500,5387.5,7612.5,5312.5,7975,5275,9.0167,32.533
61.016,32.667,40.5,27.5,18.333,21.5,335.2,55.275,3150,7612.5,5262.5,7475,5375,7575,5325,7975,5287.5,9.0167,54.017
63.05,35.167,40,27.5,18.167,21.5,360.03,72.862,3162.5,7625,5287.5,7462.5,5387.5,7625,5300,7987.5,5262.5,0,109.4
62.952,33.833,40,27.5,18.167,21.5,352.37,95.758,3175,7587.5,5325,7475,5400,7587.5,5275,7987.5,5287.5,0,21.183
61.952,35.333,40.333,27.5,18.167,21.5,454.07,84.451,3150,7587.5,5275,7487.5,5400,7587.5,5287.5,7962.5,5287.5,0,36.933
63.44,34.833,41,27.5,18.167,21.5,334.05,84.934,3150,7625,5300,7500,5400,7587.5,5262.5,7937.5,5300,0,17.833
64.896,35.667,41,27.5,18.333,21.5,415.63,122.06,3162.5,7600,5300,7487.5,5400,7612.5,5312.5,7962.5,5262.5,0,0
63.904,35.167,41.5,27.5,18.333,21.5,430.9,118.7,3175,7612.5,5312.5,7462.5,5400,7612.5,5300,7987.5,5287.5,0,42.083
63.875,35.333,40.333,27.5,18.333,21.5,372.08,71.597,3162.5,7625,5300,7487.5,5387.5,7612.5,5287.5,7975,5275,0,21.667
63.397,35.167,40.833,27.5,18.333,21.5,400.72,85.349,3150,7625,5300,7462.5,5387.5,7600,5287.5,7975,5250,0,16.95
62.115,35.167,40.5,27.5,18.333,21.5,467.63,94.87,3150,7625,5300,7487.5,5400,7575,5287.5,8000,5262.5,0,17.1
62.299,34.667,40.833,27.5,18.333,21.5,435.98,101,3162.5,7612.5,5300,7462.5,5400,7600,5287.5,7987.5,5262.5,0,18.167
64.324,35.333,40.667,27.5,18.333,21.5,402.13,85.069,3162.5,7637.5,5300,7487.5,5387.5,7612.5,5287.5,7975,5275,0,0
63.301,36.167,40,27.5,18.333,21.5,391.73,80.106,3150,7650,5275,7475,5400,7587.5,5275,7962.5,5275,0,34.833
63.587,35.667,40.333,27.5,18.333,21.5,393.03,90.212,3150,7625,5287.5,7500,5387.5,7587.5,5300,7975,5262.5,0,18.067
63.253,35.333,40.333,27.5,18.333,21.667,400.77,82.794,3150,7625,5287.5,7487.5,5387.5,7600,5275,7950,5275,0,16.867
61.015,35.333,40.833,27.5,18.333,21.833,334.22,112.49,3175,7612.5,5275,7475,5400,7600,5275,7975,5287.5,0,17.283
61.516,36.5,40.167,27.5,18.333,21.5,425.93,93.543,3162.5,7650,5312.5,7462.5,5400,7587.5,5287.5,7962.5,5300,0,16.917
65.103,36.833,39.167,27.5,18.333,21.5,414.62,101.94,3175,7612.5,5287.5,7500,5400,7625,5300,7962.5,5262.5,0,0
63.57,36.5,39.833,27.5,18.333,21.5,391.4,116.14,3150,7625,5300,7450,5400,7587.5,5287.5,7987.5,5250,0,35.233
62.884,36,39.833,27.5,18.5,21.5,360.1,104.09,3150,7637.5,5287.5,7475,5387.5,7575,5275,7987.5,5250,0,18.167
62.799,36.333,39.167,27.5,18.5,21.5,381.98,117.13,3150,7625,5312.5,7487.5,5400,7600,5300,7962.5,5262.5,0,37.083
61.178,36.333,40.333,27.5,18.5,21.5,379.33,108.52,3150,7625,5312.5,7487.5,5400,7625,5287.5,7975,5275,0,17.5
61.977,35.667,40.5,27.667,18.5,21.5,390,117.83,3162.5,7612.5,5275,7487.5,5387.5,7600,5300,7962.5,5275,0,0
64.95,35,41.333,27.667,18.5,21.5,401.95,97.784,3150,7637.5,5287.5,7487.5,5400,7587.5,5287.5,7962.5,5275,0.016667,0
62.983,35.5,39.167,27.667,18.667,21.5,416.45,104.43,3162.5,7637.5,5300,7475,5400,7600,5312.5,7962.5,5275,0.016667,58.15
64.059,35,40,27.667,18.667,21.5,319.17,68.271,3162.5,7612.5,5300,7500,5400,7600,5312.5,7987.5,5275,0,18.5
63.71,35.5,40.667,27.667,18.5,21.667,351.8,69.511,3162.5,7637.5,5275,7487.5,5400,7600,5325,7975,5262.5,0,17.383
62.066,35.833,41.167,27.667,18.5,21.667,424.97,83.763,3162.5,7625,5325,7500,5400,7600,5325,7962.5,5262.5,0,19.517
62.07,34.833,41.333,27.667,18.5,21.667,333.28,91.016,3150,7637.5,5300,7475,5400,7587.5,5300,7987.5,5262.5,0,151.82
64.069,35.667,40.5,27.667,18.333,21.833,287.35,71.193,3150,7600,5300,7487.5,5375,7612.5,5300,7987.5,5262.5,0,0
64.491,35.667,39.5,27.833,18.5,21.833,358.98,102.23,3150,7587.5,5287.5,7500,5387.5,7600,5287.5,7987.5,5275,0,35.383
63.948,35.167,41,27.833,18.5,21.833,383.88,95.905,3150,7637.5,5287.5,7500,5400,7612.5,5312.5,7975,5250,0,18.683
64.146,36.5,39.833,27.833,18.5,21.833,340.52,81.485,3150,7612.5,5287.5,7500,5400,7600,5287.5,7975,5262.5,0,17.633
61.59,35.333,41.167,27.833,18.333,21.833,303.77,60.205,3162.5,7637.5,5287.5,7500,5400,7600,5312.5,7975,5287.5,0,17.9
61.495,35,40.167,27.833,18.333,21.833,341.08,113.24,3162.5,7600,5275,7462.5,5400,7600,5312.5,7962.5,5300,0,17.083
62.321,35.667,40.5,27.833,18.333,21.833,391.97,86.874,3162.5,7637.5,5300,7500,5375,7600,5300,7987.5,5275,0,0
62.847,35.5,40.833,27.833,18.333,21.833,290.07,88.793,3162.5,7612.5,5312.5,7500,5400,7600,5287.5,7987.5,5250,0,35.317
61.776,35.167,40.333,27.833,18.333,21.833,400.58,78.692,3187.5,7625,5312.5,7475,5400,7600,5312.5,7987.5,5275,0,19
61.817,35.667,40.333,27.833,18.333,21.833,382.73,73.034,3150,7637.5,5287.5,7500,5375,7587.5,5287.5,7975,5275,0,17.75
61.43,34.833,41.167,27.833,18.5,21.833,375.78,66.148,3150,7612.5,5300,7487.5,5400,7600,5250,7962.5,5262.5,0,18.183
61.3,35.333,40.667,27.833,18.667,22,359.43,80.196,3175,7600,5312.5,7500,5387.5,7587.5,5262.5,7962.5,5275,0,17.283
61.986,34.167,41.667,28,18.5,22,343.3,74.97,3162.5,7625,5325,7487.5,5400,7600,5275,7975,5275,0,0
63.105,35,42.333,28,18.5,22,379.07,88.69,3162.5,7625,5312.5,7487.5,5400,7612.5,5300,8000,5275,0,35.7
63.218,35.833,41.5,28,18.5,22,318.77,66.382,3150,7650,5300,7475,5400,7600,5312.5,7975,5275,0,39.417
61.21,35,41.667,28,18.5,22,378.7,73.718,3150,7625,5287.5,7475,5400,7612.5,5300,8000,5275,0,18.95
61.509,35.667,40.167,28,18.333,22,409.47,94.681,3150,7612.5,5300,7462.5,5400,7575,5287.5,7962.5,5275,0,18.217
61.702,36.5,39.167,28,18.5,22,389.65,87.138,3150,7625,5287.5,7475,5387.5,7612.5,5312.5,7987.5,5262.5,0,17.483
61.747,36.167,40.167,28,18.667,22,398.57,91.848,3150,7612.5,5312.5,7475,5400,7600,5275,7950,5275,0,0
62.113,36.167,40.167,28,18.667,22,307.37,73.834,3150,7600,5300,7475,5387.5,7575,5300,7962.5,5300,0,37.417
62.959,36.667,40.667,28,18.667,22,384.32,113,3150,7612.5,5300,7475,5400,7612.5,5300,7987.5,5275,0,19.533
61.861,35.667,40.667,28,18.667,22,370.02,121.29,3175,7612.5,5287.5,7487.5,5400,7612.5,5275,7987.5,5300,0,17.95
61.315,35.167,40.167,28,18.667,22,426.12,79.232,3150,7612.5,5287.5,7487.5,5387.5,7600,5325,7975,5250,0,38.283
60.671,35.833,40,28,18.667,22,308.78,67.773,3187.5,7625,5325,7500,5400,7600,5287.5,7962.5,5275,0,17.767
61.668,35,39.833,28,18.667,22,344.65,95.801,3150,7650,5287.5,7487.5,5400,7587.5,5287.5,7962.5,5262.5,0,0
61.873,34.667,41.667,28,18.667,22,411.63,114.04,3162.5,7625,5312.5,7487.5,5400,7600,5287.5,7987.5,5275,0,38.033
62.179,35.667,40.333,28,18.667,22,348.28,89.088,3162.5,7637.5,5312.5,7475,5400,7587.5,5287.5,7962.5,5275,0,19.75
59.987,35,40.833,28,18.667,22,350.83,77.857,3162.5,7625,5300,7475,5400,7600,5287.5,8012.5,5275,0,0
62.119,34.167,40.333,28,18.5,22,422.33,77.002,3150,7637.5,5312.5,7500,5387.5,7600,5275,7962.5,5300,4.2833,18.5
62.022,34,40,28,18.5,22,360.93,93.612,3162.5,7612.5,5312.5,7475,5400,7612.5,5300,7975,5300,4.2833,18.05
63.489,33.833,39.5,28,18.5,22,397.32,84.004,3150,7612.5,5287.5,7475,5387.5,7587.5,5287.5,7962.5,5275,0.066667,0
61.601,35,39.5,28,18.5,22,292.93,93.907,3150,7625,5287.5,7487.5,5387.5,7600,5287.5,7975,5262.5,10.8,42.833
61.441,34.167,40.833,28,18.5,22,332.67,74.106,3162.5,7612.5,5287.5,7475,5400,7600,5287.5,7987.5,5275,0,19.767
61.392,35.667,39,28,18.667,22,292.32,105.58,3162.5,7600,5300,7500,5387.5,7587.5,5312.5,7987.5,5262.5,0,57.567
61.386,35.5,39.333,28,18.667,22,407.23,89.326,3150,7625,5287.5,7500,5400,7600,5287.5,7975,5287.5,0,32.067
60.345,34.5,40.167,28,18.667,22,327.68,68.629,3150,7612.5,5300,7475,5400,7600,5312.5,7975,5250,0,18.25
62.062,36,38.5,28,18.667,22,406.97,104,3150,7612.5,5262.5,7462.5,5400,7587.5,5287.5,7975,5287.5,0,0
61.667,35.667,39,28,18.667,22,358.97,91.11,3162.5,7625,5300,7487.5,5400,7600,5275,7975,5250,0,37.533
61.398,34.333,41.167,28,18.667,22,378.98,84.734,3175,7625,5300,7475,5375,7612.5,5287.5,7975,5275,0,19.683
60.652,34.5,41,28,18.667,22,280.07,82.394,3150,7612.5,5300,7512.5,5387.5,7600,5300,7975,5275,0,18.7
61.215,36.167,38.167,28,18.667,22,321.85,83.97,3162.5,7625,5300,7487.5,5400,7600,5312.5,7962.5,5300,0,18.467
61.655,34,41.667,27.833,18.667,22,331.4,98.127,3162.5,7637.5,5325,7475,5387.5,7625,5287.5,7987.5,5300,0,38.467
62.414,35,40.167,27.833,18.667,22,326.38,68.05,3150,7612.5,5287.5,7475,5400,7600,5300,7962.5,5250,0,0
61.893,35.333,39,27.833,18.667,22,341.82,79.599,3162.5,7650,5300,7475,5400,7600,5300,7975,5287.5,0,37.867
61.518,35.667,39.333,27.833,18.667,22,404.45,98.623,3150,7637.5,5287.5,7487.5,5387.5,7612.5,5300,8000,5275,0,39.933
61.346,35.5,38.833,27.833,18.667,22,342.77,82.442,3175,7625,5312.5,7487.5,5400,7587.5,5287.5,7975,5262.5,0,19.1
61.446,34.333,40.833,27.833,18.833,22,391.25,67.617,3162.5,7612.5,5300,7487.5,5400,7637.5,5287.5,7962.5,5287.5,0,18.683
61.433,35,40.333,27.833,18.833,22,368.02,62.374,3150,7625,5312.5,7475,5375,7612.5,5300,7962.5,5287.5,0,39.1
62.978,34.167,41.5,27.833,18.833,22,320.21,80.636,3150,7637.5,5287.5,7462.5,5400,7625,5312.5,7950,5262.5,0,0
62.31,34.5,41.167,27.833,18.833,22,274.95,71.187,3175,7625,5300,7487.5,5400,7612.5,5300,7975,5275,0,39.567
61.736,35.167,40,27.833,18.833,22,319.07,72.539,3150,7625,5300,7500,5387.5,7600,5312.5,7987.5,5275,0,21.2
60.91,33.833,40.333,27.833,18.833,22,278.92,68.628,3150,7600,5300,7487.5,5400,7600,5300,7975,5300,0,19.3
61.743,33.5,39.667,27.833,18.833,22,317.72,96.149,3150,7637.5,5300,7487.5,5387.5,7600,5300,7975,5262.5,0,18.883
61.249,34.667,40,27.833,18.833,22,339.97,92.768,3150,7612.5,5312.5,7475,5400,7587.5,5300,8000,5275,25.933,19.1
61.536,34.833,39.833,27.833,18.833,22,255.78,68.775,3162.5,7600,5325,7500,5387.5,7612.5,5287.5,7962.5,5287.5,25.933,0
62.271,35.333,39,27.833,18.833,22,405.02,85.904,3162.5,7587.5,5300,7475,5400,7587.5,5300,7987.5,5275,0,49.283
62.863,35.333,40.333,27.833,18.833,22,359.62,67.602,3175,7625,5300,7500,5400,7612.5,5300,7962.5,5262.5,0,20.533
62.079,36,38.333,28,18.833,22.167,386.18,107.62,3187.5,7637.5,5312.5,7475,5387.5,7637.5,5300,7975,5275,0,23.817
62.578,34.833,41,28,19,22.167,348.92,100.15,3162.5,7612.5,5287.5,7500,5387.5,7600,5312.5,7987.5,5275,0,19.233
62.154,35.333,41,28,19,22.167,386.35,102.08,3162.5,7625,5287.5,7487.5,5400,7625,5287.5,7962.5,5262.5,0,39.633
62.09,35.833,40.5,28,19,22,411.38,111.84,3162.5,7600,5300,7475,5375,7612.5,5300,8012.5,5300,0,0
62.354,35.333,41.333,28,19,22,401.58,110.62,3162.5,7612.5,5312.5,7487.5,5387.5,7612.5,5300,7987.5,5300,0,39.15
61.715,35.667,40.667,28,18.833,22,275.12,86.65,3150,7637.5,5287.5,7475,5400,7612.5,5287.5,7975,5275,0,25.133
61.358,35.5,40.167,28,18.833,22.167,354.8,103.88,3150,7625,5300,7487.5,5400,7625,5300,7962.5,5287.5,8.5333,39.8
63.452,36,40.833,28,18.833,22.167,440.43,109.49,3150,7650,5312.5,7487.5,5400,7612.5,5300,7975,5275,0,20.617
63.521,35.333,41.5,28,18.833,22.167,325.43,80.923,3162.5,7625,5300,7500,5400,7600,5287.5,7987.5,5275,0,19.667
63.37,36,41.833,28,19,22.167,418.43,96.448,3162.5,7625,5312.5,7487.5,5387.5,7600,5312.5,7962.5,5287.5,0,0
61.459,36.5,41,28,19.167,22.167,375.58,88.564,3162.5,7600,5312.5,7475,5400,7587.5,5287.5,7975,5287.5,0,61.983
62.051,36,40.667,28,19.167,22.167,373.8,85.362,3150,7625,5300,7475,5375,7600,5300,7987.5,5250,0,20.983
61.51,36.167,40.333,28,19.167,22.167,354.08,90.866,3162.5,7587.5,5300,7475,5375,7612.5,5325,7975,5275,0,21.767
62.34,37.167,39.5,28,19.167,22.167,388.95,76.339,3162.5,7650,5300,7487.5,5400,7637.5,5312.5,7987.5,5262.5,0,23.733
63.162,36.667,41.167,28,19.167,22.167,451.28,100.07,3162.5,7600,5300,7487.5,5387.5,7612.5,5325,7975,5287.5,0,19.867
64.659,36.5,40.333,28,19.333,22.167,482.37,92.315,3150,7625,5287.5,7500,5400,7637.5,5287.5,7975,5287.5,0,0
64.617,35.833,41.5,28,19.167,22.167,406.7,84.6,3150,7600,5275,7500,5400,7587.5,5287.5,8000,5312.5,0,39.867
64.19,35.167,42.167,28,19.167,22.5,431.65,86.12,3175,7612.5,5275,7475,5400,7600,5300,7975,5287.5,0,20.917
63.317,37.333,40.667,28,19.167,22.5,400.8,89.184,3187.5,7612.5,5312.5,7475,5400,7625,5325,7987.5,5300,0,19.983
62.852,36.167,41.167,28,19.167,22.5,431.05,95.553,3162.5,7612.5,5312.5,7487.5,5400,7587.5,5300,7975,5275,0,21.333
65.175,36.667,40.667,28,19.167,22.5,422.8,125.12,3150,7637.5,5312.5,7500,5387.5,7600,5312.5,8000,5287.5,0,24.333
64.007,36.833,40.833,28,19,22.5,420.88,108.89,3150,7612.5,5325,7487.5,5387.5,7612.5,5300,7975,5275,0,0
63.864,38.167,40.333,28,19,22.5,421.3,123.02,3175,7612.5,5300,7487.5,5387.5,7612.5,5287.5,7987.5,5287.5,0,53.067
63.696,36.333,42,28.167,19,22.5,428.78,115.66,3162.5,7637.5,5312.5,7487.5,5400,7612.5,5312.5,8000,5262.5,0,25.05
63.51,36.5,42.5,28.167,19,22.5,475.02,139.76,3162.5,7637.5,5312.5,7487.5,5400,7612.5,5300,7975,5275,0,24.083
61.821,36.833,40.833,28.167,19,22.5,363.98,97.909,3150,7625,5300,7475,5387.5,7612.5,5300,7962.5,5275,0,24
63.437,38.833,40.833,28.167,19,22.5,385.48,93.48,3175,7637.5,5312.5,7487.5,5387.5,7612.5,5300,8000,5275,0,20.25
63.645,36.833,41,28.167,19,22.5,493.4,100.9,3162.5,7637.5,5287.5,7475,5400,7612.5,5287.5,7987.5,5275,0,0
63.925,37,42.333,28.167,19,22.5,354.72,86.569,3175,7625,5312.5,7487.5,5375,7612.5,5300,7987.5,5275,0,40.5
63.683,36.333,42.5,28.167,19,22.5,449.73,94.724,3162.5,7612.5,5312.5,7487.5,5387.5,7625,5300,7987.5,5275,0,21.083
61.066,37.5,41.167,28.333,19,22.5,363.77,103,3187.5,7637.5,5325,7487.5,5387.5,7625,5312.5,8000,5275,0,19.933
61.445,36.167,41.833,28.333,19,22.5,390.07,102.05,3187.5,7637.5,5312.5,7487.5,5387.5,7612.5,5312.5,7987.5,5275,0,19.833
63.666,35.833,42.333,28.333,19,22.5,241.97,59.579,3187.5,7612.5,5275,7512.5,5387.5,7612.5,5300,7975,5262.5,0,20.433
63.548,36.167,42.167,28.333,19,22.667,347.35,83.937,3175,7625,5287.5,7475,5400,7600,5275,7987.5,5275,0,0
63.466,37.333,41.333,28.333,19.167,22.667,411.1,98.909,3162.5,7625,5300,7500,5400,7600,5287.5,7975,5262.5,0,42.533
61.439,37.167,41.833,28.333,19.167,22.833,457.7,88.052,3187.5,7612.5,5275,7487.5,5412.5,7612.5,5287.5,7962.5,5300,0,21.217
62.55,36.5,40.833,28.333,19.333,22.833,286.1,76.344,3162.5,7625,5312.5,7475,5387.5,7600,5287.5,7962.5,5312.5,0,20.15
61.767,37.5,40.5,28.333,19.167,22.833,410.42,82.35,3162.5,7625,5300,7500,5400,7637.5,5275,7975,5300,0,21.9
61.53,37.333,41.333,28.333,19.333,22.833,472.28,87.553,3162.5,7612.5,5287.5,7487.5,5387.5,7600,5300,7975,5300,0,20.633
61.611,38,41.667,28.333,19.333,22.667,374.53,109.51,3162.5,7625,5300,7500,5400,7587.5,5312.5,7962.5,5287.5,0,0
61.979,36.5,41,28.5,19.333,22.667,422.28,103.65,3187.5,7625,5300,7475,5387.5,7587.5,5325,8000,5275,0,42.833
61.828,35.833,42.5,28.5,19.333,22.833,397.48,100.89,3175,7625,5312.5,7487.5,5387.5,7600,5312.5,8000,5287.5,0,21.45
61.728,36.167,41.833,28.5,19.333,22.833,338.88,118.08,3150,7637.5,5312.5,7500,5400,7625,5287.5,7987.5,5300,0,40.333
61.72,37.167,41.667,28.5,19.333,22.833,328.53,128.86,3162.5,7625,5325,7487.5,5400,7600,5287.5,8012.5,5287.5,0,20.283
61.568,36.833,42,28.5,19.333,22.833,350.62,118.5,3162.5,7650,5312.5,7475,5387.5,7612.5,5312.5,7975,5287.5,0,41
61.582,38.833,40.833,28.5,19.333,22.667,444.2,96.667,3175,7612.5,5300,7487.5,5400,7575,5287.5,7962.5,5275,0,0
61.776,36.667,41.167,28.5,19.333,22.667,430.07,106.2,3162.5,7625,5325,7487.5,5400,7575,5325,7987.5,5275,0,43.217
61.851,37,40.667,28.5,19.333,22.667,312.83,120.08,3150,7650,5312.5,7487.5,5387.5,7612.5,5312.5,8000,5275,0,23.05
61.62,36.667,41.833,28.5,19.333,22.833,350.88,121.62,3150,7612.5,5312.5,7475,5400,7587.5,5287.5,8000,5262.5,0,22
51.785,32,34.333,24,16.333,19.167,282.85,55.275,2625,6350,4437.5,6250,4475,6337.5,4412.5,6650,4375,0,20.383
51.686,31.333,35.333,24,16.333,19.167,377.07,62.631,2625,6362.5,4425,6250,4487.5,6337.5,4400,6687.5,4400,0,24.967
51.529,30.667,34.667,24,16.333,19.167,330.2,78.274,2650,6362.5,4437.5,6225,4500,6362.5,4400,6675,4387.5,0,0
52.024,30.5,35.833,24,16.333,19.167,350.62,87.861,2650,6350,4400,6225,4500,6325,4412.5,6662.5,4387.5,0,21.233
41.27,24.667,28.333,19.167,13,15.333,282.1,80.433,2100,5100,3525,5000,3600,5062.5,3550,5325,3512.5,0,0
40.585,25.333,26.667,19.167,13,15.333,278.73,82.095,2100,5087.5,3512.5,4975,3600,5062.5,3537.5,5312.5,3525,0,23.117
40.29,24.333,27.167,19.167,13,15.333,300.3,71.56,2112.5,5087.5,3525,4975,3600,5062.5,3525,5337.5,3512.5,0,20.5
40.625,24.5,28.667,19.167,13,15.167,325.65,67.116,2125,5075,3537.5,5000,3587.5,5050,3550,5312.5,3525,0,20.867
40.95,24.833,27.333,19.167,13,15.167,262.73,46.945,2100,5100,3537.5,5000,3600,5075,3550,5325,3525,0,0
41.68,24.333,28.333,19.167,13,15.167,380.13,87.229,2100,5062.5,3537.5,4975,3600,5062.5,3537.5,5312.5,3512.5,0,21.317
41.935,24,28.333,19.167,12.833,15.167,347.33,59.105,2125,5087.5,3550,4987.5,3587.5,5062.5,3525,5350,3512.5,0,0
41.12,24,27.667,19.167,12.833,15.167,331.63,104.18,2112.5,5087.5,3537.5,5000,3587.5,5075,3537.5,5325,3537.5,0,20.683
41.227,24.333,28.667,19.167,12.833,15.333,333.65,83.608,2112.5,5087.5,3537.5,4962.5,3600,5050,3537.5,5325,3550,0,20.7
41.372,25.167,28.167,19.167,12.833,15.333,276.07,79.417,2125,5087.5,3537.5,4975,3600,5062.5,3512.5,5337.5,3512.5,0,20.967
41.447,24.667,27.833,19.167,12.833,15.333,305.9,86.786,2100,5087.5,3537.5,4975,3587.5,5050,3512.5,5300,3512.5,0,0
41.577,24.167,28.167,19.167,12.833,15.333,307.42,78.318,2112.5,5087.5,3525,5000,3600,5050,3537.5,5337.5,3512.5,0,21.567
40.878,24.333,27.833,19.167,12.833,15.333,243.42,48.464,2100,5087.5,3525,5000,3600,5050,3550,5312.5,3512.5,0,0
41.56,24,27.833,19.167,12.833,15.333,283.08,54.582,2100,5075,3550,5000,3600,5050,3537.5,5325,3512.5,0,20.817
41.106,24,27.833,19.167,13,15.333,242.25,46.989,2112.5,5100,3525,4987.5,3600,5087.5,3525,5312.5,3537.5,0,22.567
41.105,23.333,28.833,19.167,13,15.333,274.92,50.841,2100,5075,3550,4987.5,3587.5,5075,3537.5,5312.5,3512.5,0,41.1
41.093,24,28.5,19.167,12.667,15.333,192.67,39.151,2112.5,5075,3537.5,4975,3600,5075,3537.5,5312.5,3512.5,0,0
40.788,24,28.5,19.167,12.667,15.333,152.23,43.43,2112.5,5087.5,3525,5000,3600,5050,3550,5312.5,3525,0,21.567
41.108,23.5,28.667,19.167,12.667,15.333,277.65,42.775,2100,5087.5,3525,4975,3587.5,5050,3512.5,5337.5,3512.5,0,0
41.35,24,27.5,19.167,12.667,15.333,244.4,42.766,2112.5,5100,3550,4987.5,3600,5075,3525,5325,3512.5,0,20.95
40.45,23.5,28.5,19.167,12.833,15.333,259.8,43.6,2112.5,5100,3550,5000,3600,5062.5,3525,5350,3500,0,21.067
40.918,24,27.667,19.167,12.833,15.333,241.58,42.777,2112.5,5100,3550,4987.5,3600,5062.5,3525,5325,3512.5,0,20.983
41.018,24.333,26.333,19.167,12.833,15.333,306.47,58.173,2100,5087.5,3550,4987.5,3600,5062.5,3537.5,5312.5,3537.5,0,0
41.01,24.167,26.833,19.167,12.833,15.333,243.28,47.175,2100,5100,3537.5,5000,3600,5062.5,3550,5312.5,3525,0,41.467
40.911,24,26.833,19.167,12.833,15.333,223.28,33.156,2100,5075,3550,4987.5,3600,5062.5,3500,5337.5,3512.5,0,0
41.061,24.167,27.167,19.167,12.833,15.333,245.32,42.532,2100,5087.5,3550,4987.5,3600,5062.5,3512.5,5325,3512.5,0,41.433
41.314,23.5,28,19.167,12.833,15.333,239.83,41.607,2112.5,5087.5,3550,4987.5,3600,5087.5,3512.5,5312.5,3512.5,0,21.183
40.637,23,28.667,19.167,13,15.333,209.53,22.7,2112.5,5087.5,3550,4987.5,3600,5050,3525,5325,3500,0,20.883
41.864,23.667,27.667,19.167,12.833,15.333,337.67,40.607,2125,5087.5,3512.5,4962.5,3587.5,5050,3537.5,5300,3525,0,0
40.886,23,28.667,19.167,12.833,15.333,296.3,50.134,2112.5,5087.5,3537.5,4987.5,3575,5062.5,3537.5,5312.5,3525,0,21.617
41.048,24.167,27.167,19.167,12.833,15.333,296.18,61.131,2112.5,5100,3550,4975,3600,5075,3512.5,5337.5,3512.5,0,0
40.795,24.833,26.333,19.167,12.833,15.333,260,55.236,2100,5075,3525,4987.5,3600,5075,3537.5,5312.5,3525,0,23.167
40.872,23.167,28.667,19.167,12.833,15.333,178.47,32.708,2125,5100,3550,4975,3587.5,5062.5,3525,5325,3512.5,0,21.267
41.557,24.167,27,19.167,12.833,15.333,209.52,41.327,2112.5,5087.5,3550,4987.5,3600,5050,3525,5300,3525,0,20.717
40.925,23.667,27.667,19.167,12.833,15.333,291.42,57.474,2112.5,5075,3550,4987.5,3600,5062.5,3537.5,5312.5,3512.5,0,0
40.795,23.167,28,19.167,12.833,15.333,238.42,43.494,2100,5075,3537.5,4962.5,3600,5050,3537.5,5300,3512.5,0,21.7
42.541,23.333,27.833,19.167,12.833,15.167,316.98,57.113,2125,5087.5,3537.5,4962.5,3600,5050,3512.5,5325,3500,0,0
42.587,23.5,28.167,19.167,12.833,15.167,293.18,49.261,2100,5075,3537.5,4975,3562.5,5050,3500,5300,3525,0,21.567
41.367,23.667,27.333,19.167,12.833,15.167,278.75,51.919,2112.5,5087.5,3537.5,4975,3587.5,5050,3537.5,5312.5,3512.5,0,41.617
40.914,23.667,28.667,19.167,12.833,15.167,234,45.106,2112.5,5087.5,3537.5,4950,3600,5037.5,3537.5,5300,3525,0,20.833
40.544,24.167,27.5,19.167,12.833,15.167,279.32,36.34,2112.5,5100,3512.5,4987.5,3600,5062.5,3512.5,5312.5,3537.5,0,0
42.155,24,27.333,19,12.833,15.167,283.07,50.457,2112.5,5087.5,3550,4987.5,3600,5050,3500,5325,3525,0,21.917
41.609,23.167,27.833,19,12.667,15.167,304.03,53.025,2112.5,5087.5,3525,4975,3600,5050,3537.5,5312.5,3525,0,0
31.47,19,21,14.667,9.6667,11.5,324.67,57.738,1575,3812.5,2650,3750,2700,3787.5,2637.5,4000,2637.5,0,41.5
31.582,19,20.5,14.667,9.6667,11.5,234.32,53.343,1587.5,3825,2650,3737.5,2700,3787.5,2650,3987.5,2637.5,0,21.633
31.867,19.333,20.667,14.667,9.8333,11.5,284.17,48.195,1575,3825,2637.5,3750,2700,3787.5,2650,3975,2625,10.667,0
32.635,19.5,20.5,14.667,9.8333,11.5,280.33,50.892,1587.5,3812.5,2637.5,3750,2700,3800,2637.5,3987.5,2637.5,0,0
30.915,19.167,20.333,14.667,9.8333,11.5,275.5,55.111,1575,3825,2662.5,3737.5,2700,3787.5,2650,3975,2637.5,0,22.15
31.015,18.667,21.167,14.667,9.8333,11.5,320.83,53.204,1587.5,3825,2662.5,3725,2687.5,3775,2637.5,3975,2637.5,0,0
31.442,18,21.5,14.667,9.8333,11.5,279.85,47.977,1587.5,3825,2650,3737.5,2700,3787.5,2637.5,3975,2637.5,0,44.267
31.023,18.667,21.5,14.667,9.8333,11.5,288.88,53.634,1587.5,3825,2662.5,3725,2700,3787.5,2637.5,4000,2637.5,0,21.75
31.235,19.167,20.833,14.667,9.8333,11.5,247.18,44.454,1587.5,3812.5,2637.5,3737.5,2687.5,3787.5,2650,3987.5,2637.5,0,0
31.23,18.833,20.667,14.667,9.8333,11.5,245.05,4.5642,1575,3800,2637.5,3737.5,2700,3787.5,2662.5,3987.5,2637.5,0,0
30.74,19.833,19.667,14.667,9.8333,11.5,197.55,17.669,1587.5,3825,2662.5,3750,2687.5,3787.5,2650,3975,2637.5,0,42.517
30.905,18.5,21.167,14.667,9.8333,11.5,233.1,48.573,1600,3812.5,2650,3750,2700,3787.5,2662.5,4000,2637.5,0,0
31.085,18.667,21,14.667,9.8333,11.5,251.83,58.498,1587.5,3825,2662.5,3750,2687.5,3762.5,2625,3987.5,2625,0,21.517
31.11,18.833,21.833,14.667,9.8333,11.5,329.52,58.641,1587.5,3812.5,2662.5,3750,2700,3787.5,2650,3987.5,2650,0,23.483
30.855,18.5,22,14.667,9.6667,11.5,219.72,41.263,1587.5,3812.5,2650,3750,2700,3787.5,2650,3987.5,2637.5,0,0
31.02,18.833,21.5,14.667,9.6667,11.5,144.77,38.838,1575,3812.5,2650,3750,2700,3775,2637.5,3987.5,2625,0,0
30.845,19,20.5,14.667,9.8333,11.5,193.95,44.475,1587.5,3825,2650,3725,2700,3787.5,2625,4000,2625,0,42.6
30.87,18.5,21.667,14.667,9.8333,11.5,269.98,48.106,1587.5,3825,2662.5,3737.5,2700,3800,2637.5,3975,2650,0,0
31.095,18.5,21.5,14.667,9.8333,11.5,251.83,30.916,1587.5,3812.5,2650,3750,2700,3800,2650,3987.5,2650,0,21.667
30.725,18.833,21.667,14.5,9.8333,11.5,308.6,46.187,1575,3812.5,2650,3750,2700,3787.5,2650,3975,2637.5,0,21.367
30.835,18.833,21.833,14.5,9.8333,11.5,235,47.162,1575,3812.5,2637.5,3725,2700,3787.5,2650,3975,2637.5,0,0
30.89,19.833,20.833,14.5,9.8333,11.333,325.48,61.48,1587.5,3812.5,2637.5,3737.5,2700,3787.5,2650,4000,2637.5,0,0
30.81,18.833,21.333,14.5,9.8333,11.333,289.67,43.97,1575,3812.5,2662.5,3737.5,2700,3787.5,2650,4000,2625,0,22.283
30.685,18.5,21.5,14.667,9.8333,11.333,247.97,31.286,1575,3812.5,2662.5,3725,2700,3800,2650,4000,2637.5,0,0
31.13,19.333,20.667,14.667,9.8333,11.333,287.58,46.057,1575,3812.5,2637.5,3750,2700,3775,2650,3975,2650,0,21.85
30.715,19.167,20.833,14.667,9.8333,11.333,327.35,55.177,1575,3812.5,2650,3750,2700,3800,2650,4000,2625,0,25.517
31.195,18.833,21.667,14.667,9.8333,11.333,277.33,41.206,1587.5,3812.5,2650,3737.5,2700,3775,2650,3975,2625,0,0
31.15,19,21.333,14.667,9.8333,11.333,299.77,53.086,1587.5,3812.5,2637.5,3750,2687.5,3787.5,2637.5,3987.5,2625,0,0
30.75,19.333,20,14.667,9.8333,11.333,295.33,55.182,1600,3812.5,2650,3737.5,2687.5,3787.5,2637.5,3987.5,2637.5,0,27.817
30.96,19.167,20,14.667,9.8333,11.333,241.33,52.08,1587.5,3825,2650,3737.5,2700,3800,2650,3987.5,2637.5,0,0
30.84,18.833,21.333,14.667,9.8333,11.333,252.67,51.566,1612.5,3812.5,2662.5,3725,2700,3800,2637.5,3975,2637.5,0,26.233
31.045,18.5,21.167,14.667,9.8333,11.333,346.5,58.201,1575,3825,2662.5,3750,2675,3775,2637.5,3975,2625,0,21.3
31.195,18.333,21,14.667,9.8333,11.333,249.5,56.032,1587.5,3812.5,2650,3712.5,2687.5,3787.5,2637.5,4000,2637.5,0,0
31,18.667,20.833,14.667,9.8333,11.333,177.42,41.684,1575,3825,2662.5,3725,2687.5,3800,2650,3987.5,2625,0,0
30.655,18.333,20.833,14.667,9.8333,11.333,275.33,53.364,1575,3812.5,2662.5,3737.5,2687.5,3775,2637.5,3975,2637.5,0,28.017
30.83,18.5,21.167,14.667,9.5,11.333,260.25,41.168,1587.5,3825,2625,3737.5,2700,3787.5,2662.5,3975,2637.5,0,0
31.12,18.167,21.833,14.667,9.5,11.333,212.5,45.504,1575,3825,2650,3750,2700,3787.5,2637.5,3975,2637.5,0,26.317
31.01,19.167,19.833,14.667,9.5,11.333,313.7,53.529,1587.5,3825,2662.5,3737.5,2700,3800,2650,4000,2637.5,0,25.917
30.935,18.667,20.667,14.667,9.6667,11.333,224.83,44.633,1587.5,3825,2650,3737.5,2700,3775,2650,4000,2625,0,0
31.145,18.833,20.5,14.667,9.6667,11.333,215.92,45.204,1575,3812.5,2650,3737.5,2700,3800,2637.5,3987.5,2625,0,0
31.025,19.167,20.833,14.667,9.6667,11.333,277,73.638,1575,3800,2650,3737.5,2700,3787.5,2625,3975,2650,0,22.45
30.895,19.5,19.667,14.667,9.6667,11.333,298.17,61.776,1587.5,3825,2650,3750,2700,3800,2637.5,3975,2662.5,0,0
31.06,18,20.667,14.667,9.6667,11.333,233,47.514,1587.5,3812.5,2637.5,3737.5,2700,3787.5,2662.5,3987.5,2625,0,23.667
30.835,18.5,20.167,14.667,9.6667,11.333,262.6,37.536,1600,3825,2637.5,3737.5,2700,3787.5,2650,3987.5,2625,0,21.717
30.875,19.167,19.833,14.667,9.5,11.333,287.83,46.78,1587.5,3825,2662.5,3750,2700,3787.5,2637.5,3987.5,2650,0,0
30.9,19,20.833,14.667,9.5,11.333,314.93,48.041,1575,3825,2650,3750,2687.5,3787.5,2625,3975,2637.5,0,0
30.845,19.333,20.5,14.667,9.5,11.333,325.83,52.825,1587.5,3812.5,2650,3750,2700,3800,2637.5,3975,2625,0,22.5
31.155,18.167,21,14.667,9.5,11.333,315.93,53.681,1575,3812.5,2650,3737.5,2700,3787.5,2650,3975,2625,0,0
31.69,18.333,20.667,14.667,9.5,11.333,251.83,53.843,1575,3812.5,2637.5,3737.5,2700,3787.5,2650,3987.5,2650,0,23.833
31.91,18.333,21.667,14.667,9.5,11.333,341.33,56.476,1587.5,3812.5,2650,3725,2700,3787.5,2637.5,3987.5,2650,0,41.817
31.63,18.167,21.667,14.667,9.5,11.333,318.17,57.029,1575,3812.5,2650,3737.5,2675,3787.5,2637.5,3987.5,2625,0,0
33.195,18.333,21,14.667,9.5,11.333,318.83,65.623,1600,3825,2650,3725,2700,3800,2650,4012.5,2625,0,0
32.915,18.333,20.333,14.667,9.5,11.333,269.17,54.657,1575,3812.5,2650,3750,2700,3787.5,2637.5,4000,2637.5,0,22.583
32.06,18.5,20.833,14.667,9.5,11.333,304.87,54.46,1575,3825,2650,3725,2687.5,3800,2637.5,3975,2625,0,0
31.925,18.167,20.667,14.667,9.5,11.333,285.67,56.618,1575,3800,2662.5,3750,2700,3787.5,2637.5,3975,2637.5,0,28.517
31.6,18.333,21.333,14.667,9.5,11.333,289.5,56.777,1575,3825,2650,3750,2700,3787.5,2637.5,3987.5,2637.5,0,22.017
30.883,18.833,20.5,14.667,9.5,11.333,201.83,41.262,1575,3825,2650,3737.5,2700,3800,2650,3975,2625,0,0
31.633,18.5,20,14.667,9.5,11.333,225.67,36.12,1575,3812.5,2650,3725,2700,3787.5,2637.5,3975,2625,0,0
32.607,18.5,20,14.667,9.5,11.333,293.67,59.173,1587.5,3812.5,2637.5,3737.5,2700,3800,2662.5,3975,2650,0,22.717
31.73,18.667,20.833,14.667,9.5,11.333,221.83,30.956,1600,3825,2650,3737.5,2700,3787.5,2637.5,3987.5,2637.5,0,0
32.029,18.833,19.833,14.667,9.5,11.333,194.67,36.824,1587.5,3812.5,2650,3712.5,2700,3787.5,2662.5,4000,2637.5,0,23.567
31.886,18.333,21,14.667,9.5,11.167,343.5,54.995,1575,3825,2662.5,3725,2700,3800,2650,4000,2625,0,23.85
32.102,17.833,21.333,14.667,9.5,11.167,299.83,45.772,1587.5,3812.5,2637.5,3712.5,2700,3775,2637.5,3975,2650,0,0
31.848,18.167,21.333,14.667,9.5,11.167,311.4,55.651,1575,3812.5,2637.5,3737.5,2700,3787.5,2662.5,4000,2637.5,0,0
31.235,18.833,20.333,14.667,9.5,11.167,142.23,35.541,1587.5,3825,2650,3725,2700,3787.5,2637.5,3975,2637.5,0,22.383
31.269,18.333,20.333,14.667,9.5,11.167,272.6,54.608,1587.5,3812.5,2662.5,3737.5,2700,3775,2662.5,3987.5,2625,0,0
31.236,18.5,20.667,14.667,9.5,11.167,260,42.696,1575,3812.5,2662.5,3737.5,2700,3775,2650,3975,2637.5,0,22.733
32.005,17.667,21.167,14.667,9.5,11.167,214.03,35.548,1575,3800,2662.5,3725,2700,3775,2662.5,4000,2650,0,22.233
31.838,19.167,19.667,14.667,9.5,11.167,183.38,50.612,1587.5,3812.5,2637.5,3725,2700,3787.5,2650,4000,2637.5,0,0
31.98,19,19.833,14.5,9.5,11.167,282.53,57.47,1600,3825,2662.5,3750,2687.5,3775,2650,3975,2637.5,0,0
31.306,19.667,19.833,14.5,9.5,11.167,265.67,54.765,1575,3812.5,2637.5,3725,2700,3775,2650,4000,2650,0,22.467
31.316,18.667,19.833,14.5,9.5,11.167,291.2,58.861,1575,3812.5,2650,3750,2700,3787.5,2637.5,3975,2637.5,0,0
31.61,18.167,20.667,14.5,9.5,11.167,246.83,58.837,1575,3812.5,2650,3737.5,2687.5,3775,2650,3975,2662.5,0,22.7
31.266,17.833,21.5,14.5,9.5,11.167,346.5,65.809,1600,3812.5,2637.5,3725,2700,3775,2662.5,3987.5,2637.5,0,22.3
32.382,18.167,20.667,14.5,9.5,11.167,313.67,58.575,1575,3812.5,2650,3737.5,2700,3787.5,2662.5,4000,2625,0,0
32.038,18.667,20.667,14.5,9.5,11.167,213.6,43.118,1575,3825,2650,3737.5,2700,3787.5,2650,3987.5,2650,0,0
32.062,18.667,20.667,14.5,9.5,11.167,244.67,36.148,1575,3812.5,2625,3750,2700,3787.5,2662.5,3975,2625,0,22.517
30.645,18.5,21.667,14.5,9.5,11.167,310,53.866,1575,3800,2625,3737.5,2700,3787.5,2650,3975,2637.5,0,0
31.604,19.5,20.667,14.5,9.5,11.167,240.33,46.148,1575,3825,2625,3750,2700,3787.5,2650,4000,2650,0,22.433
31.428,17.5,21,14.5,9.5,11.167,240.1,46.39,1575,3825,2650,3725,2700,3775,2637.5,3987.5,2637.5,0,42.45
31.724,17.833,21.5,14.5,9.5,11.167,232.67,71.745,1575,3812.5,2650,3750,2700,3787.5,2662.5,3987.5,2650,0,0
32.011,18.167,21,14.5,9.5,11.167,314.33,69.192,1575,3812.5,2650,3737.5,2700,3787.5,2662.5,3987.5,2625,0,0
32.059,18.167,21.167,14.5,9.5,11.167,280.5,55.303,1575,3812.5,2650,3737.5,2700,3775,2650,3987.5,2637.5,0,22.617
32.098,18.667,20.333,14.5,9.3333,11,303.5,61.806,1575,3825,2650,3737.5,2687.5,3800,2650,3975,2650,0,0
31.546,17.5,21.5,14.5,9.3333,11,219.83,62.699,1575,3812.5,2650,3750,2700,3800,2662.5,3987.5,2637.5,0,22.5
31.78,17.667,21.167,14.5,9.3333,11,335.25,56.782,1575,3825,2650,3737.5,2700,3800,2650,4000,2637.5,0,23.617
31.576,17.833,21.167,14.5,9.3333,11,325.33,59.787,1575,3812.5,2637.5,3725,2687.5,3787.5,2637.5,3975,2625,0,0
31.938,18,20.5,14.5,9.3333,11,264.83,59.742,1587.5,3812.5,2662.5,3725,2700,3800,2650,4000,2637.5,0,0
32.354,17.833,21.167,14.5,9.3333,11,310.83,53.721,1575,3812.5,2650,3750,2675,3787.5,2650,3975,2625,0,22.683
32.179,18.333,20.333,14.5,9.3333,11,283.17,54.011,1587.5,3812.5,2637.5,3725,2700,3825,2662.5,4000,2637.5,0,0
31.672,18,19.5,14.5,9.3333,11,312.5,61.63,1587.5,3825,2662.5,3750,2700,3800,2637.5,4000,2637.5,0,22.567
31.243,17.5,20.5,14.5,9.3333,11,175.7,36.605,1575,3800,2650,3737.5,2675,3787.5,2662.5,3975,2637.5,0,22.767
31.424,17.667,19.5,14.333,9.3333,11,166.5,42.15,1587.5,3812.5,2637.5,3725,2700,3787.5,2650,4000,2637.5,0,0
42.85,26,26.667,19.667,12.667,14.667,650.33,129.09,2100,5050,3550,4975,3575,5075,3525,5325,3500,0,0
46.514,24.333,29,19.667,12.667,14.667,595,103.64,2100,5100,3525,5000,3600,5050,3525,5300,3550,0,45.533
46.69,24.333,28.667,19.667,12.667,14.667,552.33,87.593,2125,5100,3525,4975,3600,5050,3525,5300,3525,0,0
45.37,26,26.667,19.667,12.667,14.667,539,112.09,2125,5100,3525,4975,3600,5075,3525,5325,3525,0,45.433
43.48,24.667,28.667,19.667,12.667,14.667,400,75.745,2100,5050,3525,5000,3575,5050,3500,5300,3525,0,0
41.71,26.333,26.333,19.667,12.667,14.667,494,91.467,2100,5100,3550,5000,3600,5075,3500,5300,3525,0,0
42.35,24.333,29,19.667,12.667,14.667,646.33,104.34,2100,5100,3525,4950,3600,5025,3525,5300,3525,0,0
41.82,23,28.333,19.667,12.667,14.667,392.33,77.174,2100,5050,3550,4975,3600,5050,3525,5325,3525,0,45.667
40.78,23,28.333,19.667,12.667,14.667,524.67,118.79,2125,5100,3550,5000,3600,5075,3525,5300,3525,0,0
40.802,22.667,28,19.667,12.333,14.667,385.33,92.87,2100,5075,3550,4975,3600,5050,3500,5300,3500,0,45.567
21.51,13,15.667,10.333,6.6667,7.6667,303.33,48.747,1075,2550,1775,2475,1800,2525,1775,2675,1750,0,0
21.37,12.667,15.667,10.333,6.6667,7.6667,308,28.59,1075,2550,1775,2475,1800,2525,1775,2650,1750,0,0
21.6,13,15.333,10.333,6.6667,7.6667,463.33,72.41,1050,2550,1775,2475,1775,2525,1750,2650,1750,0,0
21.38,12.667,15.333,10.333,6.6667,7.6667,152.33,0.41537,1050,2550,1775,2475,1800,2550,1750,2675,1750,0,45.733
21.56,12.667,15.667,10.333,6.6667,7.6667,305.33,64.313,1050,2550,1775,2500,1800,2525,1775,2650,1750,0,0
21.48,14,13.333,10.333,6.6667,7.6667,230,30.87,1050,2550,1775,2500,1800,2550,1775,2675,1750,0,0
21.54,13,15.333,10.333,6.6667,7.6667,463.33,60.383,1050,2550,1775,2500,1800,2525,1750,2650,1750,0,0
21.47,13,15.333,10.333,6.6667,7.6667,229,46.683,1050,2550,1750,2500,1800,2525,1775,2675,1750,0,0
21.64,13,15.667,10.333,6.6667,7.6667,380,70.213,1050,2550,1775,2500,1800,2525,1750,2650,1775,0,0
21.57,13,15.667,10.333,6.6667,7.6667,309.33,49.11,1050,2550,1775,2500,1800,2525,1775,2675,1750,0,86.567
21.59,13,15.667,10.333,6.6667,7.6667,386.67,71.343,1075,2550,1775,2500,1800,2525,1750,2675,1775,0,0
21.55,12.667,15.667,10.333,6.6667,7.6667,151.33,46.377,1050,2550,1775,2500,1800,2550,1775,2650,1750,0,0
21.6,14,13.333,10.333,6.6667,7.6667,227.33,25.478,1075,2550,1750,2500,1800,2525,1775,2675,1750,0,0
21.42,14,13.333,10.333,6.6667,7.6667,308.33,50.197,1075,2525,1775,2475,1800,2525,1775,2650,1750,0,0
21.35,14,13.333,10.333,6.6667,7.6667,460,72.18,1050,2550,1750,2500,1800,2525,1775,2675,1750,0,0
21.42,13,15.667,10.333,6.6667,7.6667,226,23.349,1075,2550,1775,2475,1800,2525,1750,2650,1750,0,87.333
21.45,13,15.667,10.333,6.6667,7.6667,380,70.613,1050,2550,1775,2475,1800,2525,1775,2650,1750,0,0
21.46,13,15.333,10.333,6.6667,7.6667,231.33,40.193,1075,2550,1775,2500,1800,2525,1775,2650,1750,0,0
21.57,14,13.333,10.333,6.6667,7.6667,463.33,63.16,1050,2550,1775,2500,1800,2525,1775,2650,1775,0,0
21.53,13,15.333,10.333,6.6667,7.6667,303.33,46.217,1075,2550,1775,2500,1800,2525,1750,2650,1775,0,0
21.45,13.667,13.333,10.333,6.6667,7.6667,453.33,70.183,1050,2550,1775,2475,1800,2525,1750,2650,1775,0,0
21.56,14,13.333,10.333,6.6667,7.6667,232.33,36.297,1075,2525,1750,2500,1775,2525,1775,2650,1775,0,87.6
21.41,14,13.333,10.333,6.6667,7.6667,463.33,60.83,1050,2525,1750,2475,1800,2525,1775,2650,1775,0,0
21.48,14.333,13,10.333,6.6667,7.6667,303.33,47.223,1075,2550,1775,2500,1800,2525,1750,2650,1750,0,0
21.61,13,15.333,10.333,6.6667,7.6667,456.67,70.547,1050,2550,1750,2500,1800,2525,1775,2650,1750,0,0
21.48,14.333,13.333,10.333,6.6667,7.6667,308.67,48.97,1075,2550,1775,2475,1800,2525,1775,2650,1750,0,0
21.56,13,15.333,10.333,6.6667,7.6667,456.67,72.487,1050,2550,1775,2500,1800,2525,1750,2675,1750,0,0
21.48,13,15.333,10.333,6.6667,7.6667,226,23.427,1075,2550,1775,2500,1800,2525,1775,2650,1750,0,96.267
21.42,13,15.333,10.333,6.6667,7.6667,380,70.22,1050,2550,1775,2500,1800,2525,1775,2675,1775,0,0
21.58,13,15.667,10.333,6.6667,7.6667,230.67,38.53,1075,2550,1775,2500,1800,2525,1775,2650,1775,0,0
21.6,13,15.333,10.333,6.6667,7.6667,307.33,49,1050,2550,1750,2500,1800,2525,1775,2675,1750,0,0
21.42,13,15.333,10.333,6.6667,7.6667,225.67,0.33259,1050,2525,1750,2500,1800,2525,1775,2675,1750,0,0
21.6,12.667,15.333,10.333,6.6667,7.6667,376.67,65.82,1050,2550,1750,2500,1800,2525,1775,2650,1750,0,0
21.48,13,15.667,10.333,6.6667,7.6667,308.33,44.733,1050,2550,1775,2500,1800,2550,1750,2675,1775,0,47.3
21.58,12.667,15.333,10.333,6.3333,7.6667,386.67,71.943,1050,2550,1750,2500,1800,2550,1775,2675,1775,0,0
21.61,12.667,15.333,10.333,6.3333,7.6667,226.33,46.917,1050,2550,1750,2500,1800,2525,1775,2675,1775,0,0
21.54,13.667,13.667,10.333,6.3333,7.6667,450,69.413,1050,2550,1750,2500,1800,2525,1775,2675,1750,0,0
21.55,13.667,13.333,10.333,6.3333,7.6667,230,31.321,1050,2550,1775,2500,1775,2525,1775,2650,1750,0,0
21.46,14,13,10.333,6.3333,7.6667,463.33,58.067,1050,2525,1775,2500,1800,2525,1775,2650,1750,0,0
21.37,12.667,14.333,10.333,6.3333,7.6667,306.67,47.833,1050,2550,1750,2500,1800,2525,1775,2650,1775,0,56
21.46,10.333,12,10.333,6.3333,7.6667,380,46.84,1050,2525,1750,2500,1775,2550,1775,2650,1750,0,0
