time , HT0, HT1, HT2, c1c2missC0,c1c2missC1,c1c2missC2,c1c2missC3
5 , 2333046 , 0 , 30313763 , 3.502445e+05 , 329125, 0 , 0
10 , 2333046 , 2.663564e+07 , 30313763 , 3.502445e+05 , 329125, 306307 , 119667
15 , 299388 , 1729766 , 2258489 , 6.265450e+04 , 329125, 306307 , 63908
20 , 2420120 , 1729766 , 32508803 , 868078 , 329125, 306307 , 63908
25 , 2420120 , 21644488 , 32508803 , 868078 , 329125, 605318 , 63908
30 , 5.850035e+05 , 5398828 , 5636103 , 1.639955e+05 , 329125, 1.021935e+05 , 63908
35 , 979512 , 1.416472e+07 , 13684642 , 1.639955e+05 , 4.000015e+05, 1.021935e+05 , 1.653525e+05
40 , 556521 , 1285926 , 3.374237e+06 , 24967 , 1.684067e+04, 1.021935e+05 , 4.287933e+04
45 , 556521 , 33306191 , 3.374237e+06 , 24967 , 1.684067e+04, 928691 , 4.287933e+04
50 , 556521 , 2.075942e+07 , 3.374237e+06 , 24967 , 1.684067e+04, 235704 , 210486
55 , 7.098215e+05 , 5692839 , 5.971258e+06 , 1.429685e+05 , 1.684067e+04, 1.285405e+05 , 210486
60 , 7.098215e+05 , 25668348 , 5.971258e+06 , 1.429685e+05 , 1.684067e+04, 503828 , 210486
65 , 1173039 , 25668348 , 13565256 , 1.429685e+05 , 230746, 503828 , 210486
70 , 1.036894e+06 , 1.321172e+07 , 13953267 , 1.429685e+05 , 2.881665e+05, 352997 , 210486
75 , 3.143085e+05 , 1797630 , 2.335758e+06 , 3.382350e+04 , 2.881665e+05, 352997 , 68250
80 , 3.143085e+05 , 33151848 , 2.335758e+06 , 3.382350e+04 , 2.881665e+05, 783846 , 68250
85 , 1529595 , 33151848 , 20274848 , 568361 , 2.881665e+05, 783846 , 68250
90 , 5.752015e+05 , 5.641982e+06 , 6454063 , 568361 , 58735, 783846 , 1.243455e+05
95 , 1965297 , 5.641982e+06 , 26808262 , 784545 , 58735, 783846 , 1.243455e+05
100 , 1965297 , 5119016 , 26808262 , 784545 , 58735, 182631 , 1.243455e+05
105 , 2205603 , 5119016 , 32423440 , 800753 , 58735, 182631 , 1.243455e+05
110 , 1.299743e+05 , 2.876724e+06 , 1.780974e+06 , 27247 , 58735, 32661 , 114370
115 , 677473 , 8601234 , 8580886 , 2.431015e+05 , 58735, 1.855495e+05 , 114370
120 , 677473 , 19410543 , 8580886 , 2.431015e+05 , 58735, 2.737525e+05 , 113227
125 , 677473 , 1.980911e+07 , 8580886 , 2.431015e+05 , 58735, 325053 , 8.776650e+04
130 , 7.617725e+05 , 9.153488e+06 , 9567169 , 2.559525e+05 , 58735, 249827 , 8.776650e+04
135 , 7.617725e+05 , 18006367 , 9567169 , 2.559525e+05 , 58735, 249827 , 323016
140 , 7.617725e+05 , 19783086 , 9567169 , 2.559525e+05 , 58735, 343757 , 7.934350e+04
145 , 759255 , 1.067143e+07 , 1.090978e+07 , 289737 , 58735, 343757 , 7.126150e+04
150 , 759255 , 18289112 , 1.090978e+07 , 289737 , 58735, 417192 , 7.126150e+04
155 , 1605603 , 18289112 , 20542428 , 269233 , 2.495825e+05, 417192 , 7.126150e+04
160 , 1605603 , 19356930 , 20542428 , 269233 , 2.495825e+05, 409374 , 7.126150e+04
165 , 7.545175e+05 , 9537050 , 9.689454e+06 , 269233 , 2.498605e+05, 409374 , 1.066685e+05
170 , 7.518435e+05 , 9610598 , 10560985 , 269233 , 173213, 409374 , 284736
175 , 7.568115e+05 , 9.566160e+06 , 9733502 , 269233 , 255502, 409374 , 106447
180 , 1514250 , 9.566160e+06 , 1.924256e+07 , 2.441435e+05 , 245258, 409374 , 106447
185 , 894690 , 1.032234e+07 , 10120344 , 2.441435e+05 , 263779, 409374 , 1.618175e+05
190 , 754926 , 9.089726e+06 , 1.021079e+07 , 2.282015e+05 , 263779, 409374 , 1.927235e+05
195 , 1515018 , 9.089726e+06 , 18800101 , 523847 , 263779, 409374 , 1.927235e+05
200 , 759371 , 9950688 , 10249606 , 523847 , 2.186595e+05, 409374 , 2.133315e+05
205 , 7.768055e+05 , 10477047 , 1.073663e+07 , 2.576995e+05 , 2.186595e+05, 409374 , 9.698550e+04
210 , 7.768055e+05 , 18036753 , 1.073663e+07 , 2.576995e+05 , 2.186595e+05, 1.901215e+05 , 89617
215 , 7.980575e+05 , 1.015771e+07 , 1.035506e+07 , 2.576995e+05 , 2.321375e+05, 1.901215e+05 , 171881
220 , 1517576 , 1.015771e+07 , 19056640 , 514496 , 2.321375e+05, 1.901215e+05 , 171881
225 , 746550 , 9.634460e+06 , 10316517 , 514496 , 172117, 1.901215e+05 , 1.362185e+05
230 , 761600 , 9.180462e+06 , 9796557 , 514496 , 1.725645e+05, 1.901215e+05 , 293037
235 , 7.628895e+05 , 9.719162e+06 , 9.950170e+06 , 514496 , 2.259435e+05, 1.901215e+05 , 1.057435e+05
240 , 7.667505e+05 , 9105225 , 9147803 , 514496 , 2.680225e+05, 1.901215e+05 , 97027
245 , 7.667505e+05 , 19820882 , 9147803 , 514496 , 2.680225e+05, 1.901215e+05 , 397197
250 , 764138 , 8670357 , 9.770340e+06 , 514496 , 168341, 1.901215e+05 , 190470
255 , 764138 , 18953554 , 9.770340e+06 , 514496 , 168341, 1.901215e+05 , 214843
260 , 769819 , 9.576864e+06 , 9.878342e+06 , 514496 , 208290, 1.901215e+05 , 220659
265 , 748117 , 9902739 , 11192942 , 2.386665e+05 , 208290, 267256 , 220659
270 , 760846 , 8786837 , 8.695078e+06 , 2.336905e+05 , 208290, 267256 , 79707
275 , 8.066695e+05 , 10094178 , 10328564 , 2.336905e+05 , 2.625115e+05, 267256 , 179557
280 , 766340 , 9147932 , 9180253 , 2.336905e+05 , 2.684475e+05, 267256 , 99115
285 , 7.764375e+05 , 9034499 , 9.269358e+06 , 2.336905e+05 , 234676, 267256 , 124680
290 , 7.764375e+05 , 19610911 , 9.269358e+06 , 2.336905e+05 , 234676, 2.256435e+05 , 2.109755e+05
295 , 766370 , 9034992 , 9.911760e+06 , 2.344665e+05 , 234676, 2.256435e+05 , 180094
300 , 758425 , 9578511 , 9.563978e+06 , 2.344665e+05 , 2.567095e+05, 2.256435e+05 , 97422
305 , 819119 , 1.076913e+07 , 1.191284e+07 , 2.344665e+05 , 141571, 2.256435e+05 , 245468
310 , 757335 , 8.879584e+06 , 10059542 , 2.344665e+05 , 1.484685e+05, 2.256435e+05 , 1.901905e+05
315 , 1023558 , 9206654 , 9458778 , 250125 , 1.484685e+05, 2.256435e+05 , 1.162655e+05
320 , 1023558 , 1.969436e+07 , 9458778 , 250125 , 1.484685e+05, 2.591155e+05 , 274921
325 , 771420 , 9.199570e+06 , 9123664 , 2.728835e+05 , 1.484685e+05, 2.591155e+05 , 88619
330 , 7.553415e+05 , 9.451778e+06 , 9.576810e+06 , 2.728835e+05 , 250431, 2.591155e+05 , 9.574950e+04
335 , 1635225 , 9.451778e+06 , 20463656 , 502660 , 250431, 2.591155e+05 , 9.574950e+04
340 , 7.490495e+05 , 9.233748e+06 , 10529312 , 502660 , 1.397635e+05, 2.591155e+05 , 196787
345 , 1544076 , 9.233748e+06 , 18722933 , 502660 , 531637, 2.591155e+05 , 196787
350 , 1544076 , 20402294 , 18722933 , 502660 , 531637, 2.211285e+05 , 219815
355 , 760036 , 9631420 , 9753021 , 265850 , 531637, 2.211285e+05 , 9.636850e+04
360 , 757265 , 9629821 , 9.797342e+06 , 265850 , 243534, 2.211285e+05 , 95839
365 , 8.094895e+05 , 1.033252e+07 , 10474646 , 265850 , 2.425085e+05, 2.211285e+05 , 1.691695e+05
370 , 1517527 , 1.033252e+07 , 19511895 , 490236 , 2.425085e+05, 2.211285e+05 , 1.691695e+05
375 , 7.629495e+05 , 8546351 , 9.662726e+06 , 490236 , 169500, 2.211285e+05 , 181237
380 , 1.017883e+06 , 6712547 , 1.344647e+07 , 1.970817e+05 , 1.463023e+05, 2.211285e+05 , 147071
385 , 1497410 , 6712547 , 21904737 , 420737 , 1.463023e+05, 2.211285e+05 , 147071
390 , 1511919 , 6712547 , 20628651 , 420737 , 387025, 2.211285e+05 , 147071
395 , 8.120005e+05 , 10207453 , 10670449 , 420737 , 2.395385e+05, 2.211285e+05 , 1.816075e+05
400 , 1502691 , 10207453 , 21013217 , 373088 , 2.395385e+05, 2.211285e+05 , 1.816075e+05
405 , 1502691 , 1.848728e+07 , 21013217 , 373088 , 2.395385e+05, 188632 , 104796
410 , 766829 , 9.553576e+06 , 9842796 , 373088 , 230765, 188632 , 203172
415 , 1513191 , 9.553576e+06 , 20128419 , 373088 , 275630, 188632 , 203172
420 , 1513191 , 18810772 , 20128419 , 373088 , 275630, 412860 , 203172
425 , 1513191 , 19746820 , 20128419 , 373088 , 275630, 412860 , 197523
430 , 1513191 , 18617388 , 20128419 , 373088 , 275630, 412860 , 109186
435 , 7.564195e+05 , 9.703174e+06 , 9388653 , 373088 , 2.697915e+05, 412860 , 6.473850e+04
440 , 5.096087e+05 , 1.255644e+07 , 6.195367e+06 , 1.890077e+05 , 2.697915e+05, 138469 , 1.216093e+05
445 , 7.546175e+05 , 9891017 , 10293572 , 1.890077e+05 , 226282, 138469 , 93633
450 , 7.639775e+05 , 9160011 , 9154667 , 2.351255e+05 , 226282, 138469 , 115203
455 , 808431 , 1.010891e+07 , 1.041114e+07 , 2.351255e+05 , 242653, 138469 , 1.787295e+05
460 , 1499398 , 1.010891e+07 , 20691000 , 2.351255e+05 , 280928, 138469 , 1.787295e+05
465 , 7.501525e+05 , 9796923 , 9888978 , 2.585375e+05 , 280928, 138469 , 79783
470 , 754314 , 9877220 , 10183885 , 262463 , 280928, 138469 , 1.287345e+05
475 , 762265 , 8.608802e+06 , 9403510 , 2.361125e+05 , 280928, 138469 , 1.791415e+05
480 , 7.511645e+05 , 9707806 , 10305458 , 236065 , 280928, 138469 , 1.345245e+05
485 , 1630089 , 9707806 , 2.011629e+07 , 2.731785e+05 , 1.994665e+05, 138469 , 1.345245e+05
490 , 1630089 , 19792008 , 2.011629e+07 , 2.731785e+05 , 1.994665e+05, 410623 , 1.345245e+05
495 , 1630089 , 18846667 , 2.011629e+07 , 2.731785e+05 , 1.994665e+05, 410623 , 242402
500 , 1630089 , 19753420 , 2.011629e+07 , 2.731785e+05 , 1.994665e+05, 410623 , 410120
505 , 1630089 , 20126586 , 2.011629e+07 , 2.731785e+05 , 1.994665e+05, 410623 , 241879
510 , 7.553105e+05 , 9.132782e+06 , 1.014421e+07 , 2.731785e+05 , 1.496275e+05, 410623 , 179612
515 , 8.248085e+05 , 9697471 , 9.708362e+06 , 278814 , 1.496275e+05, 410623 , 1.868055e+05
520 , 8.248085e+05 , 19204142 , 9.708362e+06 , 278814 , 1.496275e+05, 410623 , 331392
525 , 8.248085e+05 , 19057574 , 9.708362e+06 , 278814 , 1.496275e+05, 541043 , 331392
530 , 8.248085e+05 , 18666830 , 9.708362e+06 , 278814 , 1.496275e+05, 541043 , 583084
535 , 756531 , 9144376 , 1.005722e+07 , 278814 , 1.736185e+05, 2.772055e+05 , 583084
540 , 756531 , 17627646 , 1.005722e+07 , 278814 , 1.736185e+05, 2.772055e+05 , 277432
545 , 756531 , 19501787 , 1.005722e+07 , 278814 , 1.736185e+05, 537635 , 277432
550 , 1527356 , 19501787 , 20049130 , 523414 , 1.736185e+05, 537635 , 277432
555 , 1527356 , 17098068 , 20049130 , 523414 , 1.736185e+05, 632222 , 277432
560 , 1527356 , 20374235 , 20049130 , 523414 , 1.736185e+05, 632222 , 410076
565 , 1527356 , 18315141 , 20049130 , 523414 , 1.736185e+05, 632222 , 399224
570 , 1527356 , 18984921 , 20049130 , 523414 , 1.736185e+05, 396261 , 399224
575 , 1527356 , 20440969 , 20049130 , 523414 , 1.736185e+05, 446233 , 399224
580 , 1532169 , 20440969 , 20319438 , 475744 , 1.736185e+05, 446233 , 399224
585 , 1531156 , 20440969 , 19063887 , 371041 , 1.736185e+05, 446233 , 399224
590 , 7.621355e+05 , 9.552824e+06 , 9.982448e+06 , 371041 , 2.447915e+05, 234993 , 399224
595 , 7.621355e+05 , 17039957 , 9.982448e+06 , 371041 , 2.447915e+05, 488645 , 399224
600 , 7.621355e+05 , 18873242 , 9.982448e+06 , 371041 , 2.447915e+05, 491639 , 399224
605 , 8.195205e+05 , 9440631 , 1.078931e+07 , 196809 , 2.447915e+05, 491639 , 271195
610 , 8.195205e+05 , 2.011325e+07 , 1.078931e+07 , 196809 , 2.447915e+05, 238669 , 1.032875e+05
615 , 8.195205e+05 , 18993227 , 1.078931e+07 , 196809 , 2.447915e+05, 429998 , 1.032875e+05
620 , 1528153 , 18993227 , 19342050 , 2.486055e+05 , 2.468645e+05, 429998 , 1.032875e+05
625 , 1528153 , 20021031 , 19342050 , 2.486055e+05 , 2.468645e+05, 568736 , 1.032875e+05
630 , 753813 , 9646396 , 9630503 , 271734 , 2.468645e+05, 2.418415e+05 , 1.032875e+05
635 , 819778 , 10358902 , 10541111 , 271159 , 2.468645e+05, 2.418415e+05 , 123001
640 , 7.607105e+05 , 8.876474e+06 , 9.918042e+06 , 271159 , 1.607365e+05, 2.418415e+05 , 212680
645 , 756573 , 9.682672e+06 , 9.702600e+06 , 260941 , 1.607365e+05, 2.418415e+05 , 128846
650 , 756573 , 18250576 , 9.702600e+06 , 260941 , 1.607365e+05, 2.418415e+05 , 595775
655 , 7.471015e+05 , 9840811 , 9906120 , 260941 , 243133, 2.418415e+05 , 97277
660 , 7.586385e+05 , 9.249980e+06 , 1.005080e+07 , 260941 , 1.935015e+05, 2.418415e+05 , 1.593235e+05
665 , 7.586385e+05 , 2.009692e+07 , 1.005080e+07 , 260941 , 1.935015e+05, 246127 , 2.341135e+05
670 , 7.583545e+05 , 8.852862e+06 , 10092411 , 260941 , 1.040875e+05, 246127 , 1.791685e+05
675 , 7.595105e+05 , 8921567 , 10053893 , 2.172945e+05 , 1.040875e+05, 246127 , 210543
680 , 7.671675e+05 , 9.413264e+06 , 9529463 , 2.172945e+05 , 257060, 246127 , 1.644115e+05
685 , 761369 , 9760082 , 9.634006e+06 , 263311 , 257060, 246127 , 7.937650e+04
690 , 756669 , 9525618 , 9727636 , 263311 , 249912, 246127 , 9.787950e+04
695 , 1645148 , 9525618 , 21621992 , 423748 , 249912, 246127 , 9.787950e+04
700 , 1645148 , 19412854 , 21621992 , 423748 , 249912, 463867 , 9.787950e+04
705 , 758046 , 9643248 , 9850778 , 242312 , 249912, 463867 , 137048
710 , 758046 , 1.900883e+07 , 9850778 , 242312 , 249912, 2.740165e+05 , 239913
715 , 503590 , 1.262423e+07 , 6.336347e+06 , 167744 , 249912, 1.364533e+05 , 6.516567e+04
720 , 503590 , 17023387 , 6.336347e+06 , 167744 , 249912, 1.364533e+05 , 404177
725 , 8.179845e+05 , 1.016344e+07 , 1.022412e+07 , 167744 , 233256, 1.364533e+05 , 1.838715e+05
730 , 1535676 , 1.016344e+07 , 19219029 , 496908 , 233256, 1.364533e+05 , 1.838715e+05
735 , 7.584975e+05 , 8918218 , 1.001123e+07 , 496908 , 164148, 1.364533e+05 , 251696
740 , 7.750985e+05 , 9917191 , 9955527 , 276214 , 164148, 1.364533e+05 , 150834
745 , 7.750985e+05 , 19152633 , 9955527 , 276214 , 164148, 1.364533e+05 , 436844
750 , 1505278 , 19152633 , 19860662 , 579489 , 164148, 1.364533e+05 , 436844
755 , 1505278 , 20306111 , 19860662 , 579489 , 164148, 459659 , 436844
760 , 762105 , 9457860 , 9.654964e+06 , 258695 , 164148, 213364 , 436844
765 , 7.600085e+05 , 9.734702e+06 , 10012391 , 267069 , 164148, 213364 , 160821
770 , 7.600085e+05 , 19334693 , 10012391 , 267069 , 164148, 213364 , 304701
775 , 7.590565e+05 , 8750549 , 9742924 , 267069 , 1.303795e+05, 2.267895e+05 , 304701
780 , 7.460465e+05 , 9700764 , 10240194 , 214865 , 1.303795e+05, 263761 , 304701
785 , 1658112 , 9700764 , 20864942 , 516945 , 1.303795e+05, 263761 , 304701
790 , 1498309 , 9700764 , 20698366 , 516945 , 457529, 263761 , 304701
795 , 1498309 , 17358000 , 20698366 , 516945 , 457529, 469117 , 304701
800 , 1498309 , 18013725 , 20698366 , 516945 , 457529, 469117 , 470875
805 , 1504600 , 18013725 , 20482468 , 470737 , 457529, 469117 , 470875
810 , 775855 , 8.249982e+06 , 9597185 , 470737 , 1.633945e+05, 469117 , 2.067945e+05
815 , 1818761 , 8.249982e+06 , 21003109 , 277591 , 264197, 469117 , 2.067945e+05
820 , 1818761 , 19893134 , 21003109 , 277591 , 264197, 483059 , 2.067945e+05
825 , 1498859 , 19893134 , 21057693 , 401563 , 264197, 483059 , 2.067945e+05
830 , 1498859 , 19369624 , 21057693 , 401563 , 264197, 404471 , 2.067945e+05
835 , 1498859 , 18518739 , 21057693 , 401563 , 264197, 404471 , 409854
840 , 7.554095e+05 , 9474582 , 9.740758e+06 , 401563 , 225816, 404471 , 1.239695e+05
845 , 7.554095e+05 , 20040232 , 9.740758e+06 , 401563 , 225816, 435699 , 1.239695e+05
850 , 7.554095e+05 , 18910889 , 9.740758e+06 , 401563 , 225816, 213273 , 1.328235e+05
855 , 757871 , 9.270776e+06 , 9982310 , 2.306915e+05 , 225816, 213273 , 210182
860 , 756196 , 9.779360e+06 , 9.831544e+06 , 2.306915e+05 , 252072, 1.978425e+05 , 210182
865 , 491777 , 8.422107e+06 , 4.351356e+06 , 114530 , 252072, 100963 , 3.714667e+04
870 , 7.770175e+05 , 1.239407e+07 , 1.379925e+07 , 307202 , 252072, 100963 , 241777
875 , 567034 , 6202704 , 6460018 , 1.652745e+05 , 252072, 1.331345e+05 , 241777
880 , 1.028942e+06 , 1.346779e+07 , 13502214 , 348012 , 252072, 1.331345e+05 , 1.102275e+05
885 , 2.153337e+05 , 3144741 , 1888930 , 348012 , 1.583633e+04, 3.609733e+04 , 78678
890 , 2.153337e+05 , 32217410 , 1888930 , 348012 , 1.583633e+04, 4.177205e+05 , 279249
895 , 752756 , 9.530868e+06 , 9.765276e+06 , 3.143475e+05 , 1.583633e+04, 203188 , 279249
900 , 614330 , 5.581738e+06 , 5.943682e+06 , 167481 , 1.583633e+04, 203188 , 104721
905 , 1938754 , 5.581738e+06 , 27734378 , 732584 , 1.583633e+04, 203188 , 104721
910 , 831077 , 5.581738e+06 , 8599476 , 732584 , 82096, 203188 , 104721
915 , 831077 , 31112809 , 8599476 , 732584 , 82096, 203188 , 457156
920 , 1.502623e+05 , 2.533016e+06 , 1.699052e+06 , 2.957367e+04 , 82096, 3.708633e+04 , 72977
925 , 1284854 , 13280985 , 13142598 , 2.957367e+04 , 3.621895e+05, 293595 , 72977
930 , 1284854 , 25158179 , 13142598 , 2.957367e+04 , 3.621895e+05, 3.444295e+05 , 211953
935 , 533274 , 6568865 , 6.993930e+06 , 1.646365e+05 , 3.621895e+05, 136652 , 211953
940 , 1036710 , 1.304323e+07 , 1.376884e+07 , 3.233025e+05 , 3.621895e+05, 319553 , 211953
945 , 4.387993e+05 , 1.238961e+06 , 3218161 , 24626 , 2.176167e+04, 319553 , 85209
950 , 1196146 , 16333038 , 17029855 , 24626 , 3.637605e+05, 4.032755e+05 , 85209
955 , 1527758 , 16333038 , 19353088 , 24626 , 409957, 4.032755e+05 , 85209
960 , 1527758 , 1.139643e+07 , 19353088 , 24626 , 409957, 1.230845e+05 , 9.412150e+04
965 , 1527758 , 28414152 , 19353088 , 24626 , 409957, 636382 , 9.412150e+04
970 , 867764 , 28414152 , 6749249 , 24626 , 174374, 636382 , 9.412150e+04
975 , 1.084310e+06 , 1.559095e+07 , 1.632649e+07 , 4.114365e+05 , 174374, 406810 , 9.412150e+04
980 , 138566 , 2592893 , 1.777990e+06 , 2.049233e+04 , 174374, 4.007567e+04 , 7.567733e+04
985 , 666483 , 9196935 , 9.117972e+06 , 246551 , 174374, 191038 , 7.567733e+04
990 , 756141 , 9216720 , 10194383 , 2.327695e+05 , 174374, 191038 , 1.644245e+05
995 , 1666817 , 9216720 , 20833603 , 484910 , 174374, 191038 , 1.644245e+05
1000 , 1666817 , 18931808 , 20833603 , 484910 , 174374, 191038 , 245883
1005 , 1666817 , 17623588 , 20833603 , 484910 , 174374, 191038 , 532120
1010 , 1666817 , 19358889 , 20833603 , 484910 , 174374, 191038 , 274664
1015 , 1510318 , 19358889 , 19309811 , 470114 , 174374, 191038 , 274664
1020 , 7.526475e+05 , 9435159 , 10315459 , 187783 , 174374, 277587 , 274664
1025 , 8.175435e+05 , 10014381 , 1.120724e+07 , 187783 , 1.576865e+05, 277587 , 2.349085e+05
1030 , 8.175435e+05 , 17733505 , 1.120724e+07 , 187783 , 1.576865e+05, 590162 , 2.349085e+05
1035 , 8.175435e+05 , 1.957175e+07 , 1.120724e+07 , 187783 , 1.576865e+05, 195003 , 1.668295e+05
1040 , 8.175435e+05 , 18691260 , 1.120724e+07 , 187783 , 1.576865e+05, 195003 , 452562
1045 , 1510890 , 18691260 , 19354689 , 526994 , 1.576865e+05, 195003 , 452562
1050 , 756278 , 9403048 , 9.955738e+06 , 249453 , 1.576865e+05, 195003 , 1.266305e+05
1055 , 756278 , 1.941276e+07 , 9.955738e+06 , 249453 , 1.576865e+05, 2.897815e+05 , 2.571565e+05
1060 , 7.564695e+05 , 9.582626e+06 , 10073979 , 252630 , 1.576865e+05, 249658 , 2.571565e+05
1065 , 763248 , 9008228 , 1.015066e+07 , 252630 , 158076, 249658 , 2.594535e+05
1070 , 7.583465e+05 , 9607172 , 9.758520e+06 , 245017 , 158076, 249658 , 1.524855e+05
1075 , 519603 , 1.336623e+07 , 6.973415e+06 , 1.824433e+05 , 158076, 1.701333e+05 , 7.089467e+04
1080 , 733476 , 8845972 , 8859995 , 1.824433e+05 , 2.118025e+05, 1.701333e+05 , 1.142475e+05
1085 , 1642916 , 8845972 , 21767267 , 440226 , 2.118025e+05, 1.701333e+05 , 1.142475e+05
1090 , 1642916 , 19538102 , 21767267 , 440226 , 2.118025e+05, 1.701333e+05 , 154825
1095 , 754181 , 9.657126e+06 , 9.890076e+06 , 440226 , 231189, 1.701333e+05 , 72411
1100 , 756485 , 9704106 , 9656091 , 440226 , 2.572175e+05, 1.701333e+05 , 5.333150e+04
1105 , 748318 , 9.638134e+06 , 1.104035e+07 , 2.081785e+05 , 2.572175e+05, 1.701333e+05 , 180118
1110 , 768595 , 9662476 , 9762300 , 2.657215e+05 , 2.572175e+05, 1.701333e+05 , 1.228985e+05
1115 , 768595 , 2.090400e+07 , 9762300 , 2.657215e+05 , 2.572175e+05, 252202 , 166722
1120 , 7.504825e+05 , 9495742 , 1.046971e+07 , 2.297215e+05 , 2.572175e+05, 252202 , 1.836065e+05
1125 , 7.504825e+05 , 1.879719e+07 , 1.046971e+07 , 2.297215e+05 , 2.572175e+05, 2.444655e+05 , 195982
1130 , 7.504825e+05 , 19293564 , 1.046971e+07 , 2.297215e+05 , 2.572175e+05, 2.444655e+05 , 304289
1135 , 7.504825e+05 , 2.144456e+07 , 1.046971e+07 , 2.297215e+05 , 2.572175e+05, 2.452845e+05 , 6.685750e+04
1140 , 7.504825e+05 , 16421939 , 1.046971e+07 , 2.297215e+05 , 2.572175e+05, 237987 , 2.233235e+05
1145 , 7.504825e+05 , 2.050009e+07 , 1.046971e+07 , 2.297215e+05 , 2.572175e+05, 2.285945e+05 , 1.378335e+05
1150 , 7.504825e+05 , 19456571 , 1.046971e+07 , 2.297215e+05 , 2.572175e+05, 233501 , 1.166385e+05
1155 , 758449 , 9.633046e+06 , 10017846 , 2.436385e+05 , 2.572175e+05, 233501 , 153891
1160 , 743565 , 9.521292e+06 , 1.028917e+07 , 2.436385e+05 , 167235, 233501 , 1.996785e+05
1165 , 743565 , 19027230 , 1.028917e+07 , 2.436385e+05 , 167235, 233501 , 220116
1170 , 7.546105e+05 , 9183104 , 1.059062e+07 , 2.436385e+05 , 123058, 233501 , 250120
1175 , 915125 , 10327356 , 10529258 , 285475 , 123058, 233501 , 1.427845e+05
1180 , 915125 , 19453733 , 10529258 , 285475 , 123058, 431119 , 1.427845e+05
1185 , 753788 , 9.844886e+06 , 9988047 , 285475 , 192133, 431119 , 1.710375e+05
1190 , 753788 , 19217982 , 9988047 , 285475 , 192133, 431119 , 267278
1195 , 748114 , 9.283156e+06 , 1.034159e+07 , 2.288695e+05 , 192133, 431119 , 1.927175e+05
1200 , 7.566865e+05 , 9611529 , 9.566176e+06 , 264759 , 192133, 431119 , 134697
1205 , 8.373645e+05 , 9.471286e+06 , 10907680 , 2.263415e+05 , 192133, 431119 , 221750
1210 , 1513036 , 9.471286e+06 , 20382647 , 403181 , 192133, 431119 , 221750
1215 , 7.625205e+05 , 9854559 , 9984468 , 2.313085e+05 , 192133, 431119 , 1.881115e+05
1220 , 761525 , 8.300530e+06 , 9599161 , 2.313085e+05 , 171909, 431119 , 224500
1225 , 7.565075e+05 , 9129686 , 1.056272e+07 , 208130 , 171909, 431119 , 208040
1230 , 7.620645e+05 , 9322654 , 9695114 , 2.758385e+05 , 171909, 431119 , 1.627885e+05
1235 , 8.215135e+05 , 9.325716e+06 , 10815268 , 2.758385e+05 , 1.182395e+05, 431119 , 2.291185e+05
1240 , 765614 , 8769402 , 10108524 , 2.097495e+05 , 1.182395e+05, 431119 , 210985
1245 , 7.714055e+05 , 9708089 , 9.556916e+06 , 2.584015e+05 , 1.182395e+05, 431119 , 1.960405e+05
1250 , 7.586035e+05 , 9.601398e+06 , 9.632272e+06 , 2.584015e+05 , 2.219025e+05, 431119 , 115635
1255 , 1512415 , 9.601398e+06 , 19204986 , 493872 , 2.219025e+05, 431119 , 115635
1260 , 7.706315e+05 , 9561432 , 9514731 , 2.636575e+05 , 2.219025e+05, 301857 , 115635
1265 , 8.309995e+05 , 1.033403e+07 , 10324022 , 2.636575e+05 , 267799, 301857 , 97265
1270 , 7.583835e+05 , 9.394200e+06 , 9261637 , 2.636575e+05 , 234758, 301857 , 1.178665e+05
1275 , 7.590635e+05 , 9327514 , 1.048095e+07 , 2.353295e+05 , 234758, 301857 , 2.792815e+05
1280 , 7.592315e+05 , 9248582 , 9.410254e+06 , 2.353295e+05 , 2.576915e+05, 301857 , 105383
1285 , 7.599345e+05 , 9.537416e+06 , 9730267 , 242641 , 2.576915e+05, 301857 , 1.066525e+05
1290 , 7.570035e+05 , 8801035 , 9.941740e+06 , 198093 , 2.576915e+05, 301857 , 290716
1295 , 7.570035e+05 , 20183432 , 9.941740e+06 , 198093 , 2.576915e+05, 301857 , 187522
1300 , 7.485275e+05 , 9.549632e+06 , 1.052213e+07 , 2.276445e+05 , 2.576915e+05, 301857 , 172779
1305 , 764837 , 9522775 , 9575003 , 2.276445e+05 , 2.665285e+05, 301857 , 2.122455e+05
1310 , 1511886 , 9522775 , 2.031513e+07 , 199927 , 146623, 301857 , 2.122455e+05
1315 , 759232 , 9405714 , 9348030 , 2.483875e+05 , 146623, 301857 , 116785
1320 , 7.563495e+05 , 9603635 , 10014663 , 239014 , 146623, 318519 , 116785
1325 , 1654025 , 9603635 , 21165921 , 476556 , 146623, 318519 , 116785
1330 , 771883 , 9.230760e+06 , 9549712 , 240866 , 146623, 318519 , 8.524150e+04
1335 , 7.636965e+05 , 9297345 , 10368550 , 233876 , 146623, 318519 , 165019
1340 , 7.468715e+05 , 9.479620e+06 , 10209099 , 2.419465e+05 , 146623, 318519 , 107677
1345 , 1507346 , 9.479620e+06 , 21222621 , 571515 , 146623, 318519 , 107677
1350 , 755181 , 9728470 , 1.008055e+07 , 571515 , 2.048295e+05, 318519 , 166281
1355 , 1665050 , 9728470 , 21775997 , 571515 , 218542, 318519 , 166281
1360 , 762843 , 9.695824e+06 , 9923895 , 571515 , 2.327075e+05, 318519 , 98914
1365 , 7.534875e+05 , 9108634 , 1.019035e+07 , 2.297745e+05 , 2.327075e+05, 318519 , 3.037915e+05
1370 , 7.500805e+05 , 9.876028e+06 , 10064842 , 2.297745e+05 , 239776, 318519 , 9.691050e+04
1375 , 762723 , 9.089566e+06 , 9223848 , 2.628705e+05 , 239776, 318519 , 1.310455e+05
1380 , 7.553205e+05 , 9714220 , 9819256 , 2.628705e+05 , 2.373055e+05, 318519 , 177865
1385 , 8.319305e+05 , 10244316 , 10854019 , 2.628705e+05 , 205547, 318519 , 1.200235e+05
1390 , 8.319305e+05 , 16980404 , 10854019 , 2.628705e+05 , 205547, 318519 , 290042
1395 , 7.497925e+05 , 1.011867e+07 , 10305885 , 2.628605e+05 , 205547, 318519 , 209356
1400 , 7.497925e+05 , 16880342 , 10305885 , 2.628605e+05 , 205547, 244645 , 2.035815e+05
1405 , 7.565735e+05 , 9638404 , 9871511 , 2.628605e+05 , 2.270825e+05, 244645 , 9.763150e+04
1410 , 7.561215e+05 , 9.474566e+06 , 9572444 , 2.628605e+05 , 2.436075e+05, 244645 , 148753
1415 , 8.321315e+05 , 9.958730e+06 , 9820012 , 2.628605e+05 , 258999, 244645 , 81277
1420 , 770926 , 9.284414e+06 , 9.496900e+06 , 2.628605e+05 , 2.155625e+05, 244645 , 1.083305e+05
1425 , 760748 , 1.015403e+07 , 10169030 , 2.718125e+05 , 2.155625e+05, 244645 , 1.911185e+05
1430 , 760748 , 1.886004e+07 , 10169030 , 2.718125e+05 , 2.155625e+05, 214579 , 102045
1435 , 760748 , 17835003 , 10169030 , 2.718125e+05 , 2.155625e+05, 214579 , 379818
1440 , 7.616365e+05 , 9.745080e+06 , 9.622826e+06 , 2.718125e+05 , 2.645815e+05, 214579 , 155068
1445 , 821744 , 1.006084e+07 , 10429049 , 2.466215e+05 , 2.645815e+05, 214579 , 127491
1450 , 1518285 , 1.006084e+07 , 18455607 , 484081 , 2.645815e+05, 214579 , 127491
1455 , 1496217 , 1.006084e+07 , 20783275 , 496036 , 2.645815e+05, 214579 , 127491
1460 , 1504654 , 1.006084e+07 , 20460816 , 496036 , 306784, 214579 , 127491
1465 , 1504654 , 19953020 , 20460816 , 496036 , 306784, 516927 , 127491
1470 , 1504654 , 18318716 , 20460816 , 496036 , 306784, 254568 , 229941
1475 , 8.414425e+05 , 1.008721e+07 , 10321166 , 496036 , 225135, 254568 , 105104
1480 , 7.627435e+05 , 9626385 , 10081394 , 496036 , 221205, 254568 , 137403
1485 , 1.023187e+06 , 6.382856e+06 , 12626606 , 1.774443e+05 , 1.629443e+05, 254568 , 127850
1490 , 1.023187e+06 , 1.946772e+07 , 12626606 , 1.774443e+05 , 1.629443e+05, 215175 , 1.167315e+05
1495 , 1.023187e+06 , 18504287 , 12626606 , 1.774443e+05 , 1.629443e+05, 215175 , 231988
1500 , 757674 , 9828038 , 9.889398e+06 , 1.774443e+05 , 2.614055e+05, 215175 , 1.791675e+05
1505 , 843282 , 9.147680e+06 , 1.014203e+07 , 1.774443e+05 , 174597, 215175 , 187452
1510 , 843282 , 18432102 , 1.014203e+07 , 1.774443e+05 , 174597, 215175 , 237568
1515 , 843282 , 19420488 , 1.014203e+07 , 1.774443e+05 , 174597, 215175 , 500702
1520 , 767305 , 9.380668e+06 , 9739061 , 1.774443e+05 , 227370, 215175 , 83673
1525 , 1525910 , 9.380668e+06 , 19683250 , 521786 , 227370, 215175 , 83673
1530 , 1525910 , 18971005 , 19683250 , 521786 , 227370, 215175 , 172827
1535 , 1525910 , 19764481 , 19683250 , 521786 , 227370, 215175 , 238111
1540 , 1534025 , 19764481 , 18717404 , 474791 , 227370, 215175 , 238111
1545 , 7.535485e+05 , 9834973 , 9822555 , 2.654135e+05 , 227370, 359211 , 238111
1550 , 760184 , 9131974 , 9847075 , 2.654135e+05 , 1.809065e+05, 359211 , 1.426055e+05
1555 , 760184 , 18810602 , 9847075 , 2.654135e+05 , 1.809065e+05, 386666 , 1.426055e+05
1560 , 760184 , 18455277 , 9847075 , 2.654135e+05 , 1.809065e+05, 571657 , 1.426055e+05
1565 , 826665 , 9.439966e+06 , 1.093325e+07 , 2.654135e+05 , 1.637575e+05, 571657 , 191712
1570 , 826665 , 19016458 , 1.093325e+07 , 2.654135e+05 , 1.637575e+05, 392457 , 191712
1575 , 1512753 , 19016458 , 19824117 , 525665 , 1.637575e+05, 392457 , 191712
1580 , 1512753 , 18332993 , 19824117 , 525665 , 1.637575e+05, 392457 , 370353
1585 , 1506693 , 18332993 , 19819081 , 577181 , 1.637575e+05, 392457 , 370353
1590 , 753408 , 9.927086e+06 , 9.835604e+06 , 261035 , 1.637575e+05, 2.233565e+05 , 370353
1595 , 753408 , 17475020 , 9.835604e+06 , 261035 , 1.637575e+05, 2.731085e+05 , 2.084205e+05
1600 , 1522831 , 17475020 , 18844283 , 613960 , 1.637575e+05, 2.731085e+05 , 2.084205e+05
1605 , 757519 , 9.526010e+06 , 10400841 , 2.412245e+05 , 1.637575e+05, 249919 , 2.084205e+05
1610 , 757519 , 19598214 , 10400841 , 2.412245e+05 , 1.637575e+05, 449270 , 2.084205e+05
1615 , 757519 , 18698214 , 10400841 , 2.412245e+05 , 1.637575e+05, 441370 , 2.084205e+05
1620 , 1517808 , 18698214 , 20544113 , 2.099095e+05 , 1.557955e+05, 441370 , 2.084205e+05
1625 , 1517808 , 19164068 , 20544113 , 2.099095e+05 , 1.557955e+05, 491260 , 2.084205e+05
1630 , 7.564175e+05 , 9.201414e+06 , 1.037858e+07 , 2.279295e+05 , 1.557955e+05, 267373 , 2.084205e+05
1635 , 7.564175e+05 , 20052793 , 1.037858e+07 , 2.279295e+05 , 1.557955e+05, 267373 , 451103
1640 , 7.564175e+05 , 17617105 , 1.037858e+07 , 2.279295e+05 , 1.557955e+05, 477379 , 451103
1645 , 7.564175e+05 , 18503864 , 1.037858e+07 , 2.279295e+05 , 1.557955e+05, 477379 , 287828
1650 , 7.564175e+05 , 19805794 , 1.037858e+07 , 2.279295e+05 , 1.557955e+05, 477379 , 363798
1655 , 7.564175e+05 , 18491370 , 1.037858e+07 , 2.279295e+05 , 1.557955e+05, 477379 , 396951
1660 , 1496772 , 18491370 , 20416193 , 2.279295e+05 , 461644, 477379 , 396951
1665 , 1496772 , 18746024 , 20416193 , 2.279295e+05 , 461644, 499429 , 396951
1670 , 1537262 , 18746024 , 18938999 , 547648 , 461644, 499429 , 396951
1675 , 1537262 , 18496611 , 18938999 , 547648 , 461644, 499429 , 263617
1680 , 1537262 , 19623855 , 18938999 , 547648 , 461644, 471977 , 263617
1685 , 1.110417e+06 , 6.385989e+06 , 1.462482e+07 , 1.294437e+05 , 1.151897e+05, 1.885833e+05 , 263617
1690 , 756066 , 9.789354e+06 , 9.833442e+06 , 259177 , 1.151897e+05, 214569 , 263617
1695 , 756066 , 17832648 , 9.833442e+06 , 259177 , 1.151897e+05, 525082 , 263617
1700 , 756066 , 18611701 , 9.833442e+06 , 259177 , 1.151897e+05, 525082 , 217531
1705 , 758834 , 9219211 , 1.067875e+07 , 2.184875e+05 , 1.151897e+05, 2.912495e+05 , 217531
1710 , 758834 , 19699658 , 1.067875e+07 , 2.184875e+05 , 1.151897e+05, 2.912495e+05 , 420270
1715 , 758834 , 2.110949e+07 , 1.067875e+07 , 2.184875e+05 , 1.151897e+05, 2.561335e+05 , 1.167265e+05
1720 , 748806 , 9391241 , 1.047011e+07 , 201256 , 1.151897e+05, 262694 , 1.167265e+05
1725 , 748806 , 18403552 , 1.047011e+07 , 201256 , 1.151897e+05, 511002 , 1.167265e+05
1730 , 756327 , 9.853942e+06 , 9914533 , 227852 , 1.151897e+05, 2.154865e+05 , 1.167265e+05
1735 , 1509462 , 9.853942e+06 , 19825652 , 489937 , 1.151897e+05, 2.154865e+05 , 1.167265e+05
1740 , 1509462 , 18845054 , 19825652 , 489937 , 1.151897e+05, 416650 , 1.167265e+05
1745 , 838786 , 10088773 , 1.015257e+07 , 253284 , 1.151897e+05, 416650 , 106562
1750 , 7.510455e+05 , 9154017 , 10121383 , 191601 , 1.151897e+05, 240117 , 106562
1755 , 7.510455e+05 , 20461304 , 10121383 , 191601 , 1.151897e+05, 437402 , 106562
1760 , 755457 , 9353995 , 9445536 , 236883 , 1.151897e+05, 1.941435e+05 , 106562
1765 , 755457 , 19047183 , 9445536 , 236883 , 1.151897e+05, 1.941435e+05 , 262055
1770 , 755457 , 19707325 , 9445536 , 236883 , 1.151897e+05, 1.941435e+05 , 384321
1775 , 755457 , 19710285 , 9445536 , 236883 , 1.151897e+05, 1.941435e+05 , 246785
1780 , 755457 , 18834829 , 9445536 , 236883 , 1.151897e+05, 1.941435e+05 , 368245
1785 , 755457 , 20216708 , 9445536 , 236883 , 1.151897e+05, 409382 , 368245
1790 , 7.597025e+05 , 9.348554e+06 , 9.625200e+06 , 262649 , 1.151897e+05, 201740 , 368245
1795 , 7.597025e+05 , 19823971 , 9.625200e+06 , 262649 , 1.151897e+05, 201740 , 219851
1800 , 1525450 , 19823971 , 19271073 , 487884 , 1.151897e+05, 201740 , 219851
1805 , 8.255495e+05 , 9.700630e+06 , 10675833 , 2.113665e+05 , 1.151897e+05, 201740 , 1.971735e+05
1810 , 1518326 , 9.700630e+06 , 19578452 , 2.113665e+05 , 527201, 201740 , 1.971735e+05
1815 , 1518326 , 20097379 , 19578452 , 2.113665e+05 , 527201, 201740 , 393490
1820 , 1518326 , 17609219 , 19578452 , 2.113665e+05 , 527201, 546487 , 393490
1825 , 1518326 , 19175853 , 19578452 , 2.113665e+05 , 527201, 546487 , 240101
1830 , 1518326 , 18850079 , 19578452 , 2.113665e+05 , 527201, 566777 , 240101
1835 , 1518326 , 19718449 , 19578452 , 2.113665e+05 , 527201, 554121 , 240101
1840 , 1495020 , 19718449 , 20100895 , 2.113665e+05 , 381870, 554121 , 240101
1845 , 1525715 , 19718449 , 20233101 , 547647 , 381870, 554121 , 240101
1850 , 749674 , 9082462 , 9.366158e+06 , 2.282325e+05 , 381870, 230789 , 240101
1855 , 1512347 , 9082462 , 19267548 , 518076 , 381870, 230789 , 240101
1860 , 7.542405e+05 , 9942756 , 1.011486e+07 , 250440 , 381870, 323636 , 240101
1865 , 7.542405e+05 , 18751034 , 1.011486e+07 , 250440 , 381870, 652161 , 240101
1870 , 7.542405e+05 , 19360454 , 1.011486e+07 , 250440 , 381870, 434932 , 240101
1875 , 7.528825e+05 , 9.977960e+06 , 10119400 , 246746 , 381870, 3.279845e+05 , 240101
1880 , 1515065 , 9.977960e+06 , 19666262 , 466018 , 381870, 3.279845e+05 , 240101
1885 , 1515065 , 19580073 , 19666262 , 466018 , 381870, 3.279845e+05 , 237581
1890 , 1515065 , 1.886520e+07 , 19666262 , 466018 , 381870, 2.509295e+05 , 2.756745e+05
1895 , 1515065 , 20467242 , 19666262 , 466018 , 381870, 2.168465e+05 , 1.063895e+05
1900 , 1494951 , 20467242 , 20800021 , 512222 , 381870, 2.168465e+05 , 1.063895e+05
1905 , 1494951 , 19966974 , 20800021 , 512222 , 381870, 510953 , 1.063895e+05
1910 , 1494951 , 18666488 , 20800021 , 512222 , 381870, 401971 , 1.063895e+05
1915 , 749686 , 9531582 , 10974818 , 2.100355e+05 , 381870, 401971 , 2.127175e+05
1920 , 749686 , 19362166 , 10974818 , 2.100355e+05 , 381870, 401971 , 482879
1925 , 749686 , 20621205 , 10974818 , 2.100355e+05 , 381870, 401971 , 165382
1930 , 749686 , 20141007 , 10974818 , 2.100355e+05 , 381870, 401971 , 205242
1935 , 749686 , 1.879207e+07 , 10974818 , 2.100355e+05 , 381870, 2.648515e+05 , 3.034245e+05
1940 , 749686 , 18545883 , 10974818 , 2.100355e+05 , 381870, 2.648515e+05 , 173785
1945 , 749686 , 20781286 , 10974818 , 2.100355e+05 , 381870, 2.648515e+05 , 141632
1950 , 749686 , 19969279 , 10974818 , 2.100355e+05 , 381870, 2.648515e+05 , 337487
1955 , 1121390 , 6213150 , 1.388259e+07 , 1.551077e+05 , 1.029247e+05, 2.648515e+05 , 1.332903e+05
1960 , 7.333325e+05 , 5592037 , 6.410794e+06 , 140799 , 1.029247e+05, 2.648515e+05 , 1.479525e+05
1965 , 789927 , 13178340 , 13529936 , 3.434185e+05 , 1.029247e+05, 2.648515e+05 , 239426
1970 , 492078 , 5530877 , 5919623 , 139441 , 1.029247e+05, 1.358005e+05 , 239426
1975 , 492078 , 26133912 , 5919623 , 139441 , 1.029247e+05, 1.358005e+05 , 445556
1980 , 438573 , 1.358683e+06 , 3.477089e+06 , 2.736133e+04 , 2.125533e+04, 1.358005e+05 , 90153
1985 , 2540331 , 1.358683e+06 , 34499073 , 934560 , 2.125533e+04, 1.358005e+05 , 90153
1990 , 753400 , 10528193 , 1.078536e+07 , 2.662545e+05 , 2.125533e+04, 253403 , 90153
1995 , 753400 , 12413166 , 1.078536e+07 , 2.662545e+05 , 2.125533e+04, 1.523535e+05 , 1.841435e+05
2000 , 753400 , 28275849 , 1.078536e+07 , 2.662545e+05 , 2.125533e+04, 1.523535e+05 , 197781
2005 , 394570 , 2383330 , 2535014 , 5.325050e+04 , 2.125533e+04, 5.878350e+04 , 197781
2010 , 2204166 , 2383330 , 36578413 , 909688 , 2.125533e+04, 5.878350e+04 , 197781
2015 , 2204166 , 20670863 , 36578413 , 909688 , 2.125533e+04, 485646 , 197781
2020 , 459937 , 7647045 , 3982077 , 1.117343e+05 , 2.125533e+04, 93134 , 8.307633e+04
2025 , 1677826 , 7647045 , 27336250 , 1.117343e+05 , 678551, 93134 , 8.307633e+04
2030 , 854406 , 7647045 , 1.210117e+07 , 156592 , 105472, 93134 , 8.307633e+04
2035 , 854406 , 27125018 , 1.210117e+07 , 156592 , 105472, 591154 , 8.307633e+04
2040 , 2.848425e+05 , 2036475 , 2593620 , 6.554650e+04 , 105472, 49510 , 8.307633e+04
2045 , 2641177 , 2036475 , 32363227 , 809545 , 105472, 49510 , 8.307633e+04
2050 , 2641177 , 23023225 , 32363227 , 809545 , 105472, 712925 , 8.307633e+04
2055 , 5.636435e+05 , 5833016 , 6.249270e+06 , 1.394795e+05 , 105472, 124657 , 8.307633e+04
2060 , 9.481625e+05 , 1.267231e+07 , 13432637 , 3.342965e+05 , 105472, 316384 , 8.307633e+04
2065 , 4.087195e+05 , 2377119 , 2.893656e+06 , 22144 , 105472, 6.778550e+04 , 8.307633e+04
2070 , 4.087195e+05 , 35612228 , 2.893656e+06 , 22144 , 105472, 6.778550e+04 , 433215
2075 , 1.706120e+06 , 35612228 , 2.103075e+07 , 2.107535e+05 , 1.864355e+05, 6.778550e+04 , 433215
2080 , 695409 , 6.138030e+06 , 6.134424e+06 , 2.107535e+05 , 152996, 124038 , 433215
2085 , 695409 , 25724116 , 6.134424e+06 , 2.107535e+05 , 152996, 710649 , 433215
2090 , 898155 , 25724116 , 11346453 , 280688 , 152996, 710649 , 433215
2095 , 898155 , 25829469 , 11346453 , 280688 , 152996, 642123 , 433215
2100 , 2.839835e+05 , 2.108840e+06 , 2.580466e+06 , 4.361550e+04 , 152996, 39345 , 433215
2105 , 2.839835e+05 , 32866264 , 2.580466e+06 , 4.361550e+04 , 152996, 716936 , 433215
2110 , 2.839835e+05 , 22625456 , 2.580466e+06 , 4.361550e+04 , 152996, 474113 , 433215
2115 , 2.839835e+05 , 1.160176e+07 , 2.580466e+06 , 4.361550e+04 , 152996, 1.202965e+05 , 155813
2120 , 2.839835e+05 , 26345235 , 2.580466e+06 , 4.361550e+04 , 152996, 567065 , 155813
2125 , 2.766313e+05 , 2403694 , 1554420 , 3.938233e+04 , 152996, 31990 , 4.836867e+04
2130 , 2.766313e+05 , 35360243 , 1554420 , 3.938233e+04 , 152996, 741649 , 4.836867e+04
2135 , 840264 , 9.012676e+06 , 1.058124e+07 , 192709 , 152996, 741649 , 2.196985e+05
2140 , 4.512017e+05 , 7.859642e+06 , 4.429146e+06 , 192709 , 4.869567e+04, 1.573827e+05 , 8.568467e+04
2145 , 4.512017e+05 , 26440062 , 4.429146e+06 , 192709 , 4.869567e+04, 1.573827e+05 , 206714
2150 , 434969 , 5.304772e+06 , 5856222 , 1.496305e+05 , 4.869567e+04, 1.727125e+05 , 206714
2155 , 434969 , 26791328 , 5856222 , 1.496305e+05 , 4.869567e+04, 1.727125e+05 , 341564
2160 , 434969 , 4374095 , 5856222 , 1.496305e+05 , 4.869567e+04, 305211 , 341564
2165 , 434969 , 29927902 , 5856222 , 1.496305e+05 , 4.869567e+04, 783802 , 341564
2170 , 747401 , 1.090360e+07 , 1.195503e+07 , 2.569525e+05 , 4.869567e+04, 2.884075e+05 , 341564
2175 , 5.658255e+05 , 5665573 , 5.969584e+06 , 161456 , 4.869567e+04, 111103 , 341564
2180 , 5.658255e+05 , 27336583 , 5.969584e+06 , 161456 , 4.869567e+04, 111103 , 304970
2185 , 5.448263e+05 , 1466469 , 3.337856e+06 , 37536 , 23137, 111103 , 4.513067e+04
2190 , 5.448263e+05 , 34932818 , 3.337856e+06 , 37536 , 23137, 844572 , 4.513067e+04
2195 , 1722497 , 34932818 , 21897904 , 1.898915e+05 , 1.763435e+05, 844572 , 4.513067e+04
2200 , 681806 , 5875926 , 6422953 , 1.295815e+05 , 1.763435e+05, 844572 , 83023
2205 , 681806 , 26995151 , 6422953 , 1.295815e+05 , 1.763435e+05, 844572 , 154644
2210 , 845218 , 26995151 , 11031285 , 271954 , 1.763435e+05, 844572 , 154644
2215 , 845218 , 27641982 , 11031285 , 271954 , 1.763435e+05, 844572 , 215034
2220 , 845218 , 4171464 , 11031285 , 271954 , 1.763435e+05, 1.529245e+05 , 4.285850e+04
2225 , 8.897497e+05 , 20556733 , 1.028680e+07 , 262037 , 1.763435e+05, 219717 , 105360
2230 , 1534639 , 20556733 , 23803395 , 701384 , 1.763435e+05, 219717 , 105360
2235 , 1534639 , 11358478 , 23803395 , 701384 , 1.763435e+05, 131378 , 152600
2240 , 982832 , 13505714 , 1.332618e+07 , 388986 , 1.763435e+05, 131378 , 118929
2245 , 489309 , 1.487697e+06 , 3.699603e+06 , 4.484233e+04 , 1.459833e+04, 131378 , 4.716767e+04
2250 , 1158524 , 1.779812e+07 , 17421454 , 4.484233e+04 , 454281, 353291 , 4.716767e+04
2255 , 1158524 , 20229704 , 17421454 , 4.484233e+04 , 454281, 227149 , 1.186095e+05
2260 , 857994 , 3.922875e+06 , 7.936924e+06 , 107599 , 8.979067e+04, 227149 , 1.040547e+05
2265 , 889552 , 12456059 , 1.368905e+07 , 3.101215e+05 , 8.979067e+04, 227149 , 2.393945e+05
2270 , 844612 , 12456059 , 9725700 , 225751 , 8.979067e+04, 227149 , 2.393945e+05
2275 , 1092949 , 14354750 , 1.411522e+07 , 225751 , 378828, 227149 , 143740
2280 , 1092949 , 4.400752e+06 , 1.411522e+07 , 225751 , 378828, 57068 , 125418
2285 , 1360311 , 1.417803e+07 , 14724341 , 333523 , 378828, 3.466885e+05 , 125418
2290 , 763401 , 1.274954e+07 , 1.304216e+07 , 333523 , 2.968895e+05, 3.466885e+05 , 230385
2295 , 517906 , 5940408 , 6642004 , 136481 , 2.968895e+05, 3.466885e+05 , 1.563805e+05
2300 , 1.998394e+06 , 5940408 , 27309522 , 257030 , 210354, 3.466885e+05 , 1.563805e+05
2305 , 498974 , 1.428879e+06 , 3529909 , 2.104167e+04 , 2.536467e+04, 3.466885e+05 , 43824
2310 , 498974 , 32568622 , 3529909 , 2.104167e+04 , 2.536467e+04, 3.466885e+05 , 584863
2315 , 8.530605e+05 , 9.524672e+06 , 9801608 , 263117 , 2.536467e+04, 2.707805e+05 , 584863
2320 , 4.348197e+05 , 8.035359e+06 , 4.204335e+06 , 263117 , 9.904333e+04, 1.285347e+05 , 6.052033e+04
2325 , 1734792 , 8.035359e+06 , 2.602618e+07 , 368270 , 378279, 1.285347e+05 , 6.052033e+04
2330 , 845763 , 8.035359e+06 , 9524828 , 368270 , 236752, 1.285347e+05 , 6.052033e+04
2335 , 845763 , 28728188 , 9524828 , 368270 , 236752, 666500 , 6.052033e+04
2340 , 2.252525e+05 , 1.967918e+06 , 2548696 , 54833 , 236752, 666500 , 130645
2345 , 1.822756e+06 , 9.081572e+06 , 18649756 , 235704 , 212290, 666500 , 1.022053e+05
2350 , 1.822756e+06 , 25421986 , 18649756 , 235704 , 212290, 666500 , 467611
2355 , 484512 , 5451537 , 6545075 , 130198 , 212290, 666500 , 1.830875e+05
2360 , 2072091 , 5451537 , 2.571044e+07 , 3.231415e+05 , 3.280905e+05, 666500 , 1.830875e+05
2365 , 2.248077e+05 , 2.790102e+06 , 1.690790e+06 , 19523 , 3.280905e+05, 3.853767e+04 , 4.418733e+04
2370 , 2360662 , 2.790102e+06 , 35370170 , 861135 , 3.280905e+05, 3.853767e+04 , 4.418733e+04
2375 , 2360662 , 19748576 , 35370170 , 861135 , 3.280905e+05, 3.853767e+04 , 367513
2380 , 2360662 , 12451671 , 35370170 , 861135 , 3.280905e+05, 3.853767e+04 , 311479
2385 , 2360662 , 25792720 , 35370170 , 861135 , 3.280905e+05, 3.853767e+04 , 540413
2390 , 2360662 , 6981993 , 35370170 , 861135 , 3.280905e+05, 3.853767e+04 , 120656
2395 , 2360662 , 31348621 , 35370170 , 861135 , 3.280905e+05, 693952 , 120656
2400 , 196089 , 1.985810e+06 , 2.266424e+06 , 5.757050e+04 , 3.280905e+05, 693952 , 1.154855e+05
2405 , 196089 , 17168520 , 2.266424e+06 , 5.757050e+04 , 3.280905e+05, 2.659345e+05 , 188469
2410 , 7.667785e+05 , 9203192 , 9614661 , 255823 , 3.280905e+05, 225917 , 188469
2415 , 7.667785e+05 , 18691153 , 9614661 , 255823 , 3.280905e+05, 225917 , 410623
2420 , 1512143 , 18691153 , 20053773 , 512869 , 3.280905e+05, 225917 , 410623
2425 , 766508 , 9596680 , 9.605016e+06 , 512869 , 242611, 190960 , 410623
2430 , 7.580715e+05 , 9009475 , 1.032259e+07 , 213113 , 242611, 190960 , 242516
2435 , 7.580715e+05 , 20283186 , 1.032259e+07 , 213113 , 242611, 483416 , 242516
2440 , 7.580715e+05 , 19165901 , 1.032259e+07 , 213113 , 242611, 274517 , 2.421385e+05
2445 , 751420 , 9713864 , 9.649906e+06 , 2.231235e+05 , 242611, 274517 , 132496
2450 , 1509347 , 9713864 , 1.962135e+07 , 248691 , 2.147215e+05, 274517 , 132496
2455 , 754668 , 9044920 , 10186767 , 248691 , 1.242115e+05, 274517 , 2.226725e+05
2460 , 754668 , 18260307 , 10186767 , 248691 , 1.242115e+05, 228952 , 225237
2465 , 1719413 , 18260307 , 19493781 , 248691 , 553915, 228952 , 225237
2470 , 1719413 , 19763333 , 19493781 , 248691 , 553915, 468310 , 225237
2475 , 7.592905e+05 , 8390052 , 9.613732e+06 , 110334 , 7.692025e+04, 1.273518e+05 , 9.554025e+04
2480 , 7.592905e+05 , 19330156 , 9.613732e+06 , 110334 , 7.692025e+04, 1.273518e+05 , 227834
2485 , 764069 , 8765872 , 9.714220e+06 , 110334 , 1.789615e+05, 1.273518e+05 , 2.201525e+05
2490 , 764069 , 19349226 , 9.714220e+06 , 110334 , 1.789615e+05, 2.545895e+05 , 1.220065e+05
2495 , 860533 , 10817151 , 11004061 , 110334 , 2.793455e+05, 286564 , 1.220065e+05
2500 , 1505729 , 10817151 , 19059857 , 393426 , 2.793455e+05, 286564 , 1.220065e+05
2505 , 1505729 , 1.948411e+07 , 19059857 , 393426 , 2.793455e+05, 217894 , 127550
2510 , 1505729 , 19265464 , 19059857 , 393426 , 2.793455e+05, 235419 , 9.779950e+04
2515 , 1525869 , 19265464 , 18864173 , 552192 , 2.793455e+05, 235419 , 9.779950e+04
2520 , 759105 , 9.941720e+06 , 9814145 , 269213 , 2.793455e+05, 203819 , 9.779950e+04
2525 , 759105 , 2.007432e+07 , 9814145 , 269213 , 2.793455e+05, 2.626935e+05 , 115427
2530 , 759105 , 18918476 , 9814145 , 269213 , 2.793455e+05, 2.626935e+05 , 524525
2535 , 759105 , 18927953 , 9814145 , 269213 , 2.793455e+05, 2.626935e+05 , 309045
2540 , 1514255 , 18927953 , 19215592 , 495272 , 2.793455e+05, 2.626935e+05 , 309045
2545 , 7.613985e+05 , 9782655 , 9813348 , 495272 , 247913, 2.626935e+05 , 164661
2550 , 1522710 , 9782655 , 18947494 , 500764 , 247913, 2.626935e+05 , 164661
2555 , 572945 , 1.336440e+07 , 6.760575e+06 , 186646 , 247913, 146024 , 6.898033e+04
2560 , 572945 , 18728080 , 6.760575e+06 , 186646 , 247913, 146024 , 619851
2565 , 572945 , 17541657 , 6.760575e+06 , 186646 , 247913, 146024 , 458133
2570 , 572945 , 17515389 , 6.760575e+06 , 186646 , 247913, 146024 , 407116
2575 , 572945 , 18991387 , 6.760575e+06 , 186646 , 247913, 361995 , 407116
2580 , 572945 , 19262625 , 6.760575e+06 , 186646 , 247913, 426770 , 407116
2585 , 572945 , 1.969671e+07 , 6.760575e+06 , 186646 , 247913, 2.669775e+05 , 1.414485e+05
2590 , 572945 , 18614701 , 6.760575e+06 , 186646 , 247913, 2.781845e+05 , 3.036025e+05
2595 , 7.618915e+05 , 9.084062e+06 , 1.014047e+07 , 241262 , 247913, 246560 , 3.036025e+05
2600 , 7.503715e+05 , 9697763 , 1.000112e+07 , 244839 , 247913, 222375 , 3.036025e+05
2605 , 1494569 , 9697763 , 20651384 , 461929 , 247913, 222375 , 3.036025e+05
2610 , 1494569 , 18365293 , 20651384 , 461929 , 247913, 477786 , 3.036025e+05
2615 , 1494569 , 2.105838e+07 , 20651384 , 461929 , 247913, 2.625455e+05 , 104121
2620 , 1494569 , 19220804 , 20651384 , 461929 , 247913, 682422 , 104121
2625 , 1494569 , 19195610 , 20651384 , 461929 , 247913, 417850 , 104121
2630 , 7.610495e+05 , 8.591428e+06 , 9.772878e+06 , 461929 , 146296, 3.221325e+05 , 104121
2635 , 7.618445e+05 , 9.556928e+06 , 9569473 , 461929 , 259250, 3.054585e+05 , 104121
2640 , 1511131 , 9.556928e+06 , 20503845 , 461929 , 340011, 3.054585e+05 , 104121
2645 , 1700060 , 9.556928e+06 , 21005570 , 461929 , 411788, 3.054585e+05 , 104121
2650 , 1700060 , 29255166 , 21005570 , 461929 , 411788, 690699 , 104121
2655 , 2192431 , 29255166 , 50036643 , 461929 , 963158, 690699 , 104121
2660 , 749072 , 9.306432e+06 , 10501823 , 461929 , 1.349555e+05, 294770 , 104121
2665 , 764032 , 1.299083e+07 , 13939852 , 304819 , 1.349555e+05, 409087 , 104121
2670 , 764032 , 20497811 , 13939852 , 304819 , 1.349555e+05, 409087 , 240692
2675 , 5.870207e+05 , 1.495771e+07 , 7.843917e+06 , 182404 , 1.349555e+05, 189602 , 8.917167e+04
2680 , 1513561 , 1.495771e+07 , 21080232 , 529958 , 1.349555e+05, 189602 , 8.917167e+04
2685 , 1513561 , 19794336 , 21080232 , 529958 , 1.349555e+05, 389311 , 8.917167e+04
2690 , 7.558295e+05 , 9324646 , 10551715 , 529958 , 160897, 2.756655e+05 , 8.917167e+04
2695 , 1540448 , 9324646 , 24998707 , 488487 , 160897, 2.756655e+05 , 8.917167e+04
2700 , 7.559825e+05 , 9.579722e+06 , 1.002529e+07 , 488487 , 2.126865e+05, 2.756655e+05 , 1.377895e+05
2705 , 7.559825e+05 , 19649344 , 1.002529e+07 , 488487 , 2.126865e+05, 498870 , 1.377895e+05
2710 , 1516574 , 19649344 , 20547118 , 569937 , 2.126865e+05, 498870 , 1.377895e+05
2715 , 1516574 , 19212829 , 20547118 , 569937 , 2.126865e+05, 446080 , 1.377895e+05
2720 , 1516574 , 19453031 , 20547118 , 569937 , 2.126865e+05, 456283 , 1.377895e+05
2725 , 1516574 , 19913533 , 20547118 , 569937 , 2.126865e+05, 450067 , 1.377895e+05
2730 , 1531869 , 19913533 , 19230058 , 524068 , 2.126865e+05, 450067 , 1.377895e+05
2735 , 1531869 , 2.066540e+07 , 19230058 , 524068 , 2.126865e+05, 263987 , 1.160905e+05
2740 , 746362 , 9560711 , 10979121 , 1.867035e+05 , 2.126865e+05, 263987 , 319261
2745 , 746362 , 19167597 , 10979121 , 1.867035e+05 , 2.126865e+05, 263987 , 205681
2750 , 746362 , 17872089 , 10979121 , 1.867035e+05 , 2.126865e+05, 249506 , 2.050035e+05
2755 , 746362 , 20062493 , 10979121 , 1.867035e+05 , 2.126865e+05, 437970 , 2.050035e+05
2760 , 1525549 , 20062493 , 18931983 , 538338 , 2.126865e+05, 437970 , 2.050035e+05
2765 , 1525549 , 19651747 , 18931983 , 538338 , 2.126865e+05, 437970 , 159272
2770 , 1525549 , 20525440 , 18931983 , 538338 , 2.126865e+05, 501641 , 159272
2775 , 762680 , 9.316774e+06 , 9317218 , 2.781975e+05 , 2.126865e+05, 501641 , 9.151150e+04
2780 , 1517585 , 9.316774e+06 , 20034230 , 210456 , 1.881545e+05, 501641 , 9.151150e+04
2785 , 745955 , 10621164 , 10858419 , 2.750395e+05 , 1.881545e+05, 501641 , 177493
2790 , 7.508855e+05 , 9503572 , 9.836428e+06 , 2.490105e+05 , 1.881545e+05, 501641 , 1.195645e+05
2795 , 840285 , 10427004 , 1.051402e+07 , 283230 , 1.881545e+05, 501641 , 9.177750e+04
2800 , 776341 , 9.473432e+06 , 9631036 , 283230 , 217929, 501641 , 225284
2805 , 776341 , 17770740 , 9631036 , 283230 , 217929, 501641 , 405326
2810 , 1521965 , 17770740 , 19569042 , 549246 , 217929, 501641 , 405326
2815 , 1521965 , 20253827 , 19569042 , 549246 , 217929, 501641 , 404966
2820 , 1521965 , 17206406 , 19569042 , 549246 , 217929, 501641 , 379399
2825 , 1521965 , 19504895 , 19569042 , 549246 , 217929, 459834 , 379399
2830 , 1521965 , 19583704 , 19569042 , 549246 , 217929, 459834 , 441969
2835 , 1521965 , 19708646 , 19569042 , 549246 , 217929, 441981 , 441969
2840 , 1521965 , 18243700 , 19569042 , 549246 , 217929, 441981 , 240864
2845 , 1512025 , 18243700 , 19819808 , 537755 , 217929, 441981 , 240864
2850 , 754598 , 9.663468e+06 , 9.724976e+06 , 2.652545e+05 , 217929, 2.045835e+05 , 240864
2855 , 754598 , 18328692 , 9.724976e+06 , 2.652545e+05 , 217929, 654122 , 240864
2860 , 1512296 , 18328692 , 19618492 , 547318 , 217929, 654122 , 240864
2865 , 1517008 , 18328692 , 20984907 , 463185 , 217929, 654122 , 240864
2870 , 1517008 , 18418704 , 20984907 , 463185 , 217929, 424515 , 240864
2875 , 761493 , 9514152 , 9689347 , 463185 , 228676, 424515 , 2.035525e+05
2880 , 1529485 , 9514152 , 19543472 , 567189 , 228676, 424515 , 2.035525e+05
2885 , 855497 , 9.644382e+06 , 9.879008e+06 , 2.816465e+05 , 228676, 424515 , 106112
2890 , 1527596 , 9.644382e+06 , 2.023865e+07 , 2.627635e+05 , 2.418285e+05, 424515 , 106112
2895 , 1527596 , 19366319 , 2.023865e+07 , 2.627635e+05 , 2.418285e+05, 512633 , 106112
2900 , 1510094 , 19366319 , 20936553 , 452258 , 2.418285e+05, 512633 , 106112
2905 , 1524093 , 19366319 , 20824486 , 559391 , 2.418285e+05, 512633 , 106112
2910 , 1510480 , 19366319 , 19924777 , 439024 , 2.418285e+05, 512633 , 106112
2915 , 861850 , 10421508 , 1.024694e+07 , 274902 , 2.418285e+05, 512633 , 8.428050e+04
2920 , 7.641105e+05 , 9.714230e+06 , 9790358 , 271965 , 2.418285e+05, 2.044165e+05 , 8.428050e+04
2925 , 7.568865e+05 , 9.748830e+06 , 10101754 , 2.623195e+05 , 2.418285e+05, 2.370955e+05 , 8.428050e+04
2930 , 7.628095e+05 , 8.603372e+06 , 9820504 , 2.623195e+05 , 170232, 2.565875e+05 , 8.428050e+04
2935 , 1529596 , 8.603372e+06 , 19433010 , 560621 , 170232, 2.565875e+05 , 8.428050e+04
2940 , 1529596 , 18933061 , 19433010 , 560621 , 170232, 470807 , 8.428050e+04
2945 , 1529596 , 19563481 , 19433010 , 560621 , 170232, 221150 , 1.173675e+05
2950 , 1507672 , 19563481 , 21071699 , 481720 , 170232, 221150 , 1.173675e+05
2955 , 1507672 , 22598032 , 21071699 , 481720 , 170232, 473857 , 1.173675e+05
2960 , 1507672 , 18805477 , 21071699 , 481720 , 170232, 473857 , 187215
2965 , 7.469195e+05 , 9841178 , 10765515 , 481720 , 1.906995e+05, 473857 , 256640
2970 , 766385 , 9.337312e+06 , 9.628766e+06 , 2.752375e+05 , 1.906995e+05, 211638 , 256640
2975 , 1717210 , 9.337312e+06 , 20000002 , 556299 , 1.906995e+05, 211638 , 256640
2980 , 1717210 , 20075321 , 20000002 , 556299 , 1.906995e+05, 515163 , 256640
2985 , 1509129 , 20075321 , 20616389 , 456799 , 1.906995e+05, 515163 , 256640
2990 , 1509129 , 19563802 , 20616389 , 456799 , 1.906995e+05, 515163 , 202916
2995 , 1508188 , 19563802 , 20339071 , 525547 , 1.906995e+05, 515163 , 202916
3000 , 1533585 , 19563802 , 19571918 , 436786 , 1.906995e+05, 515163 , 202916
3005 , 1533585 , 20074604 , 19571918 , 436786 , 1.906995e+05, 515163 , 252088
3010 , 1518782 , 20074604 , 20394474 , 540243 , 1.906995e+05, 515163 , 252088
3015 , 1510683 , 20074604 , 18899496 , 475390 , 1.906995e+05, 515163 , 252088
3020 , 1507155 , 20074604 , 19582662 , 543944 , 1.906995e+05, 515163 , 252088
3025 , 1507155 , 18772683 , 19582662 , 543944 , 1.906995e+05, 515163 , 362416
3030 , 754502 , 9.626842e+06 , 9.772462e+06 , 543944 , 2.479745e+05, 258525 , 362416
3035 , 754502 , 19961992 , 9.772462e+06 , 543944 , 2.479745e+05, 546679 , 362416
3040 , 754502 , 19382359 , 9.772462e+06 , 543944 , 2.479745e+05, 546679 , 454723
3045 , 754502 , 19135255 , 9.772462e+06 , 543944 , 2.479745e+05, 448202 , 454723
3050 , 747927 , 9.058538e+06 , 1.030894e+07 , 240098 , 2.479745e+05, 448202 , 2.137795e+05
3055 , 1508124 , 9.058538e+06 , 20450744 , 520382 , 2.479745e+05, 448202 , 2.137795e+05
3060 , 7.687295e+05 , 9.153384e+06 , 9.255624e+06 , 2.719135e+05 , 2.479745e+05, 448202 , 101761
3065 , 7.687295e+05 , 19404253 , 9.255624e+06 , 2.719135e+05 , 2.479745e+05, 448202 , 443453
3070 , 756128 , 1.003981e+07 , 10264141 , 237638 , 2.479745e+05, 448202 , 2.187565e+05
3075 , 756128 , 19079088 , 10264141 , 237638 , 2.479745e+05, 407172 , 2.187565e+05
3080 , 755179 , 8918776 , 10390978 , 2.274185e+05 , 2.479745e+05, 407172 , 2.075605e+05
3085 , 755179 , 19126021 , 10390978 , 2.274185e+05 , 2.479745e+05, 407172 , 392580
3090 , 7.543975e+05 , 9.628038e+06 , 10171986 , 2.453815e+05 , 2.479745e+05, 407172 , 1.221485e+05
3095 , 7.543975e+05 , 20377047 , 10171986 , 2.453815e+05 , 2.479745e+05, 407172 , 186930
3100 , 7.543975e+05 , 19924789 , 10171986 , 2.453815e+05 , 2.479745e+05, 480082 , 186930
3105 , 7.543975e+05 , 18865077 , 10171986 , 2.453815e+05 , 2.479745e+05, 2.157485e+05 , 121159
3110 , 1519005 , 18865077 , 20622749 , 2.453815e+05 , 352915, 2.157485e+05 , 121159
3115 , 1526144 , 18865077 , 19561413 , 2.925155e+05 , 224957, 2.157485e+05 , 121159
3120 , 1526144 , 18647633 , 19561413 , 2.925155e+05 , 224957, 2.157485e+05 , 199448
3125 , 1526144 , 19984916 , 19561413 , 2.925155e+05 , 224957, 2.157485e+05 , 254369
3130 , 1526144 , 19047337 , 19561413 , 2.925155e+05 , 224957, 515749 , 254369
3135 , 1535666 , 19047337 , 18565710 , 557414 , 224957, 515749 , 254369
3140 , 1535666 , 19110017 , 18565710 , 557414 , 224957, 419936 , 254369
3145 , 1535666 , 19733412 , 18565710 , 557414 , 224957, 671061 , 254369
3150 , 1516902 , 19733412 , 20194960 , 524051 , 224957, 671061 , 254369
3155 , 1722863 , 19733412 , 21735747 , 470458 , 224957, 671061 , 254369
3160 , 756208 , 1.024581e+07 , 10073472 , 278013 , 224957, 2.200605e+05 , 254369
3165 , 756208 , 1.216990e+07 , 10073472 , 278013 , 224957, 200559 , 1.036495e+05
3170 , 756208 , 26470551 , 10073472 , 278013 , 224957, 707897 , 1.036495e+05
3175 , 5.099675e+05 , 5850238 , 6181600 , 152607 , 224957, 1.245805e+05 , 1.036495e+05
3180 , 5.099675e+05 , 26468789 , 6181600 , 152607 , 224957, 1.245805e+05 , 238193
3185 , 5.099675e+05 , 4.928262e+06 , 6181600 , 152607 , 224957, 76176 , 71024
3190 , 1.195442e+06 , 1.680494e+07 , 18033874 , 436037 , 224957, 4.888075e+05 , 71024
3195 , 1.195442e+06 , 19081224 , 18033874 , 436037 , 224957, 4.888075e+05 , 164413
3200 , 614876 , 5.944904e+06 , 6.236456e+06 , 436037 , 132133, 1.346315e+05 , 164413
3205 , 614876 , 25743754 , 6.236456e+06 , 436037 , 132133, 671023 , 164413
3210 , 846679 , 25743754 , 7619935 , 436037 , 121517, 671023 , 164413
3215 , 1201904 , 16340191 , 16341410 , 436037 , 4.202425e+05, 671023 , 159704
3220 , 1201904 , 4889835 , 16341410 , 436037 , 4.202425e+05, 58578 , 1.537075e+05
3225 , 1272684 , 1.413927e+07 , 13987735 , 3.756275e+05 , 4.202425e+05, 3.076385e+05 , 1.537075e+05
3230 , 7.914685e+05 , 1.308214e+07 , 1.325689e+07 , 362588 , 4.202425e+05, 3.056995e+05 , 1.537075e+05
3235 , 4.750115e+05 , 5.921718e+06 , 6.798124e+06 , 116984 , 4.202425e+05, 3.056995e+05 , 2.036525e+05
3240 , 4.750115e+05 , 25661234 , 6.798124e+06 , 116984 , 4.202425e+05, 3.388955e+05 , 227103
3245 , 4.285375e+05 , 2.402202e+06 , 2920751 , 46442 , 4.202425e+05, 3.388955e+05 , 80809
3250 , 2386292 , 2.402202e+06 , 34894766 , 929131 , 4.202425e+05, 3.388955e+05 , 80809
3255 , 1532469 , 2.402202e+06 , 19091267 , 517061 , 4.202425e+05, 3.388955e+05 , 80809
3260 , 4.128823e+05 , 8.087846e+06 , 4233416 , 1.125773e+05 , 4.202425e+05, 81859 , 7.588167e+04
3265 , 8.987655e+05 , 1.306261e+07 , 15189683 , 1.125773e+05 , 165767, 81859 , 3.598435e+05
3270 , 828654 , 1.306261e+07 , 9701177 , 200128 , 165767, 81859 , 3.598435e+05
3275 , 828654 , 30558700 , 9701177 , 200128 , 165767, 857497 , 3.598435e+05
3280 , 3.007293e+05 , 1.469672e+06 , 3422559 , 39906 , 2.734767e+04, 2.269933e+04 , 3.598435e+05
3285 , 1288224 , 12694347 , 13800789 , 3.519265e+05 , 2.734767e+04, 3.451485e+05 , 3.598435e+05
3290 , 1288224 , 26776777 , 13800789 , 3.519265e+05 , 2.734767e+04, 639712 , 3.598435e+05
3295 , 4.868985e+05 , 6.014028e+06 , 6.745744e+06 , 130164 , 2.734767e+04, 639712 , 2.165625e+05
3300 , 1027485 , 12340484 , 14197342 , 130164 , 202451, 3.906285e+05 , 2.165625e+05
3305 , 443867 , 2441200 , 2807551 , 45333 , 202451, 3.906285e+05 , 98599
3310 , 443867 , 34711560 , 2807551 , 45333 , 202451, 852314 , 98599
3315 , 443867 , 18789082 , 2807551 , 45333 , 202451, 389181 , 98599
3320 , 443867 , 1.163927e+07 , 2807551 , 45333 , 202451, 144090 , 8.951650e+04
3325 , 1746886 , 1.163927e+07 , 28056247 , 745574 , 202451, 144090 , 8.951650e+04
3330 , 845191 , 1.163927e+07 , 9904535 , 270638 , 202451, 144090 , 8.951650e+04
3335 , 845191 , 29181560 , 9904535 , 270638 , 202451, 144090 , 551328
3340 , 227013 , 2211963 , 2.705180e+06 , 5.957950e+04 , 202451, 3.963250e+04 , 551328
3345 , 8.536517e+05 , 18757918 , 9.219267e+06 , 5.957950e+04 , 2.459693e+05, 2.018283e+05 , 82745
3350 , 1507404 , 18757918 , 27473067 , 5.957950e+04 , 652222, 2.018283e+05 , 82745
3355 , 513877 , 6.429250e+06 , 6.668890e+06 , 1.582665e+05 , 652222, 1.408945e+05 , 82745
3360 , 513877 , 27576903 , 6.668890e+06 , 1.582665e+05 , 652222, 1.408945e+05 , 211264
3365 , 3.084967e+05 , 3.833484e+06 , 2216282 , 1.582665e+05 , 14415, 5.198267e+04 , 7.082967e+04
3370 , 1146822 , 1.627187e+07 , 18708305 , 363583 , 14415, 5.198267e+04 , 4.219375e+05
3375 , 756785 , 9.830870e+06 , 9860194 , 363583 , 2.519985e+05, 5.198267e+04 , 93581
3380 , 756785 , 11489340 , 9860194 , 363583 , 2.519985e+05, 132075 , 80070
3385 , 8.634435e+05 , 1.427231e+07 , 1.422266e+07 , 3.658595e+05 , 2.519985e+05, 3.123295e+05 , 80070
3390 , 851831 , 1.427231e+07 , 9755641 , 3.658595e+05 , 215545, 3.123295e+05 , 80070
3395 , 2364989 , 1.427231e+07 , 31321484 , 856636 , 215545, 3.123295e+05 , 80070
3400 , 1.602687e+05 , 2797779 , 1.819635e+06 , 3.904333e+04 , 215545, 36487 , 8.082333e+04
3405 , 1282757 , 1.347655e+07 , 1.331404e+07 , 3.797705e+05 , 215545, 36487 , 1.152375e+05
3410 , 1282757 , 26217005 , 1.331404e+07 , 3.797705e+05 , 215545, 683492 , 1.152375e+05
3415 , 5.108905e+05 , 5.696864e+06 , 6308000 , 169884 , 215545, 683492 , 202614
3420 , 1.011612e+06 , 1.302948e+07 , 14005299 , 169884 , 293272, 683492 , 1.762965e+05
3425 , 4.358675e+05 , 2829768 , 3108493 , 169884 , 58490, 57173 , 1.762965e+05
3430 , 4.358675e+05 , 34421131 , 3108493 , 169884 , 58490, 451746 , 2.880645e+05
3435 , 4.358675e+05 , 18209833 , 3108493 , 169884 , 58490, 491251 , 2.880645e+05
3440 , 4.358675e+05 , 11621768 , 3108493 , 169884 , 58490, 180030 , 132952
3445 , 4.358675e+05 , 27563541 , 3108493 , 169884 , 58490, 4.385535e+05 , 1.747395e+05
3450 , 4.982047e+05 , 1.201664e+06 , 2.950064e+06 , 3.931633e+04 , 23784, 4.661233e+04 , 1.747395e+05
3455 , 4.982047e+05 , 34883928 , 2.950064e+06 , 3.931633e+04 , 23784, 1044660 , 1.747395e+05
3460 , 1495275 , 34883928 , 21033899 , 234918 , 2.347825e+05, 1044660 , 1.747395e+05
3465 , 665638 , 5769842 , 6.093608e+06 , 136918 , 2.347825e+05, 1.639965e+05 , 1.747395e+05
3470 , 665638 , 25831093 , 6.093608e+06 , 136918 , 2.347825e+05, 653971 , 1.747395e+05
3475 , 859657 , 25831093 , 13729203 , 228520 , 2.347825e+05, 653971 , 1.747395e+05
3480 , 859657 , 27381027 , 13729203 , 228520 , 2.347825e+05, 653971 , 262654
3485 , 859657 , 5.629634e+06 , 13729203 , 228520 , 2.347825e+05, 7.958450e+04 , 1.133045e+05
3490 , 1238492 , 14717640 , 1.624819e+07 , 374274 , 2.347825e+05, 405355 , 1.133045e+05
3495 , 1238492 , 23544576 , 1.624819e+07 , 374274 , 2.347825e+05, 566672 , 1.133045e+05
3500 , 552992 , 5.528360e+06 , 6.001956e+06 , 144579 , 2.347825e+05, 1.688085e+05 , 1.133045e+05
3505 , 552992 , 26688717 , 6.001956e+06 , 144579 , 2.347825e+05, 977619 , 1.133045e+05
3510 , 276730 , 2.422657e+06 , 1.498262e+06 , 49279 , 2.347825e+05, 4.601433e+04 , 2.287333e+04
3515 , 276730 , 34268283 , 1.498262e+06 , 49279 , 2.347825e+05, 1093954 , 2.287333e+04
3520 , 276730 , 18438114 , 1.498262e+06 , 49279 , 2.347825e+05, 538883 , 2.287333e+04
3525 , 680082 , 5807166 , 6182322 , 135196 , 2.347825e+05, 139800 , 2.287333e+04
3530 , 1670255 , 5807166 , 26585244 , 669425 , 2.347825e+05, 139800 , 2.287333e+04
3535 , 883596 , 5807166 , 13026889 , 669425 , 288605, 139800 , 2.287333e+04
3540 , 1076336 , 1.341185e+07 , 13369636 , 3.681755e+05 , 288605, 3.198335e+05 , 2.287333e+04
3545 , 385613 , 2.618326e+06 , 2.905736e+06 , 6.691350e+04 , 288605, 3.198335e+05 , 127751
3550 , 385613 , 31646093 , 2.905736e+06 , 6.691350e+04 , 288605, 879603 , 127751
3555 , 1525705 , 31646093 , 23469964 , 553887 , 288605, 879603 , 127751
3560 , 1525705 , 1.204405e+07 , 23469964 , 553887 , 288605, 178465 , 67172
3565 , 1525705 , 2.662672e+07 , 23469964 , 553887 , 288605, 3.109955e+05 , 256571
3570 , 5.556073e+05 , 1224221 , 3.195699e+06 , 3.922767e+04 , 1.145433e+04, 3.109955e+05 , 4.439933e+04
3575 , 2415275 , 1224221 , 35691734 , 3.922767e+04 , 970112, 3.109955e+05 , 4.439933e+04
3580 , 2415275 , 19578616 , 35691734 , 3.922767e+04 , 970112, 3.109955e+05 , 355146
3585 , 2415275 , 1.228910e+07 , 35691734 , 3.922767e+04 , 970112, 145882 , 98679
3590 , 2415275 , 27747784 , 35691734 , 3.922767e+04 , 970112, 3.220845e+05 , 116084
3595 , 4.286885e+05 , 6.035450e+06 , 6693734 , 1.223795e+05 , 970112, 3.220845e+05 , 2.176875e+05
3600 , 2221237 , 6.035450e+06 , 26305826 , 750008 , 970112, 3.220845e+05 , 2.176875e+05
3605 , 2221237 , 5.507128e+06 , 26305826 , 750008 , 970112, 58676 , 1.187595e+05
3610 , 2493803 , 5.507128e+06 , 32238364 , 708500 , 970112, 58676 , 1.187595e+05
3615 , 2493803 , 24364552 , 32238364 , 708500 , 970112, 583769 , 1.187595e+05
3620 , 5.568025e+05 , 5190606 , 5.886202e+06 , 1.455125e+05 , 970112, 132929 , 1.187595e+05
3625 , 1921037 , 5190606 , 28620405 , 712487 , 970112, 132929 , 1.187595e+05
3630 , 1921037 , 4.400978e+06 , 28620405 , 712487 , 970112, 59716 , 59024
3635 , 1921037 , 33240538 , 28620405 , 712487 , 970112, 59716 , 639187
3640 , 1921037 , 19364493 , 28620405 , 712487 , 970112, 250543 , 1.816605e+05
3645 , 685876 , 5880636 , 6310433 , 1.602895e+05 , 970112, 250543 , 100620
3650 , 1682042 , 5880636 , 26920288 , 1.602895e+05 , 692285, 250543 , 100620
3655 , 2.819813e+05 , 7.774853e+06 , 4.087609e+06 , 1.064873e+05 , 692285, 89195 , 9.949533e+04
3660 , 2.819813e+05 , 27797142 , 4.087609e+06 , 1.064873e+05 , 692285, 89195 , 311528
3665 , 3.728695e+05 , 2573710 , 3077302 , 7.529150e+04 , 692285, 89195 , 1.348615e+05
3670 , 1.262646e+06 , 1.499472e+07 , 14764337 , 441754 , 692285, 3.337545e+05 , 1.348615e+05
3675 , 1.262646e+06 , 23256293 , 14764337 , 441754 , 692285, 3.337545e+05 , 428006
3680 , 2.498293e+05 , 2436606 , 1586717 , 2.459467e+04 , 692285, 3.527267e+04 , 55665
3685 , 2262336 , 2436606 , 35152896 , 939216 , 692285, 3.527267e+04 , 55665
3690 , 1517737 , 2436606 , 20189830 , 525031 , 692285, 3.527267e+04 , 55665
3695 , 4.960467e+05 , 9271722 , 4917691 , 525031 , 7.588833e+04, 105756 , 1.110407e+05
3700 , 4.960467e+05 , 27145777 , 4917691 , 525031 , 7.588833e+04, 105756 , 344339
3705 , 5.647433e+05 , 3509170 , 7698047 , 9.952533e+04 , 78837, 9.164167e+04 , 344339
3710 , 1092713 , 1.393350e+07 , 1.368053e+07 , 9.952533e+04 , 3.569665e+05, 9.164167e+04 , 1.093405e+05
3715 , 250429 , 2158098 , 2.736590e+06 , 51852 , 3.569665e+05, 58161 , 1.093405e+05
3720 , 1245400 , 15290147 , 15849816 , 51852 , 290798, 3.826545e+05 , 1.093405e+05
3725 , 1245400 , 26172690 , 15849816 , 51852 , 290798, 3.826545e+05 , 158599
3730 , 547861 , 5858785 , 6795558 , 1.406575e+05 , 290798, 3.826545e+05 , 103771
3735 , 547861 , 26945086 , 6795558 , 1.406575e+05 , 290798, 3.826545e+05 , 322998
3740 , 544533 , 1.248932e+06 , 3.189038e+06 , 24468 , 2.384333e+04, 3.826545e+05 , 2.100333e+04
3745 , 2235632 , 1.248932e+06 , 36367113 , 24468 , 867255, 3.826545e+05 , 2.100333e+04
3750 , 2235632 , 17240001 , 36367113 , 24468 , 867255, 3.826545e+05 , 376584
3755 , 801527 , 6585606 , 6.707294e+06 , 24468 , 1.518455e+05, 3.826545e+05 , 5.388150e+04
3760 , 801527 , 25967539 , 6.707294e+06 , 24468 , 1.518455e+05, 912040 , 5.388150e+04
3765 , 8.987775e+05 , 25967539 , 1.124560e+07 , 1.945815e+05 , 137341, 912040 , 5.388150e+04
3770 , 8.987775e+05 , 26922710 , 1.124560e+07 , 1.945815e+05 , 137341, 823769 , 5.388150e+04
3775 , 2.797255e+05 , 2.265748e+06 , 2640190 , 1.945815e+05 , 3.217950e+04, 109812 , 5.388150e+04
3780 , 2.797255e+05 , 29927456 , 2640190 , 1.945815e+05 , 3.217950e+04, 738851 , 5.388150e+04
3785 , 1720724 , 29927456 , 25077741 , 1.945815e+05 , 396649, 738851 , 5.388150e+04
3790 , 572275 , 6.201448e+06 , 6642068 , 1.354395e+05 , 396649, 1.485305e+05 , 5.388150e+04
3795 , 572275 , 26678991 , 6642068 , 1.354395e+05 , 396649, 605223 , 5.388150e+04
3800 , 572275 , 5455501 , 6642068 , 1.354395e+05 , 396649, 100459 , 5.388150e+04
3805 , 572275 , 32679183 , 6642068 , 1.354395e+05 , 396649, 842249 , 5.388150e+04
3810 , 1509842 , 32679183 , 18851738 , 639544 , 396649, 842249 , 5.388150e+04
3815 , 5.467677e+05 , 9348445 , 5002183 , 639544 , 7.602933e+04, 110945 , 122177
3820 , 5.467677e+05 , 27330139 , 5002183 , 639544 , 7.602933e+04, 110945 , 279147
3825 , 444200 , 5557199 , 6485704 , 639544 , 60271, 110945 , 145187
3830 , 444200 , 25355664 , 6485704 , 639544 , 60271, 110945 , 603062
3835 , 299014 , 2279068 , 2.649560e+06 , 63382 , 60271, 110945 , 7.802750e+04
3840 , 2447422 , 2279068 , 31827734 , 820958 , 60271, 110945 , 7.802750e+04
3845 , 874294 , 11003853 , 12047761 , 820958 , 256076, 110945 , 2.816875e+05
3850 , 5.606715e+05 , 6007137 , 6505426 , 139476 , 256076, 110945 , 1.201605e+05
3855 , 5.606715e+05 , 27139971 , 6505426 , 139476 , 256076, 110945 , 231005
3860 , 2.632007e+05 , 3.028412e+06 , 1.830743e+06 , 139476 , 29717, 4.051767e+04 , 85038
3865 , 2248229 , 3.028412e+06 , 35253176 , 1014415 , 29717, 4.051767e+04 , 85038
3870 , 7.567205e+05 , 9.648412e+06 , 9.874514e+06 , 268671 , 29717, 2.235735e+05 , 85038
3875 , 7.567205e+05 , 14120955 , 9.874514e+06 , 268671 , 29717, 2.017505e+05 , 1.506035e+05
3880 , 1677715 , 14120955 , 27684720 , 268671 , 574761, 2.017505e+05 , 1.506035e+05
3885 , 1677715 , 11183404 , 27684720 , 268671 , 574761, 335856 , 1.506035e+05
3890 , 1.074980e+06 , 13006468 , 1.401908e+07 , 268671 , 2.635535e+05, 4.357125e+05 , 1.506035e+05
3895 , 283943 , 1967537 , 2602916 , 6.507050e+04 , 2.635535e+05, 4.357125e+05 , 39171
3900 , 2450009 , 1967537 , 32664515 , 819029 , 2.635535e+05, 4.357125e+05 , 39171
3905 , 8.780095e+05 , 12999529 , 13274890 , 819029 , 3.102835e+05, 303894 , 39171
3910 , 7.536093e+05 , 3919970 , 8.286293e+06 , 9.938233e+04 , 1.022337e+05, 7.718233e+04 , 39171
3915 , 7.536093e+05 , 25554832 , 8.286293e+06 , 9.938233e+04 , 1.022337e+05, 688086 , 39171
3920 , 766059 , 1.007873e+07 , 10044625 , 2.354025e+05 , 1.022337e+05, 688086 , 178693
3925 , 8.657557e+05 , 3998692 , 8.517814e+06 , 106884 , 8.498067e+04, 688086 , 6.263667e+04
3930 , 1722687 , 3998692 , 28874175 , 106884 , 490207, 688086 , 6.263667e+04
3935 , 1073022 , 3998692 , 11517074 , 251956 , 490207, 688086 , 6.263667e+04
3940 , 7.339663e+05 , 1.922335e+07 , 9.762679e+06 , 251956 , 2.432717e+05, 2.256573e+05 , 106510
3945 , 7.339663e+05 , 4.316180e+06 , 9.762679e+06 , 251956 , 2.432717e+05, 59765 , 5.720650e+04
3950 , 2536597 , 4.316180e+06 , 29239660 , 734907 , 2.432717e+05, 59765 , 5.720650e+04
3955 , 2536597 , 25169697 , 29239660 , 734907 , 2.432717e+05, 702923 , 5.720650e+04
3960 , 2536597 , 11374093 , 29239660 , 734907 , 2.432717e+05, 1.828625e+05 , 137849
3965 , 2536597 , 31104918 , 29239660 , 734907 , 2.432717e+05, 1.828625e+05 , 155701
3970 , 391435 , 1.810152e+06 , 2.463380e+06 , 2.923350e+04 , 6.157250e+03, 4.475950e+04 , 16201
3975 , 391435 , 33977775 , 2.463380e+06 , 2.923350e+04 , 6.157250e+03, 973752 , 16201
3980 , 391435 , 19909685 , 2.463380e+06 , 2.923350e+04 , 6.157250e+03, 973752 , 150026
3985 , 6.652555e+05 , 6233942 , 6.842162e+06 , 1.432495e+05 , 6.157250e+03, 172909 , 150026
3990 , 8.378285e+05 , 1.331068e+07 , 1.458845e+07 , 1.432495e+05 , 2.971205e+05, 380487 , 150026
3995 , 539687 , 6.559020e+06 , 6.704892e+06 , 179639 , 2.971205e+05, 1.452555e+05 , 150026
4000 , 2157350 , 6.559020e+06 , 28065416 , 730884 , 2.971205e+05, 1.452555e+05 , 150026
4005 , 2157350 , 4.400792e+06 , 28065416 , 730884 , 2.971205e+05, 66824 , 4.936450e+04
4010 , 1.667229e+06 , 1.047396e+07 , 2.034166e+07 , 2.896503e+05 , 2.629483e+05, 228081 , 4.936450e+04
4015 , 7.478575e+05 , 11785827 , 13038676 , 2.896503e+05 , 235520, 228081 , 2.028485e+05
4020 , 547674 , 5.587170e+06 , 6426943 , 1.354135e+05 , 235520, 1.604435e+05 , 2.028485e+05
4025 , 2151679 , 5.587170e+06 , 29350077 , 1.354135e+05 , 627166, 1.604435e+05 , 2.028485e+05
4030 , 5.233227e+05 , 1239425 , 3.240051e+06 , 2.480433e+04 , 25212, 5.710567e+04 , 2.028485e+05
4035 , 5.233227e+05 , 34537049 , 3.240051e+06 , 2.480433e+04 , 25212, 5.710567e+04 , 373805
4040 , 1507320 , 34537049 , 20162364 , 2.480433e+04 , 496082, 5.710567e+04 , 373805
4045 , 9.062127e+05 , 4.222313e+06 , 8801551 , 107492 , 1.056567e+05, 105749 , 373805
4050 , 822240 , 13416100 , 14664712 , 331091 , 1.056567e+05, 3.779815e+05 , 373805
4055 , 5.312745e+05 , 6.490726e+06 , 7.319284e+06 , 138230 , 1.056567e+05, 3.779815e+05 , 2.503965e+05
4060 , 5.312745e+05 , 26316889 , 7.319284e+06 , 138230 , 1.056567e+05, 694295 , 2.503965e+05
4065 , 5.312745e+05 , 4081684 , 7.319284e+06 , 138230 , 1.056567e+05, 47034 , 58357
4070 , 2493085 , 4081684 , 31520746 , 728191 , 1.056567e+05, 47034 , 58357
4075 , 2493085 , 24187069 , 31520746 , 728191 , 1.056567e+05, 47034 , 275481
4080 , 5.465795e+05 , 5.454362e+06 , 6351904 , 121674 , 1.056567e+05, 143719 , 275481
4085 , 1.078804e+06 , 14058863 , 15078013 , 121674 , 284272, 143719 , 352308
4090 , 3.912095e+05 , 1965497 , 2.495960e+06 , 19042 , 1.942075e+04, 2.514750e+04 , 3.476125e+04
4095 , 3.912095e+05 , 35143445 , 2.495960e+06 , 19042 , 1.942075e+04, 775610 , 3.476125e+04
4100 , 764187 , 9057856 , 9.861108e+06 , 19042 , 163074, 775610 , 253703
4105 , 9.174217e+05 , 4.072873e+06 , 8716311 , 1.121867e+05 , 8.064867e+04, 775610 , 64648
4110 , 830861 , 1.286008e+07 , 1.397870e+07 , 1.121867e+05 , 260811, 775610 , 1.846175e+05
4115 , 5.549255e+05 , 6533398 , 6834257 , 1.121867e+05 , 1.384675e+05, 1.451985e+05 , 1.846175e+05
4120 , 2.141762e+06 , 6533398 , 27743053 , 417510 , 3.053675e+05, 1.451985e+05 , 1.846175e+05
4125 , 2.798725e+05 , 2019391 , 2575930 , 50880 , 3.053675e+05, 5.670650e+04 , 1.846175e+05
4130 , 2.798725e+05 , 31770635 , 2575930 , 50880 , 3.053675e+05, 5.670650e+04 , 620541
4135 , 2.798725e+05 , 21726921 , 2575930 , 50880 , 3.053675e+05, 5.670650e+04 , 427367
4140 , 2.798725e+05 , 12048292 , 2575930 , 50880 , 3.053675e+05, 1.551845e+05 , 9.519650e+04
4145 , 2123432 , 12048292 , 30736405 , 710280 , 3.053675e+05, 1.551845e+05 , 9.519650e+04
4150 , 5.472233e+05 , 1.313220e+06 , 3.142564e+06 , 4.023367e+04 , 2.313633e+04, 1.551845e+05 , 4.645533e+04
4155 , 1.263220e+06 , 1.380997e+07 , 14509044 , 4.023367e+04 , 2.647515e+05, 3.273325e+05 , 4.645533e+04
4160 , 1.263220e+06 , 25934099 , 14509044 , 4.023367e+04 , 2.647515e+05, 3.273325e+05 , 557825
4165 , 510389 , 5899193 , 6.231292e+06 , 159816 , 2.647515e+05, 1.453535e+05 , 557825
4170 , 1011911 , 13156072 , 13832328 , 335816 , 2.647515e+05, 355934 , 557825
4175 , 445562 , 3043001 , 3413536 , 335816 , 42605, 1.964045e+05 , 557825
4180 , 445562 , 32845708 , 3413536 , 335816 , 42605, 1.964045e+05 , 471523
4185 , 7.524625e+05 , 9957594 , 1.004742e+07 , 335816 , 257673, 260525 , 471523
4190 , 8.083133e+05 , 3.909383e+06 , 8.695550e+06 , 83653 , 68388, 1.777413e+05 , 471523
4195 , 8.083133e+05 , 24550452 , 8.695550e+06 , 83653 , 68388, 4.357225e+05 , 250173
4200 , 8.083133e+05 , 6787315 , 8.695550e+06 , 83653 , 68388, 4.357225e+05 , 85198
4205 , 8.083133e+05 , 32629049 , 8.695550e+06 , 83653 , 68388, 1139345 , 85198
4210 , 226227 , 1979785 , 2.384448e+06 , 57915 , 68388, 1139345 , 3.315450e+04
4215 , 1.284984e+06 , 13863920 , 13717215 , 3.615245e+05 , 68388, 3.454265e+05 , 3.315450e+04
4220 , 1.284984e+06 , 26652354 , 13717215 , 3.615245e+05 , 68388, 3.454265e+05 , 343898
4225 , 512832 , 6.403262e+06 , 6.728140e+06 , 1.291995e+05 , 68388, 1.732045e+05 , 343898
4230 , 1985446 , 6.403262e+06 , 29021428 , 651954 , 68388, 1.732045e+05 , 343898
4235 , 484858 , 2.778804e+06 , 3.121180e+06 , 5.910550e+04 , 68388, 191570 , 343898
4240 , 2341608 , 2.778804e+06 , 35231336 , 5.910550e+04 , 751044, 191570 , 343898
4245 , 7.604075e+05 , 9792776 , 9.990356e+06 , 2.669455e+05 , 751044, 2.718965e+05 , 343898
4250 , 418528 , 7760011 , 4075392 , 1.092893e+05 , 751044, 1.616297e+05 , 39098
4255 , 8.930435e+05 , 13515747 , 13516871 , 1.092893e+05 , 362014, 3.341815e+05 , 39098
4260 , 847942 , 13515747 , 7929537 , 216632 , 362014, 3.341815e+05 , 39098
4265 , 847942 , 32655040 , 7929537 , 216632 , 362014, 3.341815e+05 , 208543
4270 , 141070 , 2.550203e+06 , 1.533021e+06 , 4.095333e+04 , 362014, 4.391567e+04 , 24558
4275 , 654192 , 9.047530e+06 , 9.048392e+06 , 2.536945e+05 , 362014, 2.412975e+05 , 24558
4280 , 760266 , 9202039 , 1.068646e+07 , 2.301345e+05 , 362014, 398368 , 24558
4285 , 1502528 , 9202039 , 20383455 , 262223 , 2.517525e+05, 398368 , 24558
4290 , 1513799 , 9202039 , 20501598 , 525641 , 2.517525e+05, 398368 , 24558
4295 , 1513799 , 20842286 , 20501598 , 525641 , 2.517525e+05, 227276 , 213070
4300 , 1514839 , 20842286 , 20113513 , 2.561965e+05 , 244927, 227276 , 213070
4305 , 1514839 , 21071724 , 20113513 , 2.561965e+05 , 244927, 227276 , 281351
4310 , 1514839 , 16646754 , 20113513 , 2.561965e+05 , 244927, 227276 , 443835
4315 , 7.584235e+05 , 9.952598e+06 , 1.032056e+07 , 2.561965e+05 , 2.299625e+05, 2.237785e+05 , 443835
4320 , 760551 , 8811976 , 10262184 , 2.561965e+05 , 1.291595e+05, 2.237785e+05 , 1.956835e+05
4325 , 760551 , 20753395 , 10262184 , 2.561965e+05 , 1.291595e+05, 2.237785e+05 , 449997
4330 , 7.594235e+05 , 9.237930e+06 , 10195122 , 2.561965e+05 , 1.800055e+05, 238026 , 449997
4335 , 7.594235e+05 , 18512862 , 10195122 , 2.561965e+05 , 1.800055e+05, 238026 , 261399
4340 , 7.594235e+05 , 18963810 , 10195122 , 2.561965e+05 , 1.800055e+05, 458893 , 261399
4345 , 1533772 , 18963810 , 20904613 , 2.561965e+05 , 261916, 458893 , 261399
4350 , 1523727 , 18963810 , 19270858 , 2.561965e+05 , 494891, 458893 , 261399
4355 , 1523727 , 2.018617e+07 , 19270858 , 2.561965e+05 , 494891, 2.632645e+05 , 310608
4360 , 1523727 , 17340548 , 19270858 , 2.561965e+05 , 494891, 619375 , 310608
4365 , 1523727 , 2.015404e+07 , 19270858 , 2.561965e+05 , 494891, 228064 , 112093
4370 , 1470601 , 2.015404e+07 , 18875388 , 511596 , 494891, 228064 , 112093
4375 , 1470601 , 19407103 , 18875388 , 511596 , 494891, 391603 , 112093
4380 , 1503173 , 19407103 , 21456629 , 375913 , 494891, 391603 , 112093
4385 , 865442 , 1.084088e+07 , 10922605 , 2.702395e+05 , 494891, 239298 , 112093
4390 , 865442 , 19488028 , 10922605 , 2.702395e+05 , 494891, 239298 , 202388
4395 , 865442 , 1.973471e+07 , 10922605 , 2.702395e+05 , 494891, 2.092935e+05 , 1.011865e+05
4400 , 865442 , 19809455 , 10922605 , 2.702395e+05 , 494891, 2.092935e+05 , 432649
4405 , 865442 , 18604034 , 10922605 , 2.702395e+05 , 494891, 2.092935e+05 , 389946
4410 , 1506835 , 18604034 , 19758248 , 502945 , 494891, 2.092935e+05 , 389946
4415 , 1753132 , 18604034 , 20951582 , 539370 , 494891, 2.092935e+05 , 389946
4420 , 1534473 , 18604034 , 20215450 , 503026 , 494891, 2.092935e+05 , 389946
4425 , 1534473 , 20544260 , 20215450 , 503026 , 494891, 470825 , 389946
4430 , 757706 , 9229590 , 9.644512e+06 , 256818 , 494891, 470825 , 206017
4435 , 1527917 , 9229590 , 18977549 , 543974 , 494891, 470825 , 206017
4440 , 1527917 , 19120962 , 18977549 , 543974 , 494891, 470825 , 204734
4445 , 1527917 , 2.063829e+07 , 18977549 , 543974 , 494891, 224364 , 1.914695e+05
4450 , 1520828 , 2.063829e+07 , 18549857 , 549564 , 494891, 224364 , 1.914695e+05
4455 , 7.512825e+05 , 9.558934e+06 , 10329114 , 549564 , 1.793455e+05, 224364 , 1.571755e+05
4460 , 7.512825e+05 , 20795706 , 10329114 , 549564 , 1.793455e+05, 425122 , 1.571755e+05
4465 , 7.512825e+05 , 20187353 , 10329114 , 549564 , 1.793455e+05, 191613 , 9.980850e+04
4470 , 7.512825e+05 , 18373783 , 10329114 , 549564 , 1.793455e+05, 191613 , 390452
4475 , 7.512825e+05 , 21795238 , 10329114 , 549564 , 1.793455e+05, 245855 , 2.239155e+05
4480 , 7.512825e+05 , 19563379 , 10329114 , 549564 , 1.793455e+05, 406497 , 2.239155e+05
4485 , 1005394 , 7.064080e+06 , 14283334 , 186518 , 185377, 406497 , 5.909467e+04
4490 , 1005394 , 18841533 , 14283334 , 186518 , 185377, 449426 , 5.909467e+04
4495 , 758177 , 9.038890e+06 , 1.027669e+07 , 186518 , 1.512185e+05, 291720 , 5.909467e+04
