scheduler,run,timestamp,cpu,llmiss_av,inst_ret_av,coretemp_av,tea_hat,pcost_hat
ule,1,40,0,0.02394,0.0155,27.73,4.627,3.471
ule,1,45,0,0.03019,0.0194,27.6,4.608,3.456
ule,1,50,0,0.03623,0.02307,27.6,4.61,3.457
ule,1,55,0,0.04213,0.0267,27.6,4.611,3.459
ule,1,60,0,0.04786,0.03033,27.6,4.613,3.46
ule,1,65,0,0.05335,0.03383,27.48,4.594,3.445
ule,1,70,0,0.05805,0.03617,27.35,4.574,3.431
ule,1,75,0,0.06266,0.03843,27.35,4.575,3.431
ule,1,80,0,0.06725,0.04067,27.23,4.555,3.417
ule,1,85,0,0.07186,0.04292,27.23,4.557,3.417
ule,1,90,0,0.0765,0.04521,27.1,4.537,3.403
ule,1,95,0,0.08113,0.0475,27.1,4.538,3.404
ule,1,100,0,0.0858,0.04981,27.1,4.539,3.404
ule,1,105,0,0.09067,0.05215,27.1,4.54,3.405
ule,1,110,0,0.0957,0.05454,27.1,4.542,3.406
ule,1,115,0,0.1008,0.05692,27.1,4.543,3.407
ule,1,120,0,0.1061,0.0593,27.1,4.544,3.408
ule,1,125,0,0.1116,0.06163,27.1,4.546,3.409
ule,1,130,0,0.1173,0.06394,27.1,4.547,3.41
ule,1,135,0,0.1233,0.06621,27.1,4.548,3.411
ule,1,140,0,0.1294,0.06843,27.1,4.55,3.412
ule,1,145,0,0.1354,0.07059,27.1,4.551,3.413
ule,1,150,0,0.1427,0.07429,27.1,4.553,3.415
ule,1,155,0,0.1499,0.07805,27.1,4.555,3.416
ule,1,160,0,0.157,0.08186,27.1,4.556,3.417
ule,1,165,0,0.1639,0.08572,27.1,4.558,3.419
ule,1,170,0,0.1705,0.08962,27.1,4.56,3.42
ule,1,175,0,0.1768,0.09354,27.1,4.562,3.421
ule,1,180,0,0.183,0.09755,27.1,4.563,3.423
ule,1,185,0,0.1893,0.1016,27.1,4.565,3.424
ule,1,190,0,0.1941,0.1041,27.1,4.566,3.425
ule,1,195,0,0.1988,0.1066,27.1,4.568,3.426
ule,1,200,0,0.2036,0.1091,27.1,4.569,3.427
ule,1,205,0,0.2083,0.1115,27.1,4.57,3.427
ule,1,210,0,0.2131,0.114,27.1,4.571,3.428
ule,1,215,0,0.2179,0.1164,27.1,4.572,3.429
ule,1,220,0,0.2227,0.1188,27.1,4.574,3.43
ule,1,225,0,0.2274,0.1212,27.1,4.575,3.431
ule,1,230,0,0.2322,0.1235,27.1,4.576,3.432
ule,1,235,0,0.237,0.1258,27.1,4.577,3.433
ule,1,240,0,0.2419,0.1281,27.1,4.578,3.434
ule,2,40,0,0.02358,0.0158,27.35,4.565,3.424
ule,2,45,0,0.02981,0.01936,27.1,4.525,3.394
ule,2,50,0,0.03597,0.02257,27.1,4.526,3.395
ule,2,55,0,0.04204,0.02559,27.1,4.528,3.396
ule,2,60,0,0.04804,0.02843,27.1,4.529,3.397
ule,2,65,0,0.0542,0.03123,27.1,4.531,3.398
ule,2,70,0,0.06065,0.03433,27.1,4.532,3.399
ule,2,75,0,0.06712,0.03739,27.1,4.534,3.401
ule,2,80,0,0.0738,0.04059,27.1,4.536,3.402
ule,2,85,0,0.08045,0.04372,27.1,4.537,3.403
ule,2,90,0,0.08689,0.0468,27.1,4.539,3.404
ule,2,95,0,0.09318,0.04982,27.1,4.54,3.405
ule,2,100,0,0.0994,0.05286,27.1,4.542,3.407
ule,2,105,0,0.1055,0.0559,27.1,4.544,3.408
ule,2,110,0,0.1113,0.05858,27.1,4.545,3.409
ule,2,115,0,0.1172,0.0612,27.1,4.546,3.41
ule,2,120,0,0.1228,0.06363,27.1,4.548,3.411
ule,2,125,0,0.1285,0.06606,27.1,4.549,3.412
ule,2,130,0,0.1344,0.06856,27.1,4.55,3.413
ule,2,135,0,0.1403,0.07107,27.1,4.552,3.414
ule,2,140,0,0.1463,0.07355,27.1,4.553,3.415
ule,2,145,0,0.1523,0.07624,27.1,4.555,3.416
ule,2,150,0,0.1584,0.07895,27.1,4.556,3.417
ule,2,155,0,0.1644,0.08169,27.1,4.558,3.418
ule,2,160,0,0.1705,0.08443,27.1,4.559,3.419
ule,2,165,0,0.1766,0.0872,27.1,4.561,3.42
ule,2,170,0,0.1826,0.0899,27.1,4.562,3.422
ule,2,175,0,0.1886,0.09261,27.1,4.564,3.423
ule,2,180,0,0.1947,0.09532,27.1,4.565,3.424
ule,2,185,0,0.2007,0.09779,27.1,4.566,3.425
ule,2,190,0,0.2067,0.1002,27.1,4.568,3.426
ule,2,195,0,0.2128,0.1027,27.1,4.569,3.427
ule,2,200,0,0.2188,0.1051,27.1,4.571,3.428
ule,2,205,0,0.2249,0.1075,27.1,4.572,3.429
ule,2,210,0,0.2309,0.1099,27.1,4.573,3.43
ule,2,215,0,0.2369,0.1123,27.1,4.575,3.431
ule,2,220,0,0.2429,0.1147,27.1,4.576,3.432
ule,2,225,0,0.249,0.1171,27.1,4.578,3.433
ule,2,230,0,0.2549,0.1196,27.1,4.579,3.434
ule,2,235,0,0.2608,0.122,27.1,4.58,3.435
ule,2,240,0,0.2667,0.1244,27.1,4.582,3.436
ule,3,40,0,0.01895,0.01434,27.35,4.564,3.423
ule,3,45,0,0.02413,0.01783,27.1,4.524,3.393
ule,3,50,0,0.0292,0.02101,27.1,4.525,3.394
ule,3,55,0,0.03417,0.02395,27.1,4.526,3.395
ule,3,60,0,0.03914,0.0268,27.1,4.528,3.396
ule,3,65,0,0.04415,0.02962,27.1,4.529,3.397
ule,3,70,0,0.04928,0.03253,27.1,4.53,3.398
ule,3,75,0,0.05448,0.03541,27.1,4.532,3.399
ule,3,80,0,0.05946,0.0379,27.1,4.533,3.4
ule,3,85,0,0.06444,0.04037,27.1,4.534,3.401
ule,3,90,0,0.06938,0.04282,27.1,4.535,3.402
ule,3,95,0,0.07431,0.04531,27.1,4.537,3.402
ule,3,100,0,0.07916,0.04778,27.1,4.538,3.403
ule,3,105,0,0.08395,0.05015,27.1,4.539,3.404
ule,3,110,0,0.08923,0.05352,27.1,4.54,3.405
ule,3,115,0,0.09446,0.05687,27.1,4.542,3.406
ule,3,120,0,0.09973,0.0602,27.1,4.543,3.407
ule,3,125,0,0.105,0.06345,27.1,4.545,3.409
ule,3,130,0,0.1103,0.06679,27.1,4.546,3.41
ule,3,135,0,0.1158,0.07008,27.1,4.548,3.411
ule,3,140,0,0.1216,0.07344,27.1,4.549,3.412
ule,3,145,0,0.1275,0.07689,27.1,4.551,3.413
ule,3,150,0,0.1328,0.07921,27.1,4.552,3.414
ule,3,155,0,0.1381,0.08152,27.1,4.553,3.415
ule,3,160,0,0.1434,0.08385,27.1,4.555,3.416
ule,3,165,0,0.1488,0.08624,27.1,4.556,3.417
ule,3,170,0,0.154,0.08856,27.1,4.557,3.418
ule,3,175,0,0.1591,0.09088,27.1,4.558,3.419
ule,3,180,0,0.164,0.0932,27.1,4.56,3.42
ule,3,185,0,0.1688,0.09551,27.1,4.561,3.421
ule,3,190,0,0.1735,0.09782,27.1,4.562,3.421
ule,3,195,0,0.1783,0.1003,27.1,4.563,3.422
ule,3,200,0,0.1831,0.1028,27.1,4.564,3.423
ule,3,205,0,0.1879,0.1053,27.1,4.566,3.424
ule,3,210,0,0.1926,0.1077,27.1,4.567,3.425
ule,3,215,0,0.1974,0.1102,27.1,4.568,3.426
ule,3,220,0,0.2021,0.1126,27.1,4.569,3.427
ule,3,225,0,0.2068,0.115,27.1,4.57,3.428
ule,3,230,0,0.2115,0.1175,27.1,4.572,3.429
ule,3,235,0,0.2164,0.1197,27.1,4.573,3.43
ule,3,240,0,0.2214,0.122,27.1,4.574,3.43
ule,1,40,1,0.007894,0.007502,29.23,4.873,3.655
ule,1,45,1,0.009148,0.008747,29.1,4.853,3.64
ule,1,50,1,0.0104,0.00998,29.1,4.853,3.64
ule,1,55,1,0.01168,0.01125,29.1,4.854,3.64
ule,1,60,1,0.01295,0.01255,29.1,4.854,3.641
ule,1,65,1,0.0142,0.0139,29.1,4.855,3.641
ule,1,70,1,0.01538,0.01507,29.1,4.855,3.641
ule,1,75,1,0.01637,0.01588,29.1,4.855,3.642
ule,1,80,1,0.01735,0.01669,29.1,4.856,3.642
ule,1,85,1,0.01832,0.01747,29.1,4.856,3.642
ule,1,90,1,0.01928,0.0183,29.1,4.856,3.642
ule,1,95,1,0.02023,0.01916,29.1,4.857,3.642
ule,1,100,1,0.02117,0.01999,29.1,4.857,3.643
ule,1,105,1,0.02207,0.0207,29.1,4.857,3.643
ule,1,110,1,0.02297,0.02138,29.1,4.857,3.643
ule,1,115,1,0.02386,0.022,29.1,4.858,3.643
ule,1,120,1,0.02477,0.02261,29.1,4.858,3.643
ule,1,125,1,0.02568,0.02319,29.1,4.858,3.644
ule,1,130,1,0.02659,0.02367,29.1,4.858,3.644
ule,1,135,1,0.02747,0.02407,29.1,4.859,3.644
ule,1,140,1,0.02837,0.02446,29.1,4.859,3.644
ule,1,145,1,0.02929,0.02483,29.1,4.859,3.644
ule,1,150,1,0.03205,0.02639,29.1,4.86,3.645
ule,1,155,1,0.03491,0.02828,29.1,4.861,3.645
ule,1,160,1,0.03776,0.03017,29.1,4.861,3.646
ule,1,165,1,0.04062,0.0321,29.1,4.862,3.647
ule,1,170,1,0.04346,0.03406,29.1,4.863,3.647
ule,1,175,1,0.0463,0.03604,29.1,4.864,3.648
ule,1,180,1,0.04916,0.0381,29.1,4.865,3.648
ule,1,185,1,0.05201,0.04017,29.1,4.865,3.649
ule,1,190,1,0.05299,0.04105,29.1,4.866,3.649
ule,1,195,1,0.05387,0.04164,29.1,4.866,3.649
ule,1,200,1,0.05474,0.04222,29.1,4.866,3.65
ule,1,205,1,0.05562,0.04279,29.1,4.866,3.65
ule,1,210,1,0.0565,0.04344,29.1,4.867,3.65
ule,1,215,1,0.05739,0.04407,29.1,4.867,3.65
ule,1,220,1,0.05824,0.04464,29.1,4.867,3.65
ule,1,225,1,0.05912,0.04521,29.1,4.867,3.651
ule,1,230,1,0.05998,0.04576,29.1,4.868,3.651
ule,1,235,1,0.06084,0.04627,28.98,4.847,3.635
ule,1,240,1,0.06172,0.0468,28.98,4.847,3.635
ule,2,40,1,0.007742,0.006371,28.98,4.832,3.624
ule,2,45,1,0.00922,0.007284,28.73,4.79,3.593
ule,2,50,1,0.01043,0.008167,28.73,4.791,3.593
ule,2,55,1,0.01146,0.008915,28.73,4.791,3.593
ule,2,60,1,0.01245,0.009624,28.73,4.791,3.593
ule,2,65,1,0.01345,0.01034,28.6,4.771,3.578
ule,2,70,1,0.01506,0.01217,28.6,4.771,3.578
ule,2,75,1,0.01667,0.01398,28.73,4.793,3.594
ule,2,80,1,0.01835,0.01591,28.73,4.793,3.595
ule,2,85,1,0.02,0.01783,28.73,4.794,3.595
ule,2,90,1,0.02158,0.01946,28.6,4.774,3.58
ule,2,95,1,0.02318,0.02112,28.48,4.753,3.565
ule,2,100,1,0.02478,0.0228,28.35,4.733,3.55
ule,2,105,1,0.02637,0.02448,28.35,4.733,3.55
ule,2,110,1,0.02735,0.02504,28.35,4.734,3.55
ule,2,115,1,0.02833,0.02557,28.35,4.734,3.55
ule,2,120,1,0.02923,0.02598,28.48,4.755,3.566
ule,2,125,1,0.03014,0.02637,28.6,4.776,3.582
ule,2,130,1,0.03104,0.02674,28.6,4.776,3.582
ule,2,135,1,0.03193,0.02709,28.73,4.797,3.598
ule,2,140,1,0.03278,0.02741,28.85,4.818,3.614
ule,2,145,1,0.03364,0.02773,28.98,4.839,3.63
ule,2,150,1,0.0345,0.02803,28.85,4.819,3.614
ule,2,155,1,0.03536,0.02831,28.85,4.819,3.614
ule,2,160,1,0.03623,0.0286,28.73,4.798,3.599
ule,2,165,1,0.03708,0.02889,28.6,4.778,3.583
ule,2,170,1,0.03796,0.0292,28.73,4.799,3.599
ule,2,175,1,0.0389,0.02958,28.73,4.799,3.599
ule,2,180,1,0.03985,0.02994,28.73,4.799,3.599
ule,2,185,1,0.0408,0.03031,28.73,4.799,3.6
ule,2,190,1,0.04177,0.03072,28.85,4.82,3.615
ule,2,195,1,0.04273,0.03115,28.85,4.821,3.615
ule,2,200,1,0.0437,0.03159,28.85,4.821,3.616
ule,2,205,1,0.04469,0.03201,28.85,4.821,3.616
ule,2,210,1,0.04566,0.03243,28.85,4.821,3.616
ule,2,215,1,0.04658,0.03279,28.85,4.822,3.616
ule,2,220,1,0.04752,0.03316,28.85,4.822,3.616
ule,2,225,1,0.04846,0.03351,28.85,4.822,3.616
ule,2,230,1,0.0494,0.03385,28.85,4.822,3.617
ule,2,235,1,0.05038,0.03434,28.85,4.822,3.617
ule,2,240,1,0.05138,0.03481,28.98,4.844,3.633
ule,3,40,1,0.00715,0.006713,29.1,4.852,3.639
ule,3,45,1,0.008666,0.007774,28.85,4.811,3.608
ule,3,50,1,0.009828,0.0085,28.73,4.791,3.593
ule,3,55,1,0.01092,0.009125,28.6,4.77,3.578
ule,3,60,1,0.01202,0.009708,28.6,4.77,3.578
ule,3,65,1,0.01313,0.01027,28.48,4.75,3.562
ule,3,70,1,0.01426,0.01083,28.35,4.729,3.547
ule,3,75,1,0.01535,0.01129,28.35,4.729,3.547
ule,3,80,1,0.01627,0.01167,28.35,4.73,3.547
ule,3,85,1,0.01717,0.012,28.35,4.73,3.547
ule,3,90,1,0.01808,0.0123,28.48,4.751,3.563
ule,3,95,1,0.019,0.0126,28.48,4.751,3.563
ule,3,100,1,0.01998,0.01302,28.35,4.73,3.548
ule,3,105,1,0.02097,0.01346,28.48,4.752,3.564
ule,3,110,1,0.02205,0.0142,28.6,4.773,3.58
ule,3,115,1,0.02313,0.01498,28.6,4.773,3.58
ule,3,120,1,0.02423,0.01578,28.6,4.773,3.58
ule,3,125,1,0.02538,0.0166,28.6,4.774,3.58
ule,3,130,1,0.0266,0.01761,28.48,4.753,3.565
ule,3,135,1,0.02781,0.01866,28.48,4.754,3.565
ule,3,140,1,0.02899,0.01964,28.48,4.754,3.565
ule,3,145,1,0.03013,0.02061,28.35,4.733,3.55
ule,3,150,1,0.03117,0.0213,28.23,4.713,3.535
ule,3,155,1,0.0322,0.02195,28.23,4.713,3.535
ule,3,160,1,0.0332,0.02258,28.1,4.693,3.519
ule,3,165,1,0.03416,0.02319,28.1,4.693,3.52
ule,3,170,1,0.03505,0.02367,28.1,4.693,3.52
ule,3,175,1,0.03594,0.02412,28.1,4.693,3.52
ule,3,180,1,0.0368,0.02454,28.1,4.694,3.52
ule,3,185,1,0.03767,0.02495,28.1,4.694,3.52
ule,3,190,1,0.03853,0.02534,28.23,4.715,3.536
ule,3,195,1,0.03939,0.02574,28.23,4.715,3.536
ule,3,200,1,0.04025,0.02614,28.35,4.736,3.552
ule,3,205,1,0.04111,0.02653,28.48,4.757,3.568
ule,3,210,1,0.04198,0.02687,28.48,4.757,3.568
ule,3,215,1,0.04284,0.0272,28.6,4.778,3.584
ule,3,220,1,0.0437,0.02752,28.6,4.779,3.584
ule,3,225,1,0.04461,0.02791,28.6,4.779,3.584
ule,3,230,1,0.04554,0.02829,28.48,4.758,3.569
ule,3,235,1,0.04646,0.02867,28.48,4.758,3.569
ule,3,240,1,0.0474,0.02905,28.35,4.738,3.553
ule,1,40,2,0.003077,0.009111,23.1,3.852,2.889
ule,1,45,2,0.003893,0.01154,23.1,3.853,2.889
ule,1,50,2,0.004692,0.01387,23.1,3.853,2.89
ule,1,55,2,0.005471,0.01608,23.1,3.854,2.89
ule,1,60,2,0.006219,0.0181,23.1,3.854,2.891
ule,1,65,2,0.006871,0.01989,23.1,3.854,2.891
ule,1,70,2,0.007537,0.02164,23.1,3.855,2.891
ule,1,75,2,0.008152,0.02336,23.1,3.855,2.891
ule,1,80,2,0.008795,0.02519,23.1,3.856,2.892
ule,1,85,2,0.009432,0.02697,23.1,3.856,2.892
ule,1,90,2,0.01009,0.02883,23.1,3.856,2.892
ule,1,95,2,0.01077,0.03083,23.1,3.857,2.893
ule,1,100,2,0.01148,0.03297,23.1,3.857,2.893
ule,1,105,2,0.0122,0.03516,23.1,3.858,2.893
ule,1,110,2,0.0129,0.03739,23.1,3.858,2.894
ule,1,115,2,0.01356,0.0394,23.1,3.859,2.894
ule,1,120,2,0.01421,0.04141,23.1,3.859,2.894
ule,1,125,2,0.0149,0.04363,23.1,3.86,2.895
ule,1,130,2,0.01555,0.04567,23.1,3.86,2.895
ule,1,135,2,0.01615,0.04752,23.1,3.861,2.895
ule,1,140,2,0.01672,0.04919,23.1,3.861,2.896
ule,1,145,2,0.01729,0.05092,23.1,3.861,2.896
ule,1,150,2,0.01787,0.0527,23.1,3.862,2.896
ule,1,155,2,0.01852,0.05472,22.98,3.841,2.881
ule,1,160,2,0.01914,0.05663,22.85,3.821,2.866
ule,1,165,2,0.01969,0.05816,22.73,3.8,2.85
ule,1,170,2,0.02023,0.05975,22.73,3.801,2.851
ule,1,175,2,0.02078,0.06135,22.6,3.78,2.835
ule,1,180,2,0.02136,0.06304,22.6,3.781,2.836
ule,1,185,2,0.02192,0.06462,22.48,3.76,2.82
ule,1,190,2,0.0225,0.06624,22.35,3.74,2.805
ule,1,195,2,0.02303,0.06766,22.35,3.74,2.805
ule,1,200,2,0.02355,0.06906,22.35,3.74,2.805
ule,1,205,2,0.02407,0.07047,22.35,3.741,2.806
ule,1,210,2,0.02459,0.07186,22.23,3.72,2.79
ule,1,215,2,0.02512,0.07328,22.23,3.721,2.79
ule,1,220,2,0.02574,0.07487,22.1,3.7,2.775
ule,1,225,2,0.02639,0.0766,22.1,3.7,2.775
ule,1,230,2,0.02701,0.07822,22.1,3.701,2.776
ule,1,235,2,0.02766,0.07996,22.1,3.701,2.776
ule,1,240,2,0.02834,0.08186,22.1,3.702,2.776
ule,2,40,2,0.002409,0.007526,22.48,3.747,2.811
ule,2,45,2,0.003013,0.009318,22.23,3.706,2.78
ule,2,50,2,0.003611,0.01103,22.1,3.686,2.764
ule,2,55,2,0.004191,0.01258,22.1,3.686,2.765
ule,2,60,2,0.004662,0.01374,22.1,3.686,2.765
ule,2,65,2,0.005137,0.01492,22.1,3.687,2.765
ule,2,70,2,0.005597,0.01605,22.1,3.687,2.765
ule,2,75,2,0.006048,0.01715,22.1,3.687,2.765
ule,2,80,2,0.006499,0.01825,22.1,3.687,2.766
ule,2,85,2,0.006946,0.0193,22.1,3.688,2.766
ule,2,90,2,0.007389,0.02034,22.1,3.688,2.766
ule,2,95,2,0.007822,0.02134,22.1,3.688,2.766
ule,2,100,2,0.008256,0.02235,22.23,3.709,2.782
ule,2,105,2,0.008686,0.02333,22.23,3.71,2.782
ule,2,110,2,0.009115,0.0243,22.23,3.71,2.782
ule,2,115,2,0.009546,0.02528,22.23,3.71,2.782
ule,2,120,2,0.009968,0.02625,22.23,3.71,2.783
ule,2,125,2,0.01039,0.02724,22.23,3.71,2.783
ule,2,130,2,0.01082,0.02824,22.23,3.711,2.783
ule,2,135,2,0.01127,0.02929,22.35,3.732,2.799
ule,2,140,2,0.01171,0.03034,22.23,3.711,2.783
ule,2,145,2,0.01216,0.03142,22.23,3.711,2.784
ule,2,150,2,0.01261,0.03253,22.23,3.712,2.784
ule,2,155,2,0.01306,0.03362,22.23,3.712,2.784
ule,2,160,2,0.01352,0.03478,22.23,3.712,2.784
ule,2,165,2,0.014,0.03597,22.23,3.712,2.784
ule,2,170,2,0.01448,0.03719,22.23,3.713,2.785
ule,2,175,2,0.01496,0.03839,22.1,3.692,2.769
ule,2,180,2,0.01544,0.03959,22.1,3.693,2.769
ule,2,185,2,0.01594,0.04079,22.1,3.693,2.77
ule,2,190,2,0.01643,0.042,22.1,3.693,2.77
ule,2,195,2,0.01695,0.04325,22.1,3.693,2.77
ule,2,200,2,0.01749,0.04451,22.1,3.694,2.77
ule,2,205,2,0.01807,0.04586,22.1,3.694,2.77
ule,2,210,2,0.01864,0.0472,22.1,3.694,2.771
ule,2,215,2,0.01922,0.04855,22.1,3.695,2.771
ule,2,220,2,0.0198,0.04991,22.1,3.695,2.771
ule,2,225,2,0.02036,0.05127,22.1,3.695,2.771
ule,2,230,2,0.02093,0.05265,22.1,3.696,2.772
ule,2,235,2,0.02148,0.05397,22.1,3.696,2.772
ule,2,240,2,0.022,0.05525,22.1,3.696,2.772
ule,3,40,2,0.002026,0.005547,22.23,3.705,2.779
ule,3,45,2,0.00258,0.006986,22.1,3.685,2.764
ule,3,50,2,0.003133,0.008386,22.1,3.685,2.764
ule,3,55,2,0.003597,0.00951,22.1,3.686,2.764
ule,3,60,2,0.004059,0.01062,22.1,3.686,2.764
ule,3,65,2,0.004525,0.01173,22.1,3.686,2.765
ule,3,70,2,0.004998,0.0129,22.1,3.686,2.765
ule,3,75,2,0.005461,0.01403,22.1,3.687,2.765
ule,3,80,2,0.005863,0.01509,22.1,3.687,2.765
ule,3,85,2,0.006267,0.01613,22.1,3.687,2.765
ule,3,90,2,0.006659,0.01715,22.1,3.687,2.765
ule,3,95,2,0.007054,0.01816,22.1,3.688,2.766
ule,3,100,2,0.007482,0.01929,22.1,3.688,2.766
ule,3,105,2,0.007931,0.02048,22.1,3.688,2.766
ule,3,110,2,0.0084,0.02172,22.1,3.688,2.766
ule,3,115,2,0.008906,0.02313,22.1,3.689,2.767
ule,3,120,2,0.009425,0.02456,22.1,3.689,2.767
ule,3,125,2,0.009963,0.02606,22.1,3.689,2.767
ule,3,130,2,0.01055,0.02768,22.1,3.69,2.767
ule,3,135,2,0.01115,0.02934,22.1,3.69,2.768
ule,3,140,2,0.01175,0.03097,22.1,3.69,2.768
ule,3,145,2,0.01234,0.03253,22.1,3.691,2.768
ule,3,150,2,0.01289,0.03399,22.1,3.691,2.768
ule,3,155,2,0.01341,0.03525,22.1,3.691,2.769
ule,3,160,2,0.01391,0.03643,22.1,3.692,2.769
ule,3,165,2,0.01438,0.03751,22.1,3.692,2.769
ule,3,170,2,0.01481,0.03849,22.1,3.692,2.769
ule,3,175,2,0.01524,0.03949,22.1,3.692,2.769
ule,3,180,2,0.01563,0.0404,22.1,3.693,2.77
ule,3,185,2,0.01603,0.04133,22.1,3.693,2.77
ule,3,190,2,0.01644,0.04227,22.1,3.693,2.77
ule,3,195,2,0.01686,0.04325,22.1,3.693,2.77
ule,3,200,2,0.01729,0.04428,22.1,3.694,2.77
ule,3,205,2,0.01773,0.04532,22.1,3.694,2.77
ule,3,210,2,0.01816,0.04635,22.1,3.694,2.771
ule,3,215,2,0.0186,0.04737,22.1,3.694,2.771
ule,3,220,2,0.01905,0.04839,22.1,3.695,2.771
ule,3,225,2,0.0195,0.04941,22.1,3.695,2.771
ule,3,230,2,0.01995,0.05043,22.1,3.695,2.771
ule,3,235,2,0.02039,0.05146,22.1,3.695,2.771
ule,3,240,2,0.02083,0.05248,22.1,3.696,2.772
ule,1,40,3,0.001956,0.005024,28.1,4.684,3.513
ule,1,45,3,0.002303,0.005723,28.1,4.685,3.514
ule,1,50,3,0.00266,0.006447,28.1,4.685,3.514
ule,1,55,3,0.003056,0.007329,28.1,4.685,3.514
ule,1,60,3,0.00349,0.008362,28.1,4.685,3.514
ule,1,65,3,0.003959,0.009536,28.1,4.686,3.514
ule,1,70,3,0.004436,0.01072,28.1,4.686,3.514
ule,1,75,3,0.004913,0.01188,28.1,4.686,3.515
ule,1,80,3,0.005373,0.01291,28.1,4.686,3.515
ule,1,85,3,0.005839,0.01394,28.1,4.687,3.515
ule,1,90,3,0.006305,0.01495,28.1,4.687,3.515
ule,1,95,3,0.00674,0.01583,28.1,4.687,3.515
ule,1,100,3,0.007147,0.01656,28.1,4.687,3.515
ule,1,105,3,0.007551,0.01727,28.1,4.687,3.516
ule,1,110,3,0.007954,0.01799,28.1,4.688,3.516
ule,1,115,3,0.008398,0.01884,28.1,4.688,3.516
ule,1,120,3,0.008833,0.01969,28.1,4.688,3.516
ule,1,125,3,0.00926,0.0205,28.1,4.688,3.516
ule,1,130,3,0.009711,0.02143,28.1,4.689,3.516
ule,1,135,3,0.01019,0.02248,28.1,4.689,3.517
ule,1,140,3,0.0107,0.02366,28.1,4.689,3.517
ule,1,145,3,0.01117,0.02472,28.1,4.689,3.517
ule,1,150,3,0.01165,0.02576,28.1,4.69,3.517
ule,1,155,3,0.01208,0.02667,28.1,4.69,3.517
ule,1,160,3,0.01255,0.02773,28.1,4.69,3.518
ule,1,165,3,0.01305,0.02895,28.1,4.69,3.518
ule,1,170,3,0.01355,0.03019,28.1,4.691,3.518
ule,1,175,3,0.01406,0.03145,28.1,4.691,3.518
ule,1,180,3,0.01457,0.03274,27.98,4.67,3.503
ule,1,185,3,0.01512,0.03419,27.98,4.671,3.503
ule,1,190,3,0.0157,0.03578,27.98,4.671,3.503
ule,1,195,3,0.01631,0.03751,27.98,4.671,3.504
ule,1,200,3,0.01692,0.03924,27.98,4.672,3.504
ule,1,205,3,0.01753,0.04097,27.98,4.672,3.504
ule,1,210,3,0.01815,0.04268,27.85,4.652,3.489
ule,1,215,3,0.01876,0.04438,27.73,4.631,3.474
ule,1,220,3,0.01934,0.04593,27.85,4.653,3.489
ule,1,225,3,0.01988,0.04733,27.73,4.632,3.474
ule,1,230,3,0.02039,0.04857,27.6,4.611,3.459
ule,1,235,3,0.02087,0.04969,27.6,4.612,3.459
ule,1,240,3,0.02131,0.05065,27.48,4.591,3.443
ule,2,40,3,0.003049,0.01064,27.35,4.561,3.42
ule,2,45,3,0.003677,0.01264,27.23,4.54,3.405
ule,2,50,3,0.004307,0.01462,27.35,4.561,3.421
ule,2,55,3,0.004928,0.01649,27.48,4.583,3.437
ule,2,60,3,0.005548,0.01834,27.48,4.583,3.437
ule,2,65,3,0.006168,0.02015,27.35,4.563,3.422
ule,2,70,3,0.006791,0.02197,27.48,4.584,3.438
ule,2,75,3,0.007409,0.02378,27.6,4.605,3.454
ule,2,80,3,0.008027,0.02557,27.73,4.626,3.47
ule,2,85,3,0.008643,0.02733,27.85,4.648,3.486
ule,2,90,3,0.009252,0.02904,27.85,4.648,3.486
ule,2,95,3,0.009871,0.03079,27.85,4.648,3.486
ule,2,100,3,0.0105,0.03257,27.98,4.67,3.502
ule,2,105,3,0.01113,0.03435,27.98,4.67,3.503
ule,2,110,3,0.01182,0.03629,27.98,4.671,3.503
ule,2,115,3,0.01249,0.03822,27.85,4.65,3.488
ule,2,120,3,0.01317,0.04013,27.73,4.63,3.472
ule,2,125,3,0.01385,0.04203,27.73,4.63,3.473
ule,2,130,3,0.01453,0.04393,27.73,4.631,3.473
ule,2,135,3,0.0152,0.04579,27.6,4.61,3.458
ule,2,140,3,0.01587,0.04766,27.48,4.59,3.442
ule,2,145,3,0.01653,0.04951,27.48,4.59,3.443
ule,2,150,3,0.01715,0.05118,27.35,4.57,3.427
ule,2,155,3,0.01778,0.05286,27.35,4.57,3.428
ule,2,160,3,0.0184,0.05454,27.48,4.591,3.443
ule,2,165,3,0.01903,0.05621,27.48,4.592,3.444
ule,2,170,3,0.01965,0.05786,27.35,4.571,3.428
ule,2,175,3,0.02027,0.05951,27.35,4.572,3.429
ule,2,180,3,0.02089,0.06114,27.35,4.572,3.429
ule,2,185,3,0.02151,0.06275,27.35,4.572,3.429
ule,2,190,3,0.02211,0.06434,27.35,4.573,3.43
ule,2,195,3,0.02271,0.06591,27.35,4.573,3.43
ule,2,200,3,0.0233,0.06744,27.23,4.553,3.414
ule,2,205,3,0.02389,0.06898,27.1,4.532,3.399
ule,2,210,3,0.02448,0.07052,27.1,4.532,3.399
ule,2,215,3,0.02507,0.07207,27.1,4.533,3.4
ule,2,220,3,0.02565,0.07362,27.1,4.533,3.4
ule,2,225,3,0.02624,0.07517,27.1,4.534,3.4
ule,2,230,3,0.02683,0.07674,27.1,4.534,3.4
ule,2,235,3,0.02743,0.07832,27.1,4.534,3.401
ule,2,240,3,0.02802,0.07991,27.1,4.535,3.401
ule,3,40,3,0.00301,0.009925,27.23,4.54,3.405
ule,3,45,3,0.003619,0.01177,27.1,4.519,3.389
ule,3,50,3,0.004226,0.01356,27.1,4.52,3.39
ule,3,55,3,0.00483,0.01532,27.1,4.52,3.39
ule,3,60,3,0.00543,0.017,27.1,4.52,3.39
ule,3,65,3,0.006024,0.01865,27.1,4.521,3.391
ule,3,70,3,0.006616,0.02026,27.1,4.521,3.391
ule,3,75,3,0.007204,0.02184,27.1,4.522,3.391
ule,3,80,3,0.007795,0.02342,27.1,4.522,3.391
ule,3,85,3,0.008384,0.02495,27.1,4.522,3.392
ule,3,90,3,0.008977,0.0265,27.1,4.523,3.392
ule,3,95,3,0.009577,0.02808,27.1,4.523,3.392
ule,3,100,3,0.01016,0.02957,27.1,4.523,3.392
ule,3,105,3,0.01071,0.03094,27.1,4.524,3.393
ule,3,110,3,0.01123,0.03222,27.1,4.524,3.393
ule,3,115,3,0.01172,0.03339,27.1,4.524,3.393
ule,3,120,3,0.0122,0.03446,27.1,4.524,3.393
ule,3,125,3,0.01263,0.0354,27.1,4.525,3.394
ule,3,130,3,0.01305,0.03626,27.1,4.525,3.394
ule,3,135,3,0.01346,0.03712,27.1,4.525,3.394
ule,3,140,3,0.0139,0.03809,27.1,4.525,3.394
ule,3,145,3,0.01438,0.03921,27.1,4.526,3.394
ule,3,150,3,0.01489,0.04045,27.1,4.526,3.394
ule,3,155,3,0.01544,0.04182,27.1,4.526,3.395
ule,3,160,3,0.01606,0.04355,27.1,4.527,3.395
ule,3,165,3,0.01672,0.04543,27.1,4.527,3.395
ule,3,170,3,0.0174,0.04739,27.1,4.527,3.396
ule,3,175,3,0.01808,0.04936,27.1,4.528,3.396
ule,3,180,3,0.01877,0.05131,27.1,4.528,3.396
ule,3,185,3,0.01945,0.05324,27.1,4.529,3.397
ule,3,190,3,0.02013,0.05515,27.1,4.529,3.397
ule,3,195,3,0.0208,0.05705,27.1,4.53,3.397
ule,3,200,3,0.02141,0.05868,27.1,4.53,3.398
ule,3,205,3,0.02203,0.0603,27.1,4.53,3.398
ule,3,210,3,0.02264,0.0619,27.1,4.531,3.398
ule,3,215,3,0.02324,0.06349,27.1,4.531,3.398
ule,3,220,3,0.02382,0.06506,27.1,4.531,3.399
ule,3,225,3,0.02441,0.06662,27.1,4.532,3.399
ule,3,230,3,0.025,0.06819,27.1,4.532,3.399
ule,3,235,3,0.02559,0.06976,27.1,4.533,3.399
ule,3,240,3,0.02619,0.07133,27.1,4.533,3.4
tas,1,40,0,0.01899,0.01794,28.23,4.71,3.533
tas,1,45,0,0.02325,0.02182,28.1,4.691,3.518
tas,1,50,0,0.02683,0.02495,28.1,4.692,3.519
tas,1,55,0,0.03014,0.02798,28.1,4.693,3.52
tas,1,60,0,0.03337,0.03092,28.1,4.694,3.521
tas,1,65,0,0.03655,0.03384,28.1,4.695,3.521
tas,1,70,0,0.03976,0.03685,28.1,4.696,3.522
tas,1,75,0,0.04296,0.03978,28.1,4.697,3.523
tas,1,80,0,0.04857,0.04408,28.1,4.699,3.524
tas,1,85,0,0.05418,0.04847,28.1,4.7,3.525
tas,1,90,0,0.05983,0.05287,28.1,4.702,3.527
tas,1,95,0,0.06551,0.0573,27.98,4.683,3.512
tas,1,100,0,0.07125,0.06192,27.98,4.685,3.514
tas,1,105,0,0.077,0.06654,27.85,4.666,3.499
tas,1,110,0,0.08274,0.07113,27.73,4.646,3.485
tas,1,115,0,0.08846,0.07571,27.6,4.627,3.471
tas,1,120,0,0.09172,0.07873,27.48,4.608,3.456
tas,1,125,0,0.09497,0.08165,27.35,4.588,3.441
tas,1,130,0,0.09818,0.08456,27.23,4.568,3.426
tas,1,135,0,0.1015,0.08758,27.23,4.569,3.427
tas,1,140,0,0.1047,0.09047,27.1,4.549,3.412
tas,1,145,0,0.1079,0.09334,27.1,4.55,3.413
tas,1,150,0,0.1112,0.09615,27.1,4.551,3.413
tas,1,155,0,0.1145,0.09894,27.1,4.552,3.414
tas,1,160,0,0.118,0.1017,27.1,4.553,3.415
tas,1,165,0,0.1217,0.1046,27.1,4.554,3.416
tas,1,170,0,0.1255,0.1075,27.23,4.576,3.432
tas,1,175,0,0.1294,0.1102,27.35,4.598,3.449
tas,1,180,0,0.1335,0.1128,27.48,4.62,3.465
tas,1,185,0,0.1377,0.1154,27.48,4.621,3.466
tas,1,190,0,0.1419,0.118,27.48,4.622,3.467
tas,1,195,0,0.1464,0.1206,27.6,4.644,3.483
tas,1,200,0,0.1507,0.1232,27.6,4.646,3.484
tas,1,205,0,0.1549,0.1257,27.6,4.647,3.485
tas,1,210,0,0.1589,0.1282,27.48,4.627,3.47
tas,1,215,0,0.1628,0.1307,27.35,4.607,3.455
tas,1,220,0,0.1666,0.1332,27.23,4.587,3.441
tas,1,225,0,0.1702,0.1356,27.23,4.588,3.441
tas,1,230,0,0.1738,0.1381,27.23,4.589,3.442
tas,1,235,0,0.1772,0.1406,27.1,4.57,3.427
tas,1,240,0,0.1806,0.143,27.1,4.571,3.428
tas,2,40,0,0.01503,0.01606,27.35,4.564,3.423
tas,2,45,0,0.01875,0.01964,27.1,4.523,3.392
tas,2,50,0,0.02219,0.02277,27.1,4.524,3.393
tas,2,55,0,0.02568,0.02605,27.1,4.525,3.394
tas,2,60,0,0.02918,0.0293,27.1,4.526,3.395
tas,2,65,0,0.03249,0.03215,27.1,4.527,3.396
tas,2,70,0,0.0358,0.03497,27.1,4.528,3.396
tas,2,75,0,0.03911,0.03776,27.1,4.529,3.397
tas,2,80,0,0.04245,0.04049,27.1,4.53,3.398
tas,2,85,0,0.04585,0.04321,27.1,4.532,3.399
tas,2,90,0,0.04935,0.04592,27.1,4.533,3.399
tas,2,95,0,0.05294,0.04843,27.1,4.534,3.4
tas,2,100,0,0.05661,0.05094,27.1,4.535,3.401
tas,2,105,0,0.06036,0.05345,27.1,4.536,3.402
tas,2,110,0,0.06416,0.05593,27.1,4.537,3.403
tas,2,115,0,0.06813,0.05859,27.1,4.538,3.403
tas,2,120,0,0.07214,0.06125,27.1,4.539,3.404
tas,2,125,0,0.07616,0.06389,27.1,4.54,3.405
tas,2,130,0,0.08016,0.0665,27.1,4.541,3.406
tas,2,135,0,0.08411,0.06908,27.1,4.542,3.407
tas,2,140,0,0.08805,0.07166,27.1,4.543,3.407
tas,2,145,0,0.09194,0.0742,27.1,4.544,3.408
tas,2,150,0,0.09577,0.07673,27.1,4.545,3.409
tas,2,155,0,0.09947,0.07906,27.1,4.546,3.41
tas,2,160,0,0.103,0.08139,27.1,4.547,3.411
tas,2,165,0,0.1065,0.08371,27.1,4.548,3.411
tas,2,170,0,0.1099,0.08603,27.1,4.549,3.412
tas,2,175,0,0.1132,0.08835,27.1,4.55,3.413
tas,2,180,0,0.1164,0.09066,27.1,4.551,3.413
tas,2,185,0,0.1198,0.09293,27.23,4.573,3.43
tas,2,190,0,0.1233,0.09519,27.35,4.595,3.446
tas,2,195,0,0.1267,0.09744,27.35,4.596,3.447
tas,2,200,0,0.1302,0.09967,27.48,4.617,3.463
tas,2,205,0,0.1337,0.1019,27.6,4.639,3.479
tas,2,210,0,0.1373,0.1041,27.73,4.661,3.496
tas,2,215,0,0.1409,0.1064,27.85,4.683,3.512
tas,2,220,0,0.1445,0.1086,27.98,4.705,3.529
tas,2,225,0,0.1479,0.1108,27.98,4.706,3.529
tas,2,230,0,0.1514,0.1131,27.98,4.707,3.53
tas,2,235,0,0.1548,0.1153,27.98,4.708,3.531
tas,2,240,0,0.1583,0.1176,27.85,4.688,3.516
tas,3,40,0,0.01927,0.015,27.85,4.647,3.486
tas,3,45,0,0.02388,0.0183,27.6,4.607,3.455
tas,3,50,0,0.02808,0.0212,27.48,4.587,3.441
tas,3,55,0,0.03221,0.02406,27.48,4.589,3.441
tas,3,60,0,0.03628,0.02671,27.35,4.569,3.427
tas,3,65,0,0.04054,0.02932,27.23,4.549,3.412
tas,3,70,0,0.04493,0.0318,27.23,4.55,3.413
tas,3,75,0,0.04913,0.03383,27.23,4.551,3.413
tas,3,80,0,0.054,0.03693,27.23,4.553,3.414
tas,3,85,0,0.05879,0.04015,27.1,4.533,3.4
tas,3,90,0,0.06341,0.04334,27.1,4.534,3.401
tas,3,95,0,0.06798,0.04681,27.1,4.536,3.402
tas,3,100,0,0.07245,0.0503,27.1,4.537,3.403
tas,3,105,0,0.07675,0.0538,27.1,4.538,3.404
tas,3,110,0,0.08101,0.05742,27.23,4.561,3.42
tas,3,115,0,0.08523,0.06113,27.23,4.562,3.421
tas,3,120,0,0.08879,0.06376,27.23,4.563,3.422
tas,3,125,0,0.09236,0.06635,27.23,4.564,3.423
tas,3,130,0,0.09587,0.06894,27.23,4.565,3.424
tas,3,135,0,0.09938,0.07125,27.23,4.566,3.424
tas,3,140,0,0.1031,0.07345,27.23,4.567,3.425
tas,3,145,0,0.1069,0.07566,27.35,4.589,3.442
tas,3,150,0,0.1108,0.07781,27.23,4.569,3.427
tas,3,155,0,0.1149,0.07994,27.23,4.57,3.427
tas,3,160,0,0.1189,0.08209,27.23,4.571,3.428
tas,3,165,0,0.123,0.08424,27.23,4.572,3.429
tas,3,170,0,0.127,0.08639,27.23,4.573,3.43
tas,3,175,0,0.1309,0.08858,27.23,4.574,3.431
tas,3,180,0,0.1346,0.09086,27.23,4.575,3.431
tas,3,185,0,0.1381,0.09312,27.23,4.576,3.432
tas,3,190,0,0.1415,0.09563,27.35,4.598,3.448
tas,3,195,0,0.1447,0.09816,27.48,4.62,3.465
tas,3,200,0,0.1478,0.1007,27.48,4.621,3.465
tas,3,205,0,0.151,0.1032,27.6,4.642,3.482
tas,3,210,0,0.1541,0.1058,27.6,4.643,3.482
tas,3,215,0,0.1573,0.1083,27.73,4.665,3.499
tas,3,220,0,0.1605,0.1108,27.85,4.687,3.515
tas,3,225,0,0.1637,0.1132,27.85,4.688,3.516
tas,3,230,0,0.1669,0.1155,27.85,4.689,3.517
tas,3,235,0,0.1701,0.1177,27.73,4.669,3.502
tas,3,240,0,0.1733,0.1199,27.85,4.691,3.518
tas,1,40,1,0.006207,0.01127,28.35,4.728,3.546
tas,1,45,1,0.007546,0.01355,28.1,4.687,3.515
tas,1,50,1,0.008634,0.01533,28.1,4.687,3.515
tas,1,55,1,0.009636,0.01702,28.1,4.688,3.516
tas,1,60,1,0.01063,0.01871,28.1,4.688,3.516
tas,1,65,1,0.01162,0.02043,28.1,4.689,3.517
tas,1,70,1,0.01262,0.02217,28.1,4.689,3.517
tas,1,75,1,0.01361,0.02387,28.1,4.69,3.517
tas,1,80,1,0.01548,0.02688,28.1,4.69,3.518
tas,1,85,1,0.01734,0.02993,28.1,4.691,3.518
tas,1,90,1,0.01921,0.03298,28.1,4.692,3.519
tas,1,95,1,0.02106,0.036,28.1,4.693,3.52
tas,1,100,1,0.02298,0.03929,28.1,4.694,3.52
tas,1,105,1,0.02491,0.04253,28.1,4.695,3.521
tas,1,110,1,0.02687,0.04586,28.1,4.695,3.522
tas,1,115,1,0.02883,0.04917,28.1,4.696,3.522
tas,1,120,1,0.02988,0.05116,28.1,4.697,3.523
tas,1,125,1,0.03094,0.05313,28.1,4.697,3.523
tas,1,130,1,0.032,0.05511,28.1,4.698,3.523
tas,1,135,1,0.03306,0.05708,28.1,4.698,3.524
tas,1,140,1,0.03404,0.05881,28.1,4.699,3.524
tas,1,145,1,0.03504,0.06056,28.1,4.699,3.524
tas,1,150,1,0.03598,0.06219,28.1,4.7,3.525
tas,1,155,1,0.03693,0.06382,28.1,4.7,3.525
tas,1,160,1,0.03789,0.06543,28.1,4.701,3.525
tas,1,165,1,0.03887,0.06705,28.1,4.701,3.526
tas,1,170,1,0.03987,0.06868,28.1,4.701,3.526
tas,1,175,1,0.04089,0.0703,28.1,4.702,3.526
tas,1,180,1,0.04193,0.07193,28.1,4.702,3.527
tas,1,185,1,0.04298,0.07354,28.1,4.703,3.527
tas,1,190,1,0.04405,0.07519,28.1,4.703,3.527
tas,1,195,1,0.04514,0.07684,28.1,4.704,3.528
tas,1,200,1,0.04623,0.07851,28.1,4.704,3.528
tas,1,205,1,0.04732,0.08018,28.1,4.705,3.528
tas,1,210,1,0.04838,0.08186,28.1,4.705,3.529
tas,1,215,1,0.04943,0.08354,28.1,4.705,3.529
tas,1,220,1,0.05046,0.08519,28.1,4.706,3.529
tas,1,225,1,0.05155,0.08691,28.1,4.706,3.53
tas,1,230,1,0.05262,0.08863,28.1,4.707,3.53
tas,1,235,1,0.05366,0.09037,28.1,4.707,3.531
tas,1,240,1,0.0547,0.09208,28.1,4.708,3.531
tas,2,40,1,0.007523,0.01172,28.73,4.791,3.593
tas,2,45,1,0.009071,0.01416,28.35,4.729,3.547
tas,2,50,1,0.01017,0.01615,28.35,4.729,3.547
tas,2,55,1,0.01125,0.01809,28.35,4.73,3.547
tas,2,60,1,0.01233,0.02,28.35,4.73,3.548
tas,2,65,1,0.01337,0.02179,28.35,4.731,3.548
tas,2,70,1,0.0144,0.02361,28.35,4.731,3.549
tas,2,75,1,0.01542,0.02536,28.23,4.711,3.533
tas,2,80,1,0.01644,0.02705,28.1,4.691,3.518
tas,2,85,1,0.01746,0.02871,28.1,4.691,3.518
tas,2,90,1,0.01847,0.03034,28.1,4.691,3.519
tas,2,95,1,0.01951,0.03195,28.1,4.692,3.519
tas,2,100,1,0.02055,0.03356,28.1,4.692,3.519
tas,2,105,1,0.0216,0.03516,28.1,4.693,3.52
tas,2,110,1,0.02265,0.03672,28.1,4.693,3.52
tas,2,115,1,0.02371,0.03825,28.1,4.694,3.52
tas,2,120,1,0.02477,0.0398,28.1,4.694,3.521
tas,2,125,1,0.02584,0.04133,28.1,4.695,3.521
tas,2,130,1,0.02691,0.04288,28.1,4.695,3.521
tas,2,135,1,0.02799,0.0444,28.1,4.695,3.522
tas,2,140,1,0.02907,0.04592,28.1,4.696,3.522
tas,2,145,1,0.03015,0.04742,28.1,4.696,3.522
tas,2,150,1,0.03122,0.04892,28.1,4.697,3.523
tas,2,155,1,0.0323,0.0504,28.1,4.697,3.523
tas,2,160,1,0.03337,0.05186,28.1,4.698,3.523
tas,2,165,1,0.03443,0.05332,28.1,4.698,3.523
tas,2,170,1,0.03548,0.05477,28.1,4.698,3.524
tas,2,175,1,0.03653,0.05621,28.23,4.72,3.54
tas,2,180,1,0.03758,0.05764,28.23,4.72,3.54
tas,2,185,1,0.03863,0.05902,28.23,4.72,3.54
tas,2,190,1,0.0397,0.06038,28.23,4.721,3.541
tas,2,195,1,0.04076,0.06174,28.23,4.721,3.541
tas,2,200,1,0.04183,0.06311,28.23,4.722,3.541
tas,2,205,1,0.04291,0.06446,28.23,4.722,3.542
tas,2,210,1,0.04404,0.06597,28.23,4.723,3.542
tas,2,215,1,0.04518,0.06751,28.1,4.702,3.527
tas,2,220,1,0.04633,0.06904,28.1,4.703,3.527
tas,2,225,1,0.04746,0.07062,28.1,4.703,3.527
tas,2,230,1,0.04858,0.07221,28.1,4.703,3.528
tas,2,235,1,0.04973,0.0738,28.1,4.704,3.528
tas,2,240,1,0.05086,0.07538,28.1,4.704,3.528
tas,3,40,1,0.00602,0.00756,28.48,4.748,3.561
tas,3,45,1,0.007555,0.00919,28.23,4.707,3.53
tas,3,50,1,0.008993,0.01066,28.23,4.707,3.531
tas,3,55,1,0.01042,0.01202,28.23,4.708,3.531
tas,3,60,1,0.01171,0.01307,28.23,4.708,3.531
tas,3,65,1,0.01301,0.01402,28.23,4.709,3.532
tas,3,70,1,0.01436,0.01497,28.23,4.709,3.532
tas,3,75,1,0.01559,0.01591,28.1,4.689,3.516
tas,3,80,1,0.01694,0.01709,28.1,4.689,3.517
tas,3,85,1,0.01827,0.01834,28.1,4.689,3.517
tas,3,90,1,0.01959,0.01964,28.1,4.69,3.517
tas,3,95,1,0.02093,0.02106,28.1,4.69,3.518
tas,3,100,1,0.02229,0.02264,28.1,4.691,3.518
tas,3,105,1,0.02365,0.02433,28.1,4.691,3.518
tas,3,110,1,0.02499,0.02607,28.1,4.692,3.519
tas,3,115,1,0.02629,0.02782,28.1,4.692,3.519
tas,3,120,1,0.02746,0.02934,28.1,4.693,3.52
tas,3,125,1,0.02862,0.03081,28.1,4.693,3.52
tas,3,130,1,0.02978,0.03235,28.1,4.694,3.52
tas,3,135,1,0.03093,0.03385,28.1,4.694,3.521
tas,3,140,1,0.0321,0.03531,28.1,4.695,3.521
tas,3,145,1,0.03327,0.03662,28.1,4.695,3.521
tas,3,150,1,0.03442,0.03775,28.1,4.695,3.522
tas,3,155,1,0.03557,0.03877,28.1,4.696,3.522
tas,3,160,1,0.03672,0.03977,28.1,4.696,3.522
tas,3,165,1,0.03785,0.04081,28.1,4.696,3.522
tas,3,170,1,0.03898,0.04178,28.1,4.697,3.523
tas,3,175,1,0.0401,0.04279,28.23,4.718,3.538
tas,3,180,1,0.04118,0.04382,28.23,4.718,3.539
tas,3,185,1,0.04227,0.04499,28.23,4.719,3.539
tas,3,190,1,0.04335,0.04628,28.35,4.74,3.555
tas,3,195,1,0.04442,0.04771,28.35,4.74,3.555
tas,3,200,1,0.0455,0.04915,28.35,4.741,3.556
tas,3,205,1,0.04657,0.05058,28.35,4.741,3.556
tas,3,210,1,0.04765,0.05202,28.48,4.762,3.572
tas,3,215,1,0.04875,0.05345,28.48,4.763,3.572
tas,3,220,1,0.04984,0.05489,28.48,4.763,3.572
tas,3,225,1,0.05093,0.05633,28.48,4.764,3.573
tas,3,230,1,0.05201,0.05777,28.35,4.743,3.557
tas,3,235,1,0.05309,0.0592,28.35,4.744,3.558
tas,3,240,1,0.05417,0.06061,28.35,4.744,3.558
tas,1,40,2,0.003696,0.01194,23.23,3.873,2.905
tas,1,45,2,0.004688,0.01519,23.1,3.853,2.89
tas,1,50,2,0.005652,0.01827,23.1,3.854,2.89
tas,1,55,2,0.006606,0.02133,23.1,3.855,2.891
tas,1,60,2,0.007562,0.02441,23.1,3.855,2.891
tas,1,65,2,0.008518,0.02745,23.1,3.856,2.892
tas,1,70,2,0.009461,0.0304,23.1,3.857,2.892
tas,1,75,2,0.0104,0.0333,23.1,3.857,2.893
tas,1,80,2,0.01135,0.03624,23.1,3.858,2.893
tas,1,85,2,0.01232,0.03918,23.1,3.859,2.894
tas,1,90,2,0.01328,0.04213,23.1,3.859,2.894
tas,1,95,2,0.01423,0.04507,23.1,3.86,2.895
tas,1,100,2,0.01523,0.04811,23.1,3.861,2.895
tas,1,105,2,0.01622,0.05114,23.1,3.861,2.896
tas,1,110,2,0.01721,0.05423,23.1,3.862,2.896
tas,1,115,2,0.0182,0.05732,23.1,3.863,2.897
tas,1,120,2,0.01917,0.06034,23.1,3.863,2.897
tas,1,125,2,0.02014,0.06338,23.1,3.864,2.898
tas,1,130,2,0.02111,0.06642,23.1,3.865,2.898
tas,1,135,2,0.02209,0.06946,23.1,3.865,2.899
tas,1,140,2,0.02302,0.0724,23.1,3.866,2.899
tas,1,145,2,0.02397,0.07533,23.1,3.867,2.9
tas,1,150,2,0.02493,0.07824,23.1,3.867,2.9
tas,1,155,2,0.02589,0.08111,23.1,3.868,2.901
tas,1,160,2,0.02685,0.084,23.1,3.868,2.901
tas,1,165,2,0.02783,0.08687,23.1,3.869,2.902
tas,1,170,2,0.02881,0.08979,23.1,3.87,2.902
tas,1,175,2,0.02977,0.09271,23.1,3.87,2.903
tas,1,180,2,0.03076,0.0956,23.1,3.871,2.903
tas,1,185,2,0.03174,0.09848,23.1,3.872,2.904
tas,1,190,2,0.0327,0.1013,23.1,3.872,2.904
tas,1,195,2,0.03368,0.1042,23.1,3.873,2.905
tas,1,200,2,0.03467,0.107,23.1,3.874,2.905
tas,1,205,2,0.03564,0.1098,23.1,3.874,2.906
tas,1,210,2,0.03661,0.1126,23.1,3.875,2.906
tas,1,215,2,0.03759,0.1154,23.1,3.875,2.907
tas,1,220,2,0.03856,0.1181,23.1,3.876,2.907
tas,1,225,2,0.03951,0.1208,23.1,3.877,2.908
tas,1,230,2,0.04048,0.1236,23.1,3.877,2.908
tas,1,235,2,0.04145,0.1265,23.1,3.878,2.908
tas,1,240,2,0.0424,0.1293,23.1,3.879,2.909
tas,2,40,2,0.003958,0.01341,23.23,3.874,2.905
tas,2,45,2,0.005049,0.01705,23.1,3.854,2.89
tas,2,50,2,0.006126,0.02055,23.1,3.854,2.891
tas,2,55,2,0.007211,0.02403,23.1,3.855,2.891
tas,2,60,2,0.008285,0.02743,23.1,3.856,2.892
tas,2,65,2,0.009258,0.03048,23.1,3.857,2.892
tas,2,70,2,0.01025,0.03357,23.1,3.857,2.893
tas,2,75,2,0.01121,0.03659,23.1,3.858,2.893
tas,2,80,2,0.01216,0.0395,23.1,3.859,2.894
tas,2,85,2,0.01317,0.0426,23.1,3.859,2.894
tas,2,90,2,0.01418,0.04567,23.1,3.86,2.895
tas,2,95,2,0.01519,0.04876,23.1,3.861,2.895
tas,2,100,2,0.0162,0.05183,23.1,3.861,2.896
tas,2,105,2,0.01721,0.05491,23.1,3.862,2.897
tas,2,110,2,0.0182,0.05793,23.1,3.863,2.897
tas,2,115,2,0.0192,0.06095,23.1,3.863,2.898
tas,2,120,2,0.02019,0.06397,23.1,3.864,2.898
tas,2,125,2,0.02111,0.06677,23.1,3.865,2.898
tas,2,130,2,0.02203,0.06956,23.1,3.865,2.899
tas,2,135,2,0.02292,0.07228,23.1,3.866,2.899
tas,2,140,2,0.02379,0.07495,23.1,3.866,2.9
tas,2,145,2,0.02463,0.07755,23.1,3.867,2.9
tas,2,150,2,0.02552,0.08024,23.1,3.868,2.901
tas,2,155,2,0.02638,0.08288,23.1,3.868,2.901
tas,2,160,2,0.02724,0.08552,23.1,3.869,2.902
tas,2,165,2,0.02809,0.08816,23.1,3.869,2.902
tas,2,170,2,0.02893,0.09081,23.1,3.87,2.902
tas,2,175,2,0.02976,0.09344,23.1,3.871,2.903
tas,2,180,2,0.03064,0.09608,23.1,3.871,2.903
tas,2,185,2,0.03152,0.09872,23.1,3.872,2.904
tas,2,190,2,0.03232,0.1012,23.1,3.872,2.904
tas,2,195,2,0.03315,0.1037,23.1,3.873,2.905
tas,2,200,2,0.03396,0.1061,23.1,3.873,2.905
tas,2,205,2,0.03478,0.1085,23.1,3.874,2.905
tas,2,210,2,0.03559,0.1109,23.1,3.874,2.906
tas,2,215,2,0.03639,0.1133,23.1,3.875,2.906
tas,2,220,2,0.03715,0.1157,23.1,3.875,2.907
tas,2,225,2,0.03792,0.118,23.1,3.876,2.907
tas,2,230,2,0.0387,0.1204,23.1,3.877,2.907
tas,2,235,2,0.03946,0.1228,23.1,3.877,2.908
tas,2,240,2,0.04027,0.1253,23.1,3.878,2.908
tas,3,40,2,0.003011,0.009288,23.23,3.873,2.905
tas,3,45,2,0.003825,0.01179,23.1,3.853,2.889
tas,3,50,2,0.004644,0.01429,23.1,3.853,2.89
tas,3,55,2,0.00547,0.01681,23.1,3.854,2.89
tas,3,60,2,0.006206,0.01913,23.1,3.854,2.891
tas,3,65,2,0.006984,0.02161,23.1,3.855,2.891
tas,3,70,2,0.007784,0.02414,23.1,3.855,2.891
tas,3,75,2,0.008563,0.02669,23.1,3.856,2.892
tas,3,80,2,0.009357,0.02936,23.1,3.856,2.892
tas,3,85,2,0.01017,0.03213,23.1,3.857,2.893
tas,3,90,2,0.01097,0.03488,23.1,3.858,2.893
tas,3,95,2,0.01181,0.03774,23.1,3.858,2.894
tas,3,100,2,0.01265,0.04066,23.1,3.859,2.894
tas,3,105,2,0.01344,0.04332,23.1,3.859,2.895
tas,3,110,2,0.01421,0.04597,23.1,3.86,2.895
tas,3,115,2,0.015,0.04861,23.1,3.861,2.895
tas,3,120,2,0.01578,0.05118,23.1,3.861,2.896
tas,3,125,2,0.0166,0.05382,23.1,3.862,2.896
tas,3,130,2,0.01744,0.05649,23.1,3.862,2.897
tas,3,135,2,0.01825,0.05907,23.1,3.863,2.897
tas,3,140,2,0.01905,0.06157,23.1,3.863,2.898
tas,3,145,2,0.01985,0.06404,23.1,3.864,2.898
tas,3,150,2,0.02062,0.06641,23.1,3.865,2.898
tas,3,155,2,0.02138,0.06874,23.1,3.865,2.899
tas,3,160,2,0.02214,0.07107,23.1,3.866,2.899
tas,3,165,2,0.02287,0.07328,23.1,3.866,2.9
tas,3,170,2,0.02358,0.07544,23.1,3.867,2.9
tas,3,175,2,0.0243,0.07764,23.1,3.867,2.9
tas,3,180,2,0.02503,0.07993,23.1,3.867,2.901
tas,3,185,2,0.02576,0.08228,23.1,3.868,2.901
tas,3,190,2,0.0265,0.08467,23.1,3.869,2.901
tas,3,195,2,0.02725,0.0871,23.1,3.869,2.902
tas,3,200,2,0.02799,0.08954,23.1,3.87,2.902
tas,3,205,2,0.02874,0.09199,23.1,3.87,2.903
tas,3,210,2,0.02948,0.09445,23.1,3.871,2.903
tas,3,215,2,0.03021,0.09687,23.1,3.871,2.903
tas,3,220,2,0.03094,0.09928,23.1,3.872,2.904
tas,3,225,2,0.03168,0.1017,23.1,3.872,2.904
tas,3,230,2,0.03243,0.1041,23.1,3.873,2.905
tas,3,235,2,0.03317,0.1065,23.1,3.873,2.905
tas,3,240,2,0.03391,0.1089,23.1,3.874,2.905
tas,1,40,3,0.003515,0.009744,28.23,4.706,3.53
tas,1,45,3,0.0042,0.01153,28.1,4.686,3.514
tas,1,50,3,0.004827,0.01319,28.1,4.686,3.515
tas,1,55,3,0.005417,0.01479,28.1,4.687,3.515
tas,1,60,3,0.00601,0.01639,28.1,4.687,3.515
tas,1,65,3,0.006616,0.01805,28.1,4.687,3.516
tas,1,70,3,0.007227,0.01974,28.1,4.688,3.516
tas,1,75,3,0.007832,0.02138,28.1,4.688,3.516
tas,1,80,3,0.008449,0.02309,28.1,4.689,3.516
tas,1,85,3,0.009074,0.0248,28.1,4.689,3.517
tas,1,90,3,0.009697,0.02651,28.1,4.689,3.517
tas,1,95,3,0.01032,0.0282,28.1,4.69,3.517
tas,1,100,3,0.01098,0.02997,28.1,4.69,3.518
tas,1,105,3,0.01163,0.03172,28.1,4.691,3.518
tas,1,110,3,0.0123,0.0335,28.1,4.691,3.518
tas,1,115,3,0.01298,0.03529,28.1,4.691,3.519
tas,1,120,3,0.01365,0.03703,28.1,4.692,3.519
tas,1,125,3,0.01431,0.03875,28.1,4.692,3.519
tas,1,130,3,0.01497,0.04046,28.1,4.693,3.519
tas,1,135,3,0.01564,0.0422,28.1,4.693,3.52
tas,1,140,3,0.01627,0.04389,28.1,4.693,3.52
tas,1,145,3,0.0169,0.04557,28.1,4.694,3.52
tas,1,150,3,0.01751,0.04719,28.1,4.694,3.521
tas,1,155,3,0.01813,0.0488,28.1,4.694,3.521
tas,1,160,3,0.01873,0.05037,28.1,4.695,3.521
tas,1,165,3,0.01934,0.05193,28.1,4.695,3.521
tas,1,170,3,0.01994,0.05349,28.1,4.696,3.522
tas,1,175,3,0.02054,0.05502,28.1,4.696,3.522
tas,1,180,3,0.02114,0.05651,28.1,4.696,3.522
tas,1,185,3,0.02174,0.058,28.1,4.697,3.522
tas,1,190,3,0.02234,0.05949,28.1,4.697,3.523
tas,1,195,3,0.02294,0.06098,28.1,4.697,3.523
tas,1,200,3,0.02354,0.06245,28.1,4.698,3.523
tas,1,205,3,0.02414,0.06393,28.1,4.698,3.524
tas,1,210,3,0.02474,0.06541,28.1,4.698,3.524
tas,1,215,3,0.02534,0.0669,28.1,4.699,3.524
tas,1,220,3,0.02594,0.06839,28.1,4.699,3.524
tas,1,225,3,0.02654,0.06987,28.1,4.699,3.525
tas,1,230,3,0.02714,0.07136,28.1,4.7,3.525
tas,1,235,3,0.02774,0.07286,28.1,4.7,3.525
tas,1,240,3,0.02834,0.07437,28.1,4.7,3.525
tas,2,40,3,0.003237,0.01033,28.1,4.686,3.514
tas,2,45,3,0.003885,0.01213,28.1,4.686,3.515
tas,2,50,3,0.004504,0.01375,28.1,4.686,3.515
tas,2,55,3,0.005129,0.01539,28.1,4.687,3.515
tas,2,60,3,0.005756,0.01703,28.1,4.687,3.515
tas,2,65,3,0.006336,0.01855,28.1,4.687,3.516
tas,2,70,3,0.006921,0.02007,28.1,4.688,3.516
tas,2,75,3,0.007508,0.02158,28.1,4.688,3.516
tas,2,80,3,0.008096,0.02309,28.1,4.689,3.516
tas,2,85,3,0.008684,0.02455,28.1,4.689,3.517
tas,2,90,3,0.009272,0.02602,28.1,4.689,3.517
tas,2,95,3,0.009857,0.02746,28.1,4.69,3.517
tas,2,100,3,0.01044,0.0289,28.1,4.69,3.517
tas,2,105,3,0.01103,0.03035,28.1,4.69,3.518
tas,2,110,3,0.01161,0.03178,28.1,4.691,3.518
tas,2,115,3,0.01219,0.0332,28.1,4.691,3.518
tas,2,120,3,0.01277,0.03461,28.1,4.691,3.518
tas,2,125,3,0.01335,0.03602,28.1,4.692,3.519
tas,2,130,3,0.01393,0.03744,28.1,4.692,3.519
tas,2,135,3,0.01451,0.03883,28.1,4.692,3.519
tas,2,140,3,0.0151,0.04022,28.1,4.693,3.519
tas,2,145,3,0.01568,0.04162,28.1,4.693,3.52
tas,2,150,3,0.01627,0.04301,28.1,4.693,3.52
tas,2,155,3,0.01686,0.04443,28.1,4.694,3.52
tas,2,160,3,0.01745,0.04587,28.1,4.694,3.52
tas,2,165,3,0.01804,0.0473,28.1,4.694,3.521
tas,2,170,3,0.01863,0.04875,28.1,4.695,3.521
tas,2,175,3,0.01923,0.05022,28.1,4.695,3.521
tas,2,180,3,0.01982,0.0517,28.1,4.695,3.521
tas,2,185,3,0.02041,0.05316,28.1,4.696,3.522
tas,2,190,3,0.02099,0.05462,28.1,4.696,3.522
tas,2,195,3,0.02158,0.05608,28.1,4.696,3.522
tas,2,200,3,0.02216,0.05752,28.1,4.697,3.522
tas,2,205,3,0.02275,0.05895,28.1,4.697,3.523
tas,2,210,3,0.02332,0.06037,28.1,4.697,3.523
tas,2,215,3,0.0239,0.06179,27.98,4.677,3.508
tas,2,220,3,0.02448,0.06321,27.98,4.677,3.508
tas,2,225,3,0.02506,0.06464,27.98,4.677,3.508
tas,2,230,3,0.02564,0.06606,27.98,4.678,3.508
tas,2,235,3,0.02622,0.06748,27.98,4.678,3.509
tas,2,240,3,0.0268,0.0689,27.98,4.678,3.509
tas,3,40,3,0.002724,0.008028,28.1,4.685,3.514
tas,3,45,3,0.003258,0.009356,28.1,4.685,3.514
tas,3,50,3,0.003775,0.01062,28.1,4.686,3.514
tas,3,55,3,0.004263,0.01177,28.1,4.686,3.515
tas,3,60,3,0.00472,0.01278,28.1,4.686,3.515
tas,3,65,3,0.00515,0.01367,28.1,4.686,3.515
tas,3,70,3,0.005551,0.01442,28.1,4.687,3.515
tas,3,75,3,0.005922,0.01504,28.1,4.687,3.515
tas,3,80,3,0.006265,0.01554,28.1,4.687,3.515
tas,3,85,3,0.006605,0.01602,28.1,4.687,3.515
tas,3,90,3,0.006977,0.01663,28.1,4.687,3.515
tas,3,95,3,0.00738,0.01736,28.1,4.687,3.516
tas,3,100,3,0.007816,0.01824,28.1,4.688,3.516
tas,3,105,3,0.008279,0.01922,28.1,4.688,3.516
tas,3,110,3,0.008775,0.02034,28.1,4.688,3.516
tas,3,115,3,0.009299,0.02158,28.1,4.688,3.516
tas,3,120,3,0.009853,0.02293,28.1,4.689,3.517
tas,3,125,3,0.01043,0.02436,28.1,4.689,3.517
tas,3,130,3,0.011,0.0258,28.1,4.689,3.517
tas,3,135,3,0.01156,0.02717,28.1,4.69,3.517
tas,3,140,3,0.0121,0.02842,28.1,4.69,3.518
tas,3,145,3,0.0126,0.02955,28.1,4.69,3.518
tas,3,150,3,0.01307,0.03055,28.1,4.691,3.518
tas,3,155,3,0.01352,0.03146,28.1,4.691,3.518
tas,3,160,3,0.01401,0.03244,28.1,4.691,3.518
tas,3,165,3,0.01451,0.03343,28.1,4.691,3.518
tas,3,170,3,0.015,0.03443,28.1,4.692,3.519
tas,3,175,3,0.01551,0.03548,28.1,4.692,3.519
tas,3,180,3,0.01605,0.03666,28.1,4.692,3.519
tas,3,185,3,0.01662,0.03795,28.1,4.692,3.519
tas,3,190,3,0.01722,0.03936,28.1,4.693,3.52
tas,3,195,3,0.01785,0.04088,28.1,4.693,3.52
tas,3,200,3,0.01844,0.04235,28.1,4.693,3.52
tas,3,205,3,0.01902,0.04381,28.1,4.694,3.52
tas,3,210,3,0.0196,0.04528,28.1,4.694,3.521
tas,3,215,3,0.02018,0.04673,28.1,4.694,3.521
tas,3,220,3,0.02082,0.04831,28.1,4.695,3.521
tas,3,225,3,0.02145,0.04989,28.1,4.695,3.521
tas,3,230,3,0.02208,0.05147,28.1,4.696,3.522
tas,3,235,3,0.02271,0.05305,28.1,4.696,3.522
tas,3,240,3,0.02334,0.05463,28.1,4.696,3.522