66.33,0,26,29,25,18,20,12.341,0.23931,10,0,3150,7575,5250,7350,5400,7575,5250,7875,5250
45.3,5,26,29,25,18,20,1.0625,1.6957,0,0,3150,7575,5250,7350,5325,7500,5250,7875,5250
44.49,10,29,32,25,18,20,10.958,0.28135,364,0,3150,7575,5250,7350,5400,7500,5250,7875,5250
43.59,15,26,30,25,18,20,0.71432,2.9258,0,0,3150,7500,5175,7350,5400,7500,5175,7875,5250
59.01,20,26,30,25,18,20,10.226,0.65787,0,0,3150,7575,5250,7350,5325,7500,5250,7875,5250
42,25,30,31,25,18,20,0.47447,1.1617,0,0,3150,7575,5250,7350,5400,7575,5250,7875,5250
42.33,30,26,30,25,18,20,7.6338,0.39037,0,0,3150,7575,5250,7350,5325,7500,5250,7875,5250
41.43,35,26,31,25,18,20,0.67066,3.8066,0,0,3150,7500,5175,7350,5325,7500,5175,7875,5175
59.58,40,29,31,25,18,20,10.654,0.48968,156,0,3150,7575,5250,7350,5325,7575,5250,7875,5250
42.12,45,26,30,25,18,20,1.0425,1.5014,0,0,3150,7575,5250,7350,5325,7500,5250,7875,5250
42.06,50,27,30,25,18,20,8.0115,0.22983,0,0,3150,7575,5250,7425,5325,7500,5250,7875,5250
51.12,55,29,31,25,18,20,0.58331,3.8229,0,0,3150,7575,5250,7425,5400,7575,5250,7875,5250
49.26,60,26,30,25,18,20,10.563,0.36959,0,0,3150,7575,5175,7350,5325,7575,5175,7875,5250
42.21,65,27,31,25,18,20,1.0379,1.8089,0,0,3150,7575,5250,7350,5325,7500,5250,7875,5250
42.24,70,27,33,25,18,20,7.6527,0.43256,168.5,0,3150,7575,5175,7350,5400,7500,5175,7950,5250
59.52,75,26,30,25,18,20,1.47,4.1181,0,0,3150,7575,5250,7350,5325,7575,5250,7875,5250
42.12,80,27,31,25,18,20,10.206,0.77912,0,0,3150,7575,5250,7350,5325,7500,5250,7875,5250
41.64,85,29,31,25,18,20,0.41324,1.1905,0,0,3150,7500,5250,7350,5400,7500,5250,7875,5250
42.06,90,26,30,25,18,20,7.3459,0.38988,0,0,3150,7575,5250,7350,5325,7500,5250,7875,5250
59.58,95,27,32,25,18,20,1.4293,3.765,0,0,3150,7575,5250,7350,5325,7500,5250,7875,5250
42.09,100,27,32,25,18,20,10.618,0.44954,229,0,3150,7575,5175,7350,5400,7575,5250,7875,5250
42.21,105,26,30,25,18,20,1.2723,1.5169,0,0,3150,7575,5250,7350,5325,7500,5250,7875,5250
42.33,110,28,31,25,18,20,6.9994,0.36328,0,0,3150,7575,5175,7350,5325,7500,5175,7875,5250
59.85,115,28,31,25,18,20,0.32736,4.1322,0,0,3150,7575,5250,7350,5325,7500,5250,7875,5250
41.91,120,27,30,25,18,20,10.502,0.52404,0,0,3150,7575,5250,7350,5400,7500,5250,7875,5250
42.18,125,28,32,25,18,20,1.0355,1.4431,0,0,3150,7575,5250,7350,5325,7500,5250,7875,5250
42.18,130,28,31,25,18,20,9.1224,0.44,239.5,0,3150,7575,5250,7275,5325,7575,5250,7875,5250
61.47,135,26,30,25,18,20,0.74383,4.0794,0,0,3150,7575,5250,7350,5325,7500,5250,7875,5250
43.38,140,28,31,25,18,20,20.274,0.7276,0,0,3150,7575,5250,7425,5325,7500,5250,7875,5175
42.15,145,27,32,25,18,20,0.44009,3.0678,0,0,3150,7575,5250,7350,5400,7500,5250,7875,5250
43.32,150,26,30,25,18,20,8.5963,0.10064,0,0,3150,7500,5250,7350,5325,7500,5250,7875,5250
60.57,155,29,33,25,18,20,1.4579,3.5887,0,0,3150,7575,5250,7350,5325,7500,5250,7875,5250
42.9,160,26,31,25,18,20,19.581,0.8546,253,0,3150,7575,5250,7350,5325,7500,5250,7950,5250
42.93,165,26,30,25,18,20,2.0498,1.4939,0,0,3150,7575,5250,7350,5325,7575,5250,7875,5250
43.02,170,31,33,25,18,20,7.1042,0.29558,0,0,3150,7575,5250,7350,5325,7500,5250,7875,5250
59.43,175,26,30,25,18,20,0.31645,3.4177,0,0,3150,7575,5250,7350,5325,7575,5250,7875,5250
43.08,180,26,30,25,18,20,16.947,1.1457,0,0,3150,7500,5250,7275,5325,7500,5250,7875,5250
43.23,185,29,34,25,18,20,1.0186,1.2658,0,0,3150,7575,5250,7350,5325,7500,5250,7875,5175
43.11,190,26,30,25,18,20,9.0719,0.25634,265,0,3150,7575,5250,7350,5325,7500,5250,7875,5250
58.62,195,26,31,25,18,20,0.7453,4.0224,0,0,3150,7575,5175,7350,5325,7500,5175,7875,5250
43.17,200,28,34,25,18,20,13.634,1.8933,0,0,3150,7575,5250,7350,5325,7500,5250,7875,5250
42.15,205,26,30,25,18,20,0.44721,3.0549,0,0,3150,7575,5250,7275,5325,7575,5250,7875,5250
42.72,210,26,30,25,18,20,7.4664,0.37494,0,0,3150,7575,5250,7350,5400,7575,5250,7875,5250
57.96,215,29,34,25,18,20,0.69285,3.879,0,0,3075,7500,5250,7350,5325,7500,5250,7875,5250
41.58,220,26,30,25,17,20,6.0373,2.9774,267.5,0,3150,7575,5250,7350,5325,7500,5250,7875,5250
41.55,225,26,30,25,17,20,1.2645,3.1673,0,0,3150,7575,5250,7350,5400,7575,5250,7875,5250
41.76,230,31,34,25,17,20,7.1546,0.26626,0,0,3150,7575,5250,7350,5400,7575,5250,7875,5250
58.11,235,35,39,25,18,21,0.35585,4.0629,0,0,3150,7575,5250,7350,5400,7500,5250,7875,5250
42.42,240,37,40,25,19,22,5.2585,2.7082,0,0,3150,7575,5250,7425,5325,7500,5250,7875,5250
42.18,245,38,42,25,19,22,1.0242,2.5277,0,0,3150,7500,5250,7350,5400,7575,5250,7875,5250
42.09,250,38,43,26,20,22,8.3869,0.26841,231.5,0,3150,7575,5250,7350,5400,7500,5250,7875,5250
57.69,255,39,43,26,20,22,0.70716,3.795,0,0,3150,7575,5175,7350,5325,7500,5175,7875,5250
42.06,260,37,38,26,20,22,9.8682,3.1107,0,0,3150,7575,5250,7350,5325,7500,5250,7875,5250
42.27,265,37,37,26,20,22,0.45075,0.92834,0,0,3150,7650,5250,7425,5400,7575,5250,7875,5250
42,270,36,40,26,20,22,9.6385,0.26735,0,0,3225,7575,5250,7350,5400,7575,5250,7875,5250
58.11,275,32,40,26,20,22,0.7142,3.8666,0,0,3150,7575,5250,7425,5325,7575,5250,7875,5250
41.94,280,37,36,26,20,22,5.2702,2.7324,247.5,0,3150,7575,5250,7350,5325,7575,5250,7875,5250
42.12,285,36,38,27,19,22,0.98955,1.6119,0,0,3150,7575,5250,7350,5325,7575,5250,7875,5250
41.88,290,36,34,27,19,22,8.798,0.3528,0,0,3150,7575,5250,7350,5400,7500,5250,7875,5250
58.23,295,33,40,27,19,22,0.35653,4.0854,0,0,3150,7575,5250,7350,5400,7575,5250,7950,5250
56.43,300,34,40,27,19,22,16.492,3.0649,0,0,3225,7575,5250,7350,5400,7500,5250,7875,5250
42.3,305,35,35,27,19,22,8.1737,45.38,0,0,3150,7575,5175,7350,5325,7500,5250,7875,5250
73.05,310,37,37,27,19,22,177.54,22.703,5104.5,1,3150,7575,5250,7350,5325,7575,5250,7875,5250
76.29,315,37,36,27,19,22,89.892,19.154,638,0,3150,7575,5250,7350,5400,7500,5250,7875,5250
73.98,320,31,41,27,19,22,83.459,38.56,1400.5,0,3150,7575,5250,7350,5325,7500,5250,7875,5175
75.9,325,36,39,27,19,22,102.91,39.303,1156.5,0,3150,7575,5250,7350,5325,7500,5250,7875,5250
75.42,330,33,36,27,19,22,358.53,17.759,1393.5,0,3150,7575,5250,7350,5400,7500,5250,7875,5250
77.13,335,33,37,27,19,22,72.864,41.742,1708,0,3150,7575,5250,7350,5325,7500,5250,7875,5250
74.34,340,35,38,27,19,22,78.86,48.222,4163,0,3150,7575,5250,7350,5325,7575,5250,7875,5250
77.22,345,32,37,27,19,21,80.264,19.017,1658.5,0,3150,7575,5250,7350,5325,7575,5250,7875,5250
75.84,350,34,35,27,19,21,165.64,17.936,2723,0,3150,7500,5250,7350,5400,7500,5250,7875,5250
74.97,355,35,38,27,19,21,99.505,25.923,703.5,0,3150,7575,5250,7350,5325,7575,5250,7875,5250
73.68,360,32,38,27,19,21,250.71,36.75,1125,0,3150,7575,5250,7350,5325,7500,5250,7875,5250
77.19,365,31,39,27,19,21,81.606,24.629,706,0,3150,7575,5250,7350,5400,7500,5250,7875,5250
74.97,370,35,38,27,19,21,326.35,19.897,4871,0,3150,7575,5250,7350,5400,7500,5250,7875,5250
73.68,375,32,39,27,19,21,201.44,23.876,806,0,3150,7575,5250,7350,5325,7500,5250,7875,5250
75.78,380,32,39,27,19,21,100.54,42.167,1330,0,3150,7575,5250,7350,5400,7575,5250,7875,5250
75.9,385,34,38,27,19,21,89.858,21.956,574,0,3150,7575,5250,7275,5400,7575,5250,7875,5250
73.26,390,35,35,27,19,21,259.58,19.155,1767,0,3150,7575,5250,7350,5325,7575,5250,7875,5250
74.73,395,36,39,27,19,21,87.567,32.524,1930.5,0,3150,7575,5250,7350,5325,7500,5250,7875,5250
59.55,400,32,38,27,19,21,30.573,19.299,3332,0,3150,7575,5250,7350,5400,7500,5250,7875,5250
57.78,405,36,34,27,19,21,31.499,10.871,1536,0,3150,7575,5250,7350,5400,7500,5250,7875,5250
70.47,410,36,38,27,19,21,14.918,0,0,0,3150,7575,5250,7350,5325,7500,5250,7875,5250
56.76,415,35,35,27,19,21,0,0,0,0,3150,7575,5175,7350,5325,7500,5175,7875,5250
58.38,420,31,34,27,19,21,0,0,0,0,3150,7575,5250,7350,5325,7575,5250,7875,5250
56.46,425,38,41,27,19,22,0,0,0,0,3150,7575,5250,7350,5325,7500,5250,7875,5250
71.46,430,39,43,27,20,22,0,0,1645,0,3150,7575,5250,7425,5400,7500,5250,7875,5250
60.6,435,40,43,27,20,22,0,0,0,0,3150,7575,5250,7350,5325,7500,5250,7875,5250
56.7,440,33,37,27,20,23,0,0,0,0,3150,7575,5250,7350,5325,7575,5250,7875,5250
57.3,445,36,39,27,20,22,0,0,0,0,3150,7575,5250,7350,5325,7575,5250,7875,5250
67.65,450,36,35,27,20,22,0,0,0,0,3150,7575,5250,7350,5400,7575,5250,7875,5250
57.06,455,36,36,27,20,22,0,0,0,0,3150,7575,5175,7350,5325,7575,5175,7875,5175
56.67,460,36,40,27,20,22,0,0,535,0,3150,7575,5250,7350,5325,7575,5250,7875,5250
56.79,465,36,35,27,20,22,0,0,0,0,3150,7575,5250,7350,5325,7500,5250,7875,5250
70.86,470,32,40,27,20,22,0,0,0,0,3150,7575,5250,7350,5325,7575,5250,7875,5250
56.76,475,34,40,27,19,22,0,0,0,0,3150,7575,5250,7350,5325,7575,5250,7875,5250
57.18,480,31,41,27,19,22,0,0,0,0,3150,7575,5250,7350,5325,7500,5250,7875,5250
57.81,485,35,37,27,19,22,0,0,0,0,3225,7575,5250,7350,5400,7575,5250,7950,5250
71.16,490,36,37,27,19,22,0,0,2311.5,0.5,3150,7575,5250,7350,5400,7575,5250,7875,5250
57.51,495,36,35,27,20,22,0,0,0,0,3150,7650,5250,7350,5325,7500,5250,7875,5250
61.74,500,36,39,27,20,22,0,0,0,0,3150,7575,5250,7350,5400,7500,5250,7875,5250
71.19,505,31,40,27,20,22,0,0,0,0,3150,7575,5250,7350,5400,7500,5250,7875,5250
57.36,510,31,40,27,20,22,0,0,0,0,3150,7500,5250,7350,5400,7575,5250,7875,5250
57.48,515,36,39,27,19,22,0,0,0,0,3150,7575,5250,7350,5325,7575,5250,7875,5250
56.7,520,32,39,27,19,22,0,0,4257.5,0.5,3150,7575,5250,7350,5325,7575,5250,7875,5250
60.33,525,33,37,27,19,22,0,0,0,0,3150,7575,5250,7425,5325,7575,5250,7875,5250
58.26,530,34,40,27,19,22,0,0,0,0,3150,7575,5250,7350,5325,7575,5250,7875,5250
57.03,535,30,41,27,19,22,0,0,0,0,3150,7575,5250,7350,5325,7575,5250,7875,5250
57.06,540,31,40,27,19,22,0,0,0,0,3150,7575,5250,7350,5325,7500,5250,7875,5250
70.38,545,34,41,27,19,23,0,0,0,0,3150,7500,5175,7350,5400,7575,5250,7875,5175
58.23,550,34,36,27,19,22,0,0,6735.5,1.5,3150,7575,5250,7350,5325,7575,5250,7875,5250
56.94,555,35,36,27,19,22,0,0,0,0,3150,7575,5250,7350,5325,7500,5250,7875,5250
57.57,560,36,39,27,19,22,0,0,0,0,3150,7575,5250,7350,5325,7575,5250,7875,5250
71.58,565,31,39,27,20,22,0,0,0,0,3150,7575,5250,7350,5400,7500,5250,7875,5250
56.94,570,35,37,27,19,22,0,0,0,0,3150,7575,5250,7425,5400,7575,5250,7875,5250
57.72,575,35,39,27,19,22,0,0,0,0,3150,7575,5250,7350,5325,7575,5250,7875,5250
57.42,580,35,35,27,19,22,0,0,5443,1,3150,7575,5250,7350,5400,7575,5250,7875,5250
69.69,585,32,40,27,20,22,0,0,0,0,3150,7575,5250,7350,5325,7575,5250,7950,5250
56.37,590,35,38,27,19,22,0,0,0,0,3150,7500,5250,7350,5325,7575,5250,7875,5250
56.4,595,31,40,27,19,22,0,0,0,0,3150,7575,5250,7350,5400,7575,5250,7875,5250
67.26,600,35,40,27,19,22,0,0,0,0,3150,7575,5250,7350,5325,7500,5250,7875,5250
56.49,605,35,35,27,19,22,0,0,0,0,3150,7575,5250,7350,5400,7500,5250,7875,5175
57.48,610,31,35,27,19,22,0,0,3926,0.5,3150,7500,5250,7350,5325,7500,5250,7875,5250
57.96,615,38,42,27,19,22,0,0,0,0,3150,7575,5250,7350,5325,7575,5250,7875,5250
57.84,620,39,42,27,20,23,0,0,3844,0,3150,7575,5175,7350,5400,7500,5250,7875,5250
41.91,625,40,44,27,20,23,0,0,0,0,3150,7575,5250,7350,5325,7575,5250,7875,5250
76.44,630,41,44,28,21,23,0,0,0,0,3150,7650,5250,7350,5325,7575,5325,7875,5250
76.44,635,40,45,28,21,23,0,0,0,0,3150,7575,5250,7350,5325,7575,5250,7875,5250
76.86,640,38,39,28,21,23,0,0,14919,7.5,3150,7575,5250,7350,5400,7575,5250,7875,5250
77.13,645,38,38,28,21,23,0,0,0,0,3150,7575,5250,7350,5325,7575,5250,7875,5250
76.29,650,38,41,28,21,23,0,0,0,0,3225,7575,5250,7350,5325,7575,5250,7875,5250
76.56,655,39,38,28,21,23,0,0,0,0,3150,7575,5250,7350,5400,7500,5250,7875,5250
76.47,660,41,38,28,21,23,0,0,0,0,3150,7575,5250,7350,5325,7500,5250,7875,5250
76.5,665,38,37,28,20,23,0,0,0,0,3150,7575,5250,7350,5325,7500,5250,7875,5250
76.29,670,34,40,28,20,23,0,0,4088,0.5,3150,7575,5250,7350,5400,7575,5250,7875,5250
42.6,675,36,40,29,20,23,0,0,3968.5,0,3150,7575,5250,7350,5400,7575,5250,7875,5250
71.37,680,32,41,29,20,23,0,0,0,0,3150,7575,5250,7350,5325,7500,5250,7950,5250
56.34,685,37,36,29,20,23,0,0,0,0,3150,7575,5175,7350,5400,7575,5175,7875,5250
56.67,690,35,41,29,20,23,0,0,0,0,3150,7575,5250,7425,5325,7500,5250,7875,5250
56.91,695,36,36,29,20,23,0,0,0,0,3150,7575,5250,7350,5400,7500,5250,7875,5250
71.22,700,36,37,29,20,23,0,0,2451,0,3150,7575,5250,7350,5400,7575,5250,7875,5250
57.33,705,37,38,29,20,22,0,0,0,0,3150,7575,5250,7350,5325,7575,5250,7875,5250
57.39,710,37,35,29,20,22,0,0,0,0,3150,7575,5250,7350,5400,7575,5250,7875,5175
56.67,715,34,39,29,20,22,0,0,0,0,3150,7575,5250,7350,5400,7500,5250,7875,5250
71.25,720,36,41,28,20,22,0,0,0,0,3150,7575,5250,7350,5325,7500,5250,7875,5175
57.57,725,36,35,28,20,22,0,0,0,0,3150,7575,5250,7350,5400,7500,5250,7875,5250
58.35,730,34,39,28,20,22,0,0,405,0,3150,7575,5250,7350,5400,7575,5250,7875,5250
56.73,735,35,40,28,20,22,0,0,0,0,3150,7575,5250,7350,5400,7575,5250,7950,5250
66.39,740,32,40,28,20,22,0,0,0,0,3150,7575,5250,7350,5400,7500,5250,7875,5175
56.88,745,38,38,28,20,22,0,0,0,0,3150,7575,5250,7350,5325,7575,5250,7875,5250
57.3,750,36,36,28,20,22,0,0,0,0,3150,7575,5250,7350,5400,7500,5250,7875,5250
57,755,32,41,28,20,22,0,0,0,0,3150,7575,5250,7350,5400,7500,5250,7875,5250
71.58,760,36,40,28,20,22,0,0,458.5,0,3150,7575,5250,7350,5325,7500,5250,7875,5250
57.09,765,32,40,28,20,22,0,0,0,0,3150,7575,5250,7350,5325,7500,5250,7875,5250
57.54,770,37,36,28,20,22,0,0,0,0,3150,7575,5250,7350,5400,7500,5250,7875,5250
57.03,775,36,39,28,20,22,0,0,0,0,3150,7575,5250,7350,5325,7500,5250,7875,5250
70.62,780,35,36,28,20,22,0,0,0,0,3150,7575,5175,7350,5400,7500,5325,7950,5250
61.23,785,36,37,28,20,22,0,0,0,0,3150,7575,5325,7350,5325,7500,5325,7950,5250
57.18,790,35,40,28,20,22,0,0,547.5,0,3150,7575,5250,7350,5325,7575,5250,7875,5250
56.46,795,36,37,28,20,22,0,0,128,0,3150,7575,5250,7350,5325,7575,5250,7875,5250
71.43,800,35,38,28,20,22,0,0,0,0,3150,7575,5250,7350,5400,7575,5250,7950,5250
57.15,805,36,38,28,20,22,0,0,0,0,3150,7575,5250,7350,5325,7500,5250,7875,5250
56.4,810,31,40,28,20,22,0,0,0,0,3150,7575,5250,7350,5400,7575,5250,7875,5250
66.15,815,36,40,28,20,22,0,0,0,0,3150,7575,5250,7350,5400,7575,5175,7950,5250
57.24,820,32,40,28,20,22,0,0,588,0,3150,7575,5250,7350,5325,7500,5250,7875,5250
57.21,825,32,40,28,20,22,0,0,0,0,3150,7500,5175,7350,5325,7575,5250,7875,5250
56.73,830,35,39,28,20,22,0,0,0,0,3150,7575,5250,7350,5325,7575,5250,7875,5250
71.76,835,32,40,28,20,22,0,0,0,0,3150,7500,5250,7350,5325,7575,5250,7875,5250
57.57,840,35,36,28,20,22,0,0,0,0,3150,7575,5250,7350,5400,7575,5250,7875,5250
57.39,845,35,39,28,20,22,0,0,0,0,3150,7575,5250,7350,5325,7575,5250,7950,5250
56.7,850,32,40,28,20,22,0,0,464.5,0,3150,7500,5250,7350,5400,7575,5250,7950,5250
71.22,855,35,40,28,20,22,0,0,0,0,3150,7575,5250,7275,5400,7575,5250,7875,5250
57.03,860,35,39,28,20,22,0,0,0,0,3225,7500,5250,7350,5400,7575,5250,7875,5250
56.88,865,32,39,28,20,22,0,0,0,0,3150,7500,5250,7350,5400,7575,5250,7875,5250
56.76,870,35,36,28,20,22,0,0,0,0,3150,7575,5250,7350,5325,7500,5250,7875,5250
71.55,875,36,37,28,20,22,0,0,0,0,3150,7575,5250,7350,5325,7500,5250,7875,5250
57.3,880,35,34,28,20,22,0,0,541.5,0,3150,7575,5250,7350,5400,7575,5250,7875,5250
57.15,885,35,37,28,20,22,0,0,0,0,3150,7575,5250,7350,5400,7575,5250,7800,5250
57.57,890,32,39,28,20,22,0,0,0,0,3150,7575,5250,7350,5400,7575,5250,7875,5175
70.26,895,34,35,28,20,22,0,0,0,0,3150,7500,5250,7350,5400,7575,5250,7800,5250
56.7,900,36,41,28,19,22,0,0,0,0,3150,7500,5250,7350,5400,7575,5250,7875,5250
42.18,905,35,35,28,19,22,0,0,0,0,3150,7575,5250,7350,5325,7575,5250,7875,5250
42.27,910,35,35,28,20,22,0,0,1133,0,3150,7575,5175,7350,5325,7500,5175,7875,5250
58.32,915,35,39,28,20,22,0,0,0,0,3150,7575,5250,7350,5325,7500,5250,7875,5250
74.1,920,35,34,28,20,22,0,0,502.5,0,3150,7575,5175,7350,5400,7500,5175,7875,5250
76.95,925,31,38,28,20,22,0,0,1251,0,3150,7575,5250,7350,5400,7500,5250,7875,5250
72.69,930,35,38,28,20,22,0,0,1910,0,3150,7575,5250,7350,5400,7500,5250,7875,5250
74.91,935,36,34,28,20,22,0,0,1437,0,3150,7575,5250,7350,5325,7500,5250,7875,5250
73.68,940,36,34,28,20,22,0,0,2198,0,3150,7575,5250,7275,5325,7500,5250,7875,5250
75.75,945,37,37,28,20,22,0,0,1294.5,0,3150,7575,5250,7350,5400,7500,5250,7875,5250
74.91,950,36,33,28,20,22,0,0,1500,0,3150,7575,5250,7350,5325,7500,5250,7875,5250
77.07,955,32,37,28,20,22,0,0,1703.5,0,3150,7575,5250,7350,5400,7500,5250,7875,5250
76.71,960,35,39,28,20,22,0,0,3039.5,0,3150,7575,5250,7350,5325,7500,5175,7875,5175
71.55,965,31,38,28,20,22,0,0,875.5,0,3150,7575,5250,7350,5325,7500,5250,7875,5250
75.75,970,33,37,28,20,22,0,0,3356.5,0,3150,7575,5250,7350,5400,7500,5250,7875,5250
72.51,975,34,39,28,20,22,0,0,284,0,3150,7575,5250,7350,5400,7500,5250,7950,5250
75.03,980,35,34,28,20,22,0,0,1055,0,3150,7575,5250,7350,5400,7500,5250,7950,5250
73.71,985,35,35,28,20,22,0,0,1985,0,3150,7575,5250,7350,5325,7500,5250,7875,5250
76.74,990,36,36,28,20,22,0,0,911.5,0,3150,7575,5250,7350,5400,7500,5250,7875,5250
73.47,995,36,34,28,20,22,0,0,1281.5,0,3225,7575,5250,7350,5400,7575,5250,7875,5250
74.79,1000,35,39,28,20,22,0,0,2852.5,0,3150,7575,5250,7425,5325,7500,5250,7875,5250
77.67,1005,36,34,28,20,22,0,0,1183.5,0,3150,7575,5175,7350,5325,7500,5175,7875,5250
75.81,1010,32,38,28,20,22,0,0,1533,0,3150,7575,5250,7350,5325,7500,5250,7875,5250
57.69,1015,37,37,28,20,22,0,0,2145,0,3150,7575,5175,7350,5325,7500,5175,7875,5250
57.12,1020,32,38,28,20,22,0,0,256,0,3150,7500,5250,7350,5400,7575,5250,7875,5250
72.57,1025,32,38,28,20,22,0,0,0,0,3225,7575,5175,7350,5325,7500,5175,7875,5250
56.52,1030,34,39,28,19,22,0,0,1495,0,3225,7575,5250,7350,5325,7500,5250,7875,5250
61.2,1035,30,40,28,19,22,0,0,0,0,3150,7575,5250,7350,5325,7500,5250,7875,5250
58.95,1040,30,40,28,19,22,0,0,0,0,3150,7575,5250,7350,5325,7500,5250,7950,5250
71.64,1045,32,41,28,19,22,0,0,0,0,3150,7575,5250,7350,5400,7575,5250,7875,5250
58.89,1050,33,37,27,19,23,0,0,0,0,3150,7575,5175,7275,5325,7500,5175,7875,5250
59.76,1055,34,36,27,19,22,0,0,0,0,3150,7575,5250,7350,5325,7500,5250,7875,5250
58.86,1060,34,40,27,19,22,0,0,1239.5,0,3150,7575,5175,7350,5325,7575,5175,7875,5250
60.18,1065,30,40,27,19,22,0,0,1792,0,3150,7575,5250,7425,5400,7575,5250,7875,5250
56.49,1070,30,40,27,19,23,0,0,0,0,3150,7500,5175,7350,5325,7500,5175,7875,5250
56.4,1075,33,40,27,19,23,0,0,0,0,3150,7575,5250,7350,5325,7500,5250,7875,5250
58.29,1080,29,41,27,19,23,0,0,0,0,3150,7575,5250,7350,5325,7500,5250,7875,5250
71.1,1085,33,38,27,19,23,0,0,0,0,3150,7575,5250,7350,5400,7575,5250,7875,5250
58.53,1090,33,38,27,19,23,0,0,2448,0,3150,7575,5250,7350,5400,7575,5250,7875,5250
57.81,1095,34,36,27,19,22,0,0,0,0,3150,7575,5250,7350,5325,7575,5250,7875,5250
61.56,1100,33,39,27,19,22,0,0,0,0,3150,7575,5250,7350,5325,7575,5250,7875,5175
71.13,1105,34,37,27,19,22,0,0,0,0,3150,7575,5250,7350,5325,7500,5250,7875,5250
60.72,1110,35,35,27,19,22,0,0,0,0,3150,7575,5250,7350,5400,7500,5250,7875,5250
56.55,1115,36,39,27,19,22,0,0,0,0,3150,7575,5250,7350,5325,7575,5250,7875,5250
68.34,1120,35,34,27,20,22,0,0,511.5,0,3150,7575,5250,7425,5325,7500,5250,7875,5250
56.79,1125,31,38,27,20,22,0,0,0,0,3150,7575,5250,7350,5325,7500,5250,7875,5250
56.91,1130,34,39,27,19,22,0,0,0,0,3225,7575,5250,7350,5325,7500,5250,7875,5250
57.3,1135,31,40,27,19,22,0,0,0,0,3150,7575,5250,7350,5325,7500,5250,7875,5250
71.4,1140,34,35,27,19,22,0,0,0,0,3150,7575,5250,7350,5250,7500,5250,7875,5250
57.36,1145,33,40,27,19,22,0,0,0,0,3150,7575,5250,7350,5325,7575,5250,7875,5250
56.88,1150,34,35,27,19,22,0,0,644,0,3150,7575,5250,7350,5325,7500,5250,7875,5250
56.67,1155,31,39,27,19,22,0,0,0,0,3150,7575,5175,7350,5325,7500,5175,7875,5250
71.22,1160,35,39,27,19,22,0,0,0,0,3150,7575,5250,7350,5325,7500,5250,7875,5250
56.73,1165,31,40,27,19,22,0,0,0,0,3150,7575,5250,7350,5325,7500,5250,7875,5250
57.39,1170,32,39,27,19,22,0,0,0,0,3150,7575,5250,7350,5325,7500,5250,7875,5175
56.46,1175,33,40,27,19,22,0,0,0,0,3150,7575,5250,7350,5325,7500,5250,7875,5250
67.38,1180,30,39,27,19,22,0,0,746,0,3150,7575,5250,7350,5325,7575,5250,7875,5250
58.38,1185,31,40,27,19,22,0,0,0,0,3150,7575,5250,7350,5400,7500,5250,7875,5250
56.73,1190,32,40,27,19,22,0,0,0,0,3225,7500,5250,7350,5325,7500,5175,7875,5250
57.54,1195,30,40,27,19,22,0,0,0,0,3150,7575,5250,7350,5325,7575,5250,7875,5175
72,1200,34,41,27,19,22,0,0,0,0,3150,7575,5250,7350,5400,7575,5250,7950,5250
58.29,1205,34,36,27,19,22,0,0,0,0,3150,7500,5250,7350,5325,7575,5250,7875,5250
57.99,1210,30,40,27,19,22,0,0,5201,1,3225,7575,5175,7350,5400,7575,5175,7950,5250
64.86,1215,33,40,27,19,22,0,0,0,0,3150,7575,5250,7425,5325,7500,5250,7875,5250
57.48,1220,29,40,27,19,22,0,0,0,0,3150,7575,5175,7425,5325,7575,5175,7875,5250
60.36,1225,29,41,27,19,22,0,0,0,0,3150,7575,5250,7350,5400,7575,5250,7875,5250
56.85,1230,32,41,27,19,23,0,0,0,0,3150,7575,5250,7350,5325,7575,5250,7875,5250
69.9,1235,33,36,27,19,23,0,0,0,0,3150,7575,5250,7350,5400,7575,5250,7875,5325
56.52,1240,33,36,27,19,22,0,0,5042,1,3150,7500,5250,7425,5325,7500,5250,7875,5250
56.94,1245,34,38,27,19,22,0,0,0,0,3150,7575,5250,7350,5325,7575,5250,7875,5250
57.06,1250,34,35,27,19,22,0,0,0,0,3150,7575,5175,7350,5400,7575,5250,7875,5250
71.49,1255,31,39,27,19,22,0,0,0,0,3150,7575,5250,7350,5400,7575,5175,7875,5250
56.94,1260,34,40,27,19,22,0,0,0,0,3150,7575,5250,7350,5400,7575,5250,7875,5250
56.94,1265,30,40,27,19,22,0,0,0,0,3225,7500,5250,7350,5325,7500,5250,7875,5250
57.84,1270,33,38,27,19,22,0,0,5259.5,1,3150,7575,5250,7275,5400,7575,5250,7875,5250
71.04,1275,34,39,27,19,22,0,0,0,0,3150,7500,5250,7350,5400,7500,5250,7875,5175
56.73,1280,30,40,27,19,22,0,0,0,0,3150,7500,5250,7275,5325,7500,5250,7875,5250
56.55,1285,34,37,27,19,22,0,0,0,0,3150,7575,5250,7350,5400,7575,5325,7875,5250
56.43,1290,32,40,27,19,22,0,0,0,0,3225,7575,5250,7350,5400,7575,5250,7875,5250
69.75,1295,30,40,27,19,22,0,0,0,0,3150,7575,5175,7350,5400,7575,5175,7875,5250
56.97,1300,35,40,27,19,22,0,0,3389,0.5,3150,7575,5250,7350,5325,7575,5250,7875,5250
58.56,1305,35,35,27,19,22,0,0,0,0,3150,7575,5250,7350,5400,7575,5250,7950,5325
67.71,1310,31,39,27,19,22,0,0,0,0,3150,7575,5250,7350,5325,7575,5250,7875,5250
61.71,1315,36,39,27,19,22,0,0,0,0,3225,7575,5250,7425,5325,7575,5250,7875,5250
56.94,1320,35,35,27,19,22,0,0,0,0,3150,7575,5250,7350,5325,7575,5250,7875,5250
42.09,1325,35,34,27,20,22,0,0,3740,0,3225,7575,5250,7350,5325,7575,5250,7950,5250
70.2,1330,36,37,27,20,22,0,0,16396,9.5,3150,7575,5250,7425,5325,7575,5250,7875,5250
55.41,1335,31,39,27,20,22,0,0,0,0,3150,7575,5250,7350,5400,7575,5250,7950,5250
56.1,1340,31,39,27,20,22,0,0,0,0,3225,7500,5250,7425,5400,7500,5250,7875,5250
56.19,1345,34,38,27,19,22,0,0,0,0,3150,7575,5250,7425,5325,7575,5250,7875,5250
70.89,1350,35,35,27,19,22,0,0,0,0,3150,7575,5250,7350,5400,7575,5250,7875,5250
55.77,1355,35,35,27,20,22,0,0,0,0,3150,7500,5250,7350,5325,7500,5250,7875,5250
55.53,1360,36,38,27,20,22,0,0,517.5,0,3150,7575,5175,7350,5400,7575,5175,7875,5175
56.19,1365,35,34,27,20,22,0,0,0,0,3150,7575,5250,7350,5325,7575,5250,7875,5250
70.11,1370,32,39,27,20,22,0,0,0,0,3225,7575,5250,7350,5325,7575,5250,7875,5250
55.86,1375,33,39,27,19,22,0,0,0,0,3150,7575,5250,7350,5400,7575,5250,7875,5250
55.41,1380,30,40,27,19,22,0,0,0,0,3150,7575,5250,7350,5325,7575,5250,7875,5250
56.25,1385,33,38,27,19,22,0,0,0,0,3150,7575,5250,7350,5400,7575,5250,7875,5250
71.13,1390,34,36,27,19,22,0,0,639.5,0,3150,7575,5250,7350,5400,7500,5250,7950,5250
55.98,1395,30,40,27,19,22,0,0,0,0,3150,7500,5250,7350,5325,7500,5250,7950,5250
56.19,1400,34,42,27,19,22,0,0,0,0,3225,7575,5175,7350,5400,7500,5175,7875,5250
55.8,1405,30,40,27,19,22,0,0,0,0,3150,7575,5250,7350,5400,7575,5250,7875,5250
65.64,1410,30,41,27,19,23,0,0,0,0,3150,7575,5250,7350,5400,7575,5250,7875,5250
55.8,1415,34,40,27,19,22,0,0,0,0,3150,7575,5250,7350,5400,7500,5250,7875,5250
55.68,1420,30,40,27,19,22,0,0,529,0,3150,7575,5250,7350,5400,7575,5250,7875,5250
56.16,1425,34,36,27,19,22,0,0,0,0,3150,7575,5250,7350,5325,7575,5250,7800,5250
70.59,1430,33,40,27,19,22,0,0,0,0,3225,7575,5250,7350,5325,7575,5250,7875,5250
56.43,1435,34,35,27,19,22,0,0,0,0,3150,7575,5175,7350,5400,7500,5175,7800,5250
56.1,1440,33,36,27,19,22,0,0,0,0,3150,7575,5250,7350,5325,7575,5250,7875,5250
56.37,1445,35,38,27,19,22,0,0,0,0,3225,7575,5175,7350,5325,7500,5250,7875,5250
69.9,1450,31,39,27,19,22,0,0,536.5,0,3150,7575,5250,7350,5325,7575,5250,7800,5250
56.07,1455,34,37,27,19,22,0,0,0,0,3150,7575,5250,7350,5325,7500,5250,7875,5250
55.68,1460,34,38,27,19,22,0,0,0,0,3150,7575,5250,7350,5325,7500,5250,7950,5250
56.22,1465,31,39,27,19,22,0,0,0,0,3150,7575,5250,7350,5400,7500,5250,7875,5250
70.86,1470,31,40,27,19,22,0,0,0,0,3150,7575,5250,7350,5400,7500,5250,7875,5250
56.34,1475,32,40,27,19,22,0,0,0,0,3225,7575,5250,7350,5400,7500,5250,7875,5250
55.71,1480,34,35,27,19,22,0,0,542.5,0,3150,7575,5250,7350,5325,7500,5250,7875,5250
70.35,1485,37,39,27,19,22,0,0,0,0,3150,7500,5250,7350,5325,7575,5250,7950,5175
55.65,1490,36,34,27,20,22,0,0,0,0,3150,7575,5250,7350,5325,7500,5250,7875,5250
55.95,1495,31,39,27,20,22,0,0,0,0,3150,7500,5175,7350,5400,7575,5250,7875,5250
56.37,1500,35,38,27,20,22,0,0,0,0,3150,7575,5250,7350,5400,7575,5250,7875,5175
69.63,1505,35,34,27,20,22,0,0,0,0,3150,7575,5250,7350,5325,7575,5250,7875,5250
56.31,1510,31,39,27,20,22,0,0,547.5,0,3150,7575,5250,7350,5400,7575,5250,7875,5250
56.67,1515,34,39,27,19,22,0,0,0,0,3150,7575,5250,7350,5325,7575,5175,7875,5250
55.62,1520,31,40,27,19,22,0,0,0,0,3150,7575,5250,7350,5325,7500,5250,7875,5250
69.87,1525,34,36,27,19,22,0,0,0,0,3150,7575,5250,7350,5325,7575,5250,7875,5250
56.34,1530,34,40,27,19,22,0,0,0,0,3150,7575,5250,7350,5325,7575,5250,7875,5175
56.04,1535,30,40,27,19,22,0,0,0,0,3150,7575,5250,7350,5325,7500,5250,7875,5250
55.89,1540,34,36,27,19,22,0,0,596,0,3225,7575,5250,7350,5400,7500,5175,7875,5250
68.4,1545,32,36,27,19,22,0,0,0,0,3150,7500,5250,7350,5325,7575,5250,7875,5250
56.82,1550,30,39,27,19,22,0,0,0,0,3150,7575,5250,7350,5325,7575,5250,7875,5250
56.43,1555,30,40,27,19,22,0,0,0,0,3225,7650,5250,7350,5400,7575,5250,7950,5250
56.25,1560,33,39,27,19,22,0,0,0,0,3150,7575,5250,7350,5325,7500,5250,7875,5250
67.74,1565,29,40,27,19,22,0,0,0,0,3150,7575,5250,7350,5400,7500,5250,7875,5250
55.56,1570,33,40,27,19,22,0,0,557.5,0,3150,7575,5250,7350,5400,7575,5250,7875,5250
55.71,1575,31,40,27,19,22,0,0,0,0,3150,7575,5250,7350,5400,7500,5250,7875,5175
56.58,1580,30,40,27,19,22,0,0,0,0,3150,7575,5250,7350,5400,7575,5250,7875,5250
70.86,1585,34,42,27,19,23,0,0,0,0,3150,7500,5250,7350,5400,7575,5250,7800,5250
56.91,1590,34,36,27,19,23,0,0,0,0,3150,7575,5250,7350,5400,7575,5250,7875,5250
56.1,1595,30,40,27,19,23,0,0,0,0,3150,7650,5250,7425,5325,7575,5325,7875,5250
56.16,1600,34,39,27,19,22,0,0,606.5,0,3225,7575,5250,7350,5400,7575,5250,7875,5250
70.02,1605,34,36,27,19,22,0,0,0,0,3150,7575,5250,7350,5400,7500,5250,7875,5250
56.31,1610,31,39,27,20,22,0,0,0,0,3150,7575,5250,7350,5400,7575,5250,7875,5250
56.4,1615,35,39,27,20,22,0,0,0,0,3150,7575,5250,7350,5325,7575,5250,7950,5250
56.13,1620,35,35,27,20,22,0,0,0,0,3150,7575,5250,7350,5325,7575,5250,7875,5250
70.74,1625,31,39,27,20,22,0,0,0,0,3150,7575,5250,7350,5325,7500,5250,7875,5250
56.22,1630,36,40,27,20,22,0,0,1173,0,3150,7575,5250,7350,5400,7575,5175,7875,5250
56.16,1635,35,35,27,20,22,0,0,0,0,3150,7575,5250,7350,5400,7500,5250,7875,5250
64.47,1640,33,39,27,20,22,0,0,0,0,3150,7575,5250,7350,5400,7500,5175,7875,5250
55.56,1645,34,40,27,20,22,0,0,0,0,3150,7575,5250,7350,5400,7575,5250,7950,5250
56.07,1650,35,35,27,20,22,0,0,0,0,3150,7575,5250,7350,5325,7575,5250,7875,5250
56.28,1655,34,38,27,20,22,0,0,0,0,3225,7575,5175,7350,5400,7500,5250,7950,5250
70.86,1660,33,40,27,20,22,0,0,755,0,3150,7575,5250,7350,5400,7575,5250,7875,5250
56.34,1665,35,35,27,20,22,0,0,0,0,3150,7575,5175,7350,5400,7575,5250,7875,5175
56.16,1670,38,38,27,20,22,0,0,0,0,3150,7575,5250,7350,5325,7500,5250,7875,5250
55.68,1675,33,37,27,20,22,0,0,0,0,3225,7575,5250,7350,5325,7500,5250,7875,5250
70.02,1680,32,39,27,20,22,0,0,0,0,3150,7500,5250,7350,5400,7500,5250,7875,5250
56.07,1685,35,38,27,20,22,0,0,0,0,3150,7575,5250,7350,5325,7575,5250,7875,5250
55.92,1690,35,35,27,20,22,0,0,1192.5,0,3150,7575,5250,7350,5400,7500,5250,7875,5250
56.49,1695,33,38,27,20,22,0,0,0,0,3150,7575,5250,7350,5400,7500,5250,7950,5250
70.8,1700,35,40,27,20,23,0,0,0,0,3150,7575,5250,7425,5325,7500,5250,7950,5250
56.43,1705,31,40,27,20,23,0,0,0,0,3150,7575,5250,7350,5325,7500,5250,7950,5250
55.98,1710,35,36,27,20,23,0,0,0,0,3150,7650,5250,7350,5325,7575,5250,7875,5250
56.31,1715,35,39,27,20,23,0,0,0,0,3150,7575,5250,7350,5325,7500,5250,7875,5175
69,1720,31,40,27,20,23,0,0,768,0,3150,7575,5250,7350,5325,7500,5250,7875,5250
55.98,1725,35,36,27,20,23,0,0,0,0,3150,7575,5250,7350,5400,7500,5250,7875,5250
55.65,1730,35,38,27,20,23,0,0,0,0,3150,7500,5250,7350,5400,7500,5250,7950,5250
56.88,1735,31,40,27,20,23,0,0,0,0,3150,7575,5250,7350,5400,7575,5250,7875,5250
70.77,1740,32,41,27,20,23,0,0,0,0,3150,7575,5250,7350,5325,7500,5250,7875,5175
57.03,1745,32,41,27,20,23,0,0,0,0,3150,7575,5250,7350,5400,7500,5250,7875,5250
56.28,1750,30,41,27,20,23,0,0,1200.5,0,3150,7575,5325,7425,5325,7500,5250,7875,5250
56.1,1755,34,42,27,19,23,0,0,0,0,3150,7575,5250,7350,5325,7500,5250,7875,5250
70.14,1760,30,41,27,19,23,0,0,0,0,3150,7575,5250,7350,5325,7500,5250,7875,5175
56.16,1765,34,37,27,19,23,0,0,0,0,3150,7575,5250,7350,5400,7500,5250,7875,5175
56.16,1770,34,42,27,20,23,0,0,0,0,3150,7575,5250,7350,5400,7500,5250,7875,5175
65.94,1775,35,36,27,20,23,0,0,0,0,3150,7575,5250,7350,5400,7500,5250,7875,5250
55.89,1780,35,36,27,20,23,0,0,653.5,0,3225,7575,5250,7350,5325,7500,5250,7875,5175
57,1785,35,39,27,20,23,0,0,0,0,3150,7575,5250,7350,5325,7500,5250,7875,5175
55.62,1790,32,40,27,20,23,0,0,0,0,3150,7575,5250,7350,5325,7575,5250,7875,5250
67.83,1795,36,36,27,20,23,0,0,0,0,3150,7575,5250,7350,5400,7500,5250,7875,5250
56.19,1800,36,38,27,20,23,0,0,0,0,3150,7575,5325,7350,5325,7500,5250,7875,5175
56.37,1805,32,39,27,20,22,0,0,0,0,3150,7500,5250,7350,5400,7575,5250,7875,5175
56.43,1810,32,39,27,20,23,0,0,610,0,3150,7500,5250,7350,5325,7500,5250,7875,5250
70.17,1815,36,40,27,20,23,0,0,0,0,3225,7575,5250,7350,5325,7575,5250,7875,5250
56.16,1820,35,37,27,20,23,0,0,0,0,3150,7575,5250,7350,5325,7500,5250,7875,5175
56.43,1825,33,40,28,20,23,0,0,0,0,3150,7575,5250,7275,5325,7500,5250,7875,5250
55.8,1830,34,41,28,20,23,0,0,0,0,3150,7575,5175,7350,5325,7575,5250,7800,5175
70.23,1835,32,40,28,20,23,0,0,0,0,3150,7500,5175,7350,5400,7575,5250,7875,5250
55.77,1840,34,38,28,20,23,0,0,1486.5,0,3150,7575,5250,7350,5325,7500,5250,7875,5250
56.31,1845,36,37,28,20,23,0,0,0,0,3150,7575,5250,7350,5400,7575,5250,7875,5250
56.37,1850,31,40,28,20,23,0,0,0,0,3150,7575,5175,7350,5325,7500,5250,7800,5250
67.86,1855,36,40,28,20,23,0,0,0,0,3150,7575,5250,7350,5325,7500,5250,7875,5250
56.52,1860,31,41,28,20,23,0,0,0,0,3150,7575,5250,7350,5400,7500,5325,7875,5250
56.61,1865,35,36,28,20,23,0,0,0,0,3150,7500,5250,7350,5400,7575,5250,7875,5250
55.5,1870,35,41,28,20,23,0,0,1202,0,3150,7575,5250,7350,5325,7500,5250,7875,5250
69.96,1875,35,35,28,20,23,0,0,0,0,3150,7575,5250,7350,5325,7500,5250,7875,5175
56.28,1880,36,35,28,20,23,0,0,0,0,3150,7575,5250,7350,5400,7575,5250,7875,5250
55.86,1885,35,40,28,20,23,0,0,0,0,3150,7575,5250,7350,5325,7500,5250,7800,5250
56.07,1890,32,40,28,20,23,0,0,0,0,3150,7575,5325,7425,5325,7575,5325,7875,5250
70.17,1895,35,36,28,20,23,0,0,0,0,3150,7500,5250,7350,5325,7575,5250,7875,5250
56.64,1900,34,39,28,20,23,0,0,647.5,0,3150,7575,5250,7350,5325,7500,5250,7800,5250
56.19,1905,31,40,28,20,23,0,0,0,0,3150,7575,5250,7425,5325,7575,5250,7875,5250
55.83,1910,33,38,28,20,23,0,0,0,0,3225,7575,5250,7350,5400,7500,5250,7875,5250
70.05,1915,35,40,28,20,23,0,0,0,0,3150,7575,5175,7350,5400,7500,5250,7875,5250
56.46,1920,31,40,28,20,23,0,0,0,0,3150,7500,5250,7350,5325,7575,5250,7875,5250
55.8,1925,36,37,28,20,23,0,0,0,0,3225,7575,5250,7425,5325,7575,5250,7875,5250
66.63,1930,36,38,28,20,23,0,0,1211,0,3150,7575,5250,7350,5325,7575,5250,7875,5250
56.25,1935,36,35,28,20,23,0,0,0,0,3150,7575,5250,7425,5325,7575,5250,7875,5250
56.22,1940,34,40,28,20,23,0,0,0,0,3150,7575,5250,7425,5325,7500,5250,7875,5250
56.22,1945,33,40,28,20,23,0,0,0,0,3150,7575,5250,7350,5400,7500,5250,7875,5175
69.96,1950,32,40,28,20,23,0,0,0,0,3150,7575,5250,7350,5400,7500,5250,7875,5175
56.16,1955,36,40,28,20,23,0,0,0,0,3150,7575,5250,7350,5400,7575,5250,7875,5175
56.28,1960,34,37,28,20,23,0,0,658,0,3150,7575,5250,7350,5325,7575,5250,7875,5250
55.95,1965,36,35,28,20,23,0,0,0,0,3150,7575,5250,7350,5400,7575,5250,7875,5250
69.84,1970,37,39,28,20,23,0,0,0,0,3150,7575,5250,7350,5325,7500,5250,7950,5250
56.34,1975,32,39,28,20,23,0,0,0,0,3150,7575,5325,7350,5400,7500,5250,7875,5250
56.28,1980,32,40,28,20,23,0,0,0,0,3150,7575,5250,7350,5400,7500,5250,7875,5250
56.4,1985,35,39,28,20,23,0,0,0,0,3150,7575,5250,7350,5325,7500,5250,7875,5250
69.9,1990,31,40,28,20,23,0,0,613,0,3150,7575,5250,7350,5400,7500,5250,7875,5250
55.74,1995,36,36,28,20,23,0,0,0,0,3150,7575,5250,7350,5400,7500,5250,7875,5250
56.07,2000,37,39,28,20,23,0,0,0,0,3150,7575,5250,7350,5325,7500,5250,7875,5175
55.86,2005,37,35,28,20,23,0,0,0,0,3150,7575,5250,7350,5400,7500,5250,7875,5250
69.63,2010,36,37,28,21,23,0,0,0,0,3150,7575,5250,7425,5400,7500,5250,7875,5250
56.4,2015,35,40,28,20,23,0,0,0,0,3150,7575,5250,7350,5325,7575,5250,7875,5250
56.61,2020,36,35,28,20,23,0,0,1202,0,3150,7575,5250,7350,5400,7575,5250,7875,5250
55.68,2025,33,40,28,20,23,0,0,0,0,3150,7575,5250,7350,5325,7575,5325,7875,5250
69.84,2030,34,39,28,20,23,0,0,0,0,3150,7575,5250,7350,5325,7575,5250,7875,5250
56.25,2035,36,35,28,20,23,0,0,0,0,3150,7575,5250,7425,5400,7575,5175,7875,5250
56.16,2040,35,41,28,20,23,0,0,0,0,3150,7575,5250,7350,5325,7500,5250,7875,5250
56.1,2045,32,40,28,20,23,0,0,0,0,3150,7575,5250,7350,5325,7575,5250,7875,5250
69.99,2050,35,37,28,20,23,0,0,612,0,3150,7500,5250,7350,5325,7575,5250,7950,5250
56.55,2055,35,41,28,20,23,0,0,0,0,3150,7575,5250,7350,5400,7575,5250,7875,5250
56.1,2060,34,37,28,20,23,0,0,0,0,3150,7575,5250,7350,5400,7575,5250,7875,5250
60.39,2065,33,38,28,20,23,0,0,0,0,3150,7575,5250,7350,5400,7575,5250,7875,5250
61.47,2070,36,39,28,20,23,0,0,0,0,3150,7575,5250,7350,5400,7500,5250,7875,5250
55.86,2075,32,40,28,20,23,0,0,0,0,3225,7575,5250,7350,5400,7575,5250,7875,5250
55.92,2080,36,36,28,20,23,0,0,619,0,3150,7575,5250,7350,5325,7575,5250,7875,5250
68.43,2085,37,38,28,20,23,0,0,0,0,3150,7575,5250,7350,5400,7575,5250,7875,5250
56.28,2090,36,35,28,21,23,0,0,0,0,3150,7575,5250,7350,5400,7575,5250,7950,5250
56.49,2095,36,37,28,21,23,0,0,0,0,3150,7575,5250,7350,5400,7575,5250,7875,5250
55.44,2100,36,38,28,21,23,0,0,0,0,3150,7575,5250,7350,5400,7575,5250,7875,5250
70.11,2105,37,35,28,21,23,0,0,0,0,3150,7575,5250,7350,5400,7575,5250,7875,5250
56.16,2110,36,37,28,21,23,0,0,623,0,3150,7575,5250,7350,5325,7500,5250,7875,5250
56.43,2115,36,38,28,21,23,0,0,0,0,3150,7575,5250,7350,5400,7500,5250,7875,5250
55.53,2120,33,40,28,21,23,0,0,0,0,3150,7575,5250,7425,5325,7575,5250,7950,5250
70.35,2125,35,39,28,21,23,0,0,0,0,3150,7575,5250,7425,5400,7500,5250,7875,5250
56.73,2130,32,36,28,21,23,0,0,0,0,3150,7575,5250,7350,5325,7575,5250,7875,5175
55.98,2135,31,35,28,20,23,0,0,0,0,3150,7575,5250,7350,5400,7500,5250,7875,5250
56.28,2140,35,37,28,20,23,0,0,665,0,3150,7575,5250,7350,5400,7500,5250,7875,5250
69.93,2145,30,34,28,20,23,0,0,0,0,3225,7575,5250,7350,5325,7500,5250,7875,5250
55.5,2150,30,34,28,20,22,0,0,0,0,3150,7575,5250,7350,5400,7500,5250,7875,5250
56.52,2155,32,38,28,20,22,0,0,0,0,3150,7575,5250,7350,5400,7500,5250,7875,5250
57.06,2160,30,33,28,20,22,0,0,0,0,3150,7575,5250,7425,5400,7575,5250,7875,5250
71.31,2165,29,33,28,20,22,0,0,0,0,3150,7500,5250,7350,5400,7500,5250,7875,5250
57.48,2170,31,37,28,19,22,0,0,797.5,0,3150,7575,5250,7350,5325,7500,5250,7875,5250
57.21,2175,29,33,28,19,22,0,0,0,0,3150,7575,5250,7350,5400,7500,5250,7875,5250
54.87,2180,29,33,28,19,22,0,0,0,0,3225,7575,5250,7350,5400,7500,5250,7875,5250
71.52,2185,32,33,28,19,22,0,0,0,0,3150,7500,5250,7350,5325,7500,5250,7875,5250
56.55,2190,28,32,28,19,22,0,0,0,0,3150,7575,5250,7350,5325,7500,5250,7875,5250
57.51,2195,29,32,27,19,22,0,0,0,0,3150,7500,5250,7350,5325,7500,5250,7875,5250
67.26,2200,32,33,27,19,22,0,0,762.5,0,3150,7575,5250,7350,5400,7500,5325,7950,5250
57.27,2205,29,32,27,19,22,0,0,0,0,3150,7575,5250,7350,5325,7500,5250,7950,5175
55.77,2210,28,32,27,19,22,0,0,0,0,3150,7575,5250,7350,5400,7500,5250,7875,5250
56.91,2215,31,33,27,19,22,0,0,0,0,3150,7575,5250,7350,5325,7500,5250,7875,5175
70.29,2220,28,32,27,19,22,0,0,0,0,3225,7575,5250,7350,5325,7500,5250,7875,5250
57.09,2225,28,32,27,19,22,0,0,0,0,3150,7500,5250,7275,5400,7500,5250,7875,5175
56.67,2230,31,32,27,19,22,0,0,636.5,0,3150,7575,5250,7350,5400,7500,5250,7875,5250
43.32,2235,28,31,27,19,22,0,0,0,0,3150,7575,5250,7350,5325,7575,5250,7875,5250
58.38,2240,28,31,27,19,22,0,0,0,0,3150,7575,5250,7350,5325,7575,5250,7875,5250
57.42,2245,31,32,27,19,21,0,0,0,0,3150,7575,5250,7350,5325,7575,5250,7875,5250
57.6,2250,28,31,27,19,21,0,0,0,0,3150,7575,5250,7350,5325,7500,5250,7875,5250
57.6,2255,28,31,27,19,21,0,0,0,0,3225,7575,5250,7350,5325,7500,5250,7950,5250
71.22,2260,31,32,27,19,21,0,0,4819.5,1,3150,7500,5250,7350,5325,7500,5250,7875,5250
57.39,2265,28,31,27,19,21,0,0,0,0,3150,7575,5250,7350,5325,7575,5250,7875,5250
56.01,2270,28,31,27,19,21,0,0,0,0,3150,7575,5250,7350,5325,7500,5250,7875,5250
56.97,2275,30,33,27,19,21,0,0,0,0,3150,7575,5250,7350,5325,7500,5250,7875,5250
71.28,2280,28,31,27,19,21,0,0,0,0,3150,7500,5250,7350,5325,7575,5250,7875,5250
57.78,2285,28,31,27,19,21,0,0,0,0,3150,7575,5325,7425,5325,7500,5250,7950,5250
57.63,2290,31,35,27,19,21,0,0,642.5,0,3150,7575,5250,7350,5325,7575,5250,7875,5250
57.15,2295,28,31,27,19,21,0,0,0,0,3150,7575,5250,7350,5325,7500,5250,7950,5250
70.47,2300,28,31,27,19,21,0,0,0,0,3225,7575,5250,7350,5325,7500,5250,7875,5175
57.33,2305,31,32,26,19,21,0,0,0,0,3150,7500,5250,7350,5325,7500,5250,7875,5250
56.64,2310,28,31,26,19,21,0,0,0,0,3150,7500,5250,7350,5325,7500,5250,7875,5250
57.9,2315,28,31,26,19,21,0,0,0,0,3150,7575,5250,7350,5325,7500,5250,7875,5250
70.14,2320,28,34,26,19,21,0,0,685.5,0,3150,7575,5250,7350,5400,7500,5250,7875,5250
58.05,2325,28,31,26,19,21,0,0,0,0,3150,7575,5250,7350,5325,7500,5250,7875,5175
56.25,2330,28,32,26,19,21,0,0,0,0,3150,7575,5250,7350,5400,7500,5250,7875,5250
67.35,2335,30,32,26,19,21,0,0,0,0,3150,7575,5175,7350,5400,7500,5250,7950,5175
56.91,2340,28,31,26,19,21,0,0,0,0,3150,7575,5250,7350,5400,7500,5250,7875,5250
57.69,2345,28,33,26,19,21,0,0,0,0,3150,7575,5175,7350,5325,7500,5250,7875,5250
57.42,2350,30,32,26,19,21,0,0,687.5,0,3150,7575,5250,7350,5400,7500,5250,7875,5250
71.67,2355,28,31,26,19,21,0,0,0,0,3150,7575,5250,7350,5400,7500,5250,7875,5250
56.28,2360,28,32,26,19,21,0,0,0,0,3150,7575,5250,7350,5400,7500,5250,7875,5250
57.42,2365,28,34,26,19,21,0,0,0,0,3150,7500,5250,7350,5325,7500,5250,7875,5250
57.3,2370,27,31,26,19,21,0,0,0,0,3150,7575,5250,7350,5325,7500,5250,7875,5175
71.13,2375,29,32,26,19,21,0,0,0,0,3150,7575,5250,7350,5325,7500,5250,7875,5175
56.79,2380,28,33,26,19,21,0,0,1246,0,3150,7500,5250,7350,5400,7500,5250,7875,5175
57.09,2385,28,31,26,19,21,0,0,0,0,3150,7575,5175,7350,5400,7500,5250,7875,5250
56.58,2390,29,32,26,19,21,0,0,0,0,3150,7575,5250,7350,5325,7500,5250,7875,5250
70.53,2395,28,33,26,19,21,0,0,0,0,3150,7575,5250,7350,5325,7500,5250,7875,5250
56.61,2400,27,31,26,19,21,0,0,0,0,3150,7575,5250,7425,5325,7500,5250,7875,5250
57.39,2405,30,32,26,19,21,0,0,0,0,3150,7575,5250,7350,5325,7500,5250,7875,5250
57.27,2410,28,32,26,19,21,0,0,690.5,0,3150,7575,5250,7350,5400,7500,5250,7875,5250
70.44,2415,28,31,26,19,21,0,0,0,0,3150,7575,5250,7350,5400,7500,5250,7875,5250
57.15,2420,30,33,26,19,21,0,0,0,0,3150,7575,5250,7350,5400,7500,5250,7875,5175
57.42,2425,28,31,26,19,21,0,0,0,0,3150,7575,5250,7350,5400,7500,5250,7875,5175
56.94,2430,28,31,26,19,21,0,0,0,0,3150,7575,5250,7350,5400,7500,5250,7875,5250
70.74,2435,30,35,26,19,21,0,0,0,0,3150,7575,5250,7350,5400,7500,5250,7875,5250
57.87,2440,27,31,26,19,21,0,0,1253.5,0,3150,7575,5250,7425,5400,7575,5250,7875,5250
57.63,2445,28,31,26,19,21,0,0,0,0,3150,7500,5250,7350,5325,7575,5325,7875,5250
58.47,2450,32,34,26,19,21,0,0,0,0,3150,7575,5250,7425,5400,7500,5250,7875,5175
67.38,2455,28,31,26,19,21,0,0,0,0,3150,7575,5250,7350,5325,7500,5250,7875,5250
57.24,2460,28,31,26,19,21,0,0,0,0,3150,7575,5250,7350,5325,7500,5250,7875,5250
57.63,2465,31,32,26,19,21,0,0,0,0,3150,7575,5250,7350,5325,7500,5250,7875,5250
70.83,2470,28,31,26,19,21,0,0,703,0,3150,7575,5250,7350,5400,7500,5250,7950,5250
57.3,2475,28,31,26,19,21,0,0,0,0,3150,7500,5250,7350,5325,7500,5250,7875,5250
56.22,2480,31,32,26,19,21,0,0,0,0,3150,7575,5250,7350,5325,7500,5250,7875,5250
57.36,2485,27,31,26,19,21,0,0,0,0,3150,7575,5250,7350,5325,7500,5250,7875,5250
70.77,2490,28,31,26,19,21,0,0,0,0,3150,7575,5250,7350,5325,7500,5250,7875,5175
57.84,2495,31,32,26,19,21,0,0,0,0,3150,7575,5250,7350,5325,7500,5250,7875,5175
57.6,2500,28,31,26,19,21,0,0,704.5,0,3150,7575,5250,7350,5325,7500,5250,7875,5250
57.21,2505,28,31,26,19,21,0,0,0,0,3150,7575,5250,7350,5325,7500,5250,7875,5250
70.38,2510,31,32,26,19,21,0,0,0,0,3150,7575,5250,7350,5400,7575,5250,7875,5250
57.69,2515,27,31,26,19,21,0,0,0,0,3150,7575,5250,7350,5325,7575,5250,7950,5250
57.21,2520,27,31,26,19,21,0,0,0,0,3150,7575,5250,7350,5325,7500,5250,7875,5250
57.72,2525,31,32,26,19,21,0,0,0,0,3150,7575,5250,7350,5325,7500,5250,7875,5175
69.87,2530,27,31,26,19,21,0,0,1262.5,0,3150,7575,5250,7350,5325,7500,5250,7875,5250
57.21,2535,27,31,26,19,21,0,0,0,0,3150,7575,5175,7350,5325,7500,5250,7875,5250
56.79,2540,28,34,26,19,21,0,0,0,0,3150,7575,5250,7350,5325,7500,5250,7875,5175
55.8,2545,27,31,26,19,21,0,0,0,0,3150,7575,5250,7350,5325,7500,5325,7875,5250
71.04,2550,27,31,26,19,21,0,0,0,0,3150,7575,5250,7350,5325,7500,5250,7875,5250
56.19,2555,28,35,26,19,21,0,0,0,0,3150,7500,5250,7350,5325,7500,5250,7875,5250
56.1,2560,27,31,26,19,21,0,0,1263.5,0,3150,7575,5175,7350,5325,7500,5250,7875,5250
56.34,2565,27,31,26,19,21,0,0,0,0,3150,7575,5250,7350,5325,7500,5325,7875,5250
71.16,2570,28,34,26,19,21,0,0,0,0,3150,7575,5250,7350,5325,7425,5250,7875,5250
56.25,2575,27,31,26,19,21,0,0,0,0,3150,7500,5250,7350,5325,7500,5250,7875,5250
56.64,2580,0,0,0,0,0,0,0,0,0,0,0,0,0,0,0,0,0,0
63.21,2585,0,0,0,0,0,0,0,0,0,0,0,0,0,0,0,0,0,0
60.6,2590,0,0,0,0,0,0,0,664,0,0,0,0,0,0,0,0,0,0
56.7,2595,0,0,0,0,0,0,0,0,0,0,0,0,0,0,0,0,0,0
56.7,2600,0,0,0,0,0,0,0,0,0,0,0,0,0,0,0,0,0,0
68.07,2605,0,0,0,0,0,0,0,0,0,0,0,0,0,0,0,0,0,0
56.79,2610,0,0,0,0,0,0,0,0,0,0,0,0,0,0,0,0,0,0
56.58,2615,0,0,0,0,0,0,0,0,0,0,0,0,0,0,0,0,0,0
57.12,2620,0,0,0,0,0,0,0,661,0,0,0,0,0,0,0,0,0,0
70.68,2625,0,0,0,0,0,0,0,0,0,0,0,0,0,0,0,0,0,0
56.85,2630,0,0,0,0,0,0,0,0,0,0,0,0,0,0,0,0,0,0
56.04,2635,0,0,0,0,0,0,0,0,0,0,0,0,0,0,0,0,0,0
56.55,2640,0,0,0,0,0,0,0,0,0,0,0,0,0,0,0,0,0,0
70.44,2645,0,0,0,0,0,0,0,0,0,0,0,0,0,0,0,0,0,0
56.37,2650,0,0,0,0,0,0,0,655,0,0,0,0,0,0,0,0,0,0
56.28,2655,0,0,0,0,0,0,0,0,0,0,0,0,0,0,0,0,0,0
56.67,2660,0,0,0,0,0,0,0,0,0,0,0,0,0,0,0,0,0,0
68.73,2665,0,0,0,0,0,0,0,0,0,0,0,0,0,0,0,0,0,0
56.73,2670,0,0,0,0,0,0,0,0,0,0,0,0,0,0,0,0,0,0
56.85,2675,0,0,0,0,0,0,0,0,0,0,0,0,0,0,0,0,0,0
56.04,2680,0,0,0,0,0,0,0,696,0,0,0,0,0,0,0,0,0,0
70.41,2685,0,0,0,0,0,0,0,0,0,0,0,0,0,0,0,0,0,0
56.28,2690,0,0,0,0,0,0,0,0,0,0,0,0,0,0,0,0,0,0
57.03,2695,0,0,0,0,0,0,0,0,0,0,0,0,0,0,0,0,0,0
56.55,2700,0,0,0,0,0,0,0,0,0,0,0,0,0,0,0,0,0,0
71.01,2705,0,0,0,0,0,0,0,0,0,0,0,0,0,0,0,0,0,0
56.31,2710,0,0,0,0,0,0,0,658.5,0,0,0,0,0,0,0,0,0,0
56.97,2715,0,0,0,0,0,0,0,0,0,0,0,0,0,0,0,0,0,0
56.64,2720,0,0,0,0,0,0,0,0,0,0,0,0,0,0,0,0,0,0
71.16,2725,0,0,0,0,0,0,0,0,0,0,0,0,0,0,0,0,0,0
56.37,2730,0,0,0,0,0,0,0,0,0,0,0,0,0,0,0,0,0,0
56.97,2735,0,0,0,0,0,0,0,0,0,0,0,0,0,0,0,0,0,0
66.27,2740,0,0,0,0,0,0,0,788,0,0,0,0,0,0,0,0,0,0
56.73,2745,0,0,0,0,0,0,0,0,0,0,0,0,0,0,0,0,0,0
56.22,2750,0,0,0,0,0,0,0,0,0,0,0,0,0,0,0,0,0,0
56.22,2755,0,0,0,0,0,0,0,0,0,0,0,0,0,0,0,0,0,0
70.8,2760,0,0,0,0,0,0,0,0,0,0,0,0,0,0,0,0,0,0
56.19,2765,0,0,0,0,0,0,0,0,0,0,0,0,0,0,0,0,0,0
56.88,2770,0,0,0,0,0,0,0,700.5,0,0,0,0,0,0,0,0,0,0
56.7,2775,0,0,0,0,0,0,0,0,0,0,0,0,0,0,0,0,0,0
71.07,2780,0,0,0,0,0,0,0,0,0,0,0,0,0,0,0,0,0,0
56.52,2785,0,0,0,0,0,0,0,0,0,0,0,0,0,0,0,0,0,0
56.25,2790,0,0,0,0,0,0,0,0,0,0,0,0,0,0,0,0,0,0
56.43,2795,0,0,0,0,0,0,0,0,0,0,0,0,0,0,0,0,0,0
68.22,2800,0,0,0,0,0,0,0,666.5,0,0,0,0,0,0,0,0,0,0
56.22,2805,0,0,0,0,0,0,0,0,0,0,0,0,0,0,0,0,0,0
56.52,2810,0,0,0,0,0,0,0,0,0,0,0,0,0,0,0,0,0,0
56.67,2815,0,0,0,0,0,0,0,0,0,0,0,0,0,0,0,0,0,0
66.81,2820,0,0,0,0,0,0,0,0,0,0,0,0,0,0,0,0,0,0
56.28,2825,0,0,0,0,0,0,0,0,0,0,0,0,0,0,0,0,0,0
56.85,2830,0,0,0,0,0,0,0,1269.5,0,0,0,0,0,0,0,0,0,0
56.64,2835,0,0,0,0,0,0,0,0,0,0,0,0,0,0,0,0,0,0
62.76,2840,0,0,0,0,0,0,0,0,0,0,0,0,0,0,0,0,0,0
56.4,2845,0,0,0,0,0,0,0,0,0,0,0,0,0,0,0,0,0,0
56.25,2850,0,0,0,0,0,0,0,0,0,0,0,0,0,0,0,0,0,0
56.13,2855,0,0,0,0,0,0,0,0,0,0,0,0,0,0,0,0,0,0
70.2,2860,0,0,0,0,0,0,0,672.5,0,0,0,0,0,0,0,0,0,0
56.04,2865,0,0,0,0,0,0,0,0,0,0,0,0,0,0,0,0,0,0
56.76,2870,0,0,0,0,0,0,0,0,0,0,0,0,0,0,0,0,0,0
66.27,2875,0,0,0,0,0,0,0,0,0,0,0,0,0,0,0,0,0,0
56.46,2880,0,0,0,0,0,0,0,0,0,0,0,0,0,0,0,0,0,0
56.73,2885,0,0,0,0,0,0,0,0,0,0,0,0,0,0,0,0,0,0
56.55,2890,0,0,0,0,0,0,0,674,0,0,0,0,0,0,0,0,0,0
71.07,2895,0,0,0,0,0,0,0,0,0,0,0,0,0,0,0,0,0,0
56.22,2900,0,0,0,0,0,0,0,0,0,0,0,0,0,0,0,0,0,0
56.82,2905,0,0,0,0,0,0,0,0,0,0,0,0,0,0,0,0,0,0
56.49,2910,0,0,0,0,0,0,0,0,0,0,0,0,0,0,0,0,0,0
71.25,2915,0,0,0,0,0,0,0,0,0,0,0,0,0,0,0,0,0,0
56.22,2920,0,0,0,0,0,0,0,675.5,0,0,0,0,0,0,0,0,0,0
56.7,2925,0,0,0,0,0,0,0,0,0,0,0,0,0,0,0,0,0,0
56.43,2930,0,0,0,0,0,0,0,0,0,0,0,0,0,0,0,0,0,0
70.59,2935,0,0,0,0,0,0,0,0,0,0,0,0,0,0,0,0,0,0
56.4,2940,0,0,0,0,0,0,0,0,0,0,0,0,0,0,0,0,0,0
56.19,2945,0,0,0,0,0,0,0,0,0,0,0,0,0,0,0,0,0,0
56.91,2950,0,0,0,0,0,0,0,677.5,0,0,0,0,0,0,0,0,0,0
69.66,2955,0,0,0,0,0,0,0,0,0,0,0,0,0,0,0,0,0,0
56.25,2960,0,0,0,0,0,0,0,0,0,0,0,0,0,0,0,0,0,0
56.43,2965,0,0,0,0,0,0,0,0,0,0,0,0,0,0,0,0,0,0
56.52,2970,0,0,0,0,0,0,0,0,0,0,0,0,0,0,0,0,0,0
70.62,2975,0,0,0,0,0,0,0,0,0,0,0,0,0,0,0,0,0,0
56.94,2980,0,0,0,0,0,0,0,721,0,0,0,0,0,0,0,0,0,0
56.28,2985,0,0,0,0,0,0,0,0,0,0,0,0,0,0,0,0,0,0
57.15,2990,0,0,0,0,0,0,0,0,0,0,0,0,0,0,0,0,0,0
70.65,2995,0,0,0,0,0,0,0,0,0,0,0,0,0,0,0,0,0,0
57.21,3000,0,0,0,0,0,0,0,0,0,0,0,0,0,0,0,0,0,0
56.31,3005,0,0,0,0,0,0,0,0,0,0,0,0,0,0,0,0,0,0
71.25,3010,0,0,0,0,0,0,0,683.5,0,0,0,0,0,0,0,0,0,0
56.22,3015,0,0,0,0,0,0,0,0,0,0,0,0,0,0,0,0,0,0
56.43,3020,0,0,0,0,0,0,0,0,0,0,0,0,0,0,0,0,0,0
56.82,3025,0,0,0,0,0,0,0,0,0,0,0,0,0,0,0,0,0,0
58.32,3030,0,0,0,0,0,0,0,0,0,0,0,0,0,0,0,0,0,0
42.24,3035,0,0,0,0,0,0,0,0,0,0,0,0,0,0,0,0,0,0
42.27,3040,0,0,0,0,0,0,0,1226,0,0,0,0,0,0,0,0,0,0
42.36,3045,0,0,0,0,0,0,0,0,0,0,0,0,0,0,0,0,0,0
58.05,3050,0,0,0,0,0,0,0,0,0,0,0,0,0,0,0,0,0,0
42.12,3055,0,0,0,0,0,0,0,0,0,0,0,0,0,0,0,0,0,0
42.33,3060,0,0,0,0,0,0,0,0,0,0,0,0,0,0,0,0,0,0
42.3,3065,0,0,0,0,0,0,0,0,0,0,0,0,0,0,0,0,0,0
58.5,3070,0,0,0,0,0,0,0,730,0,0,0,0,0,0,0,0,0,0
42.24,3075,0,0,0,0,0,0,0,0,0,0,0,0,0,0,0,0,0,0
42.18,3080,0,0,0,0,0,0,0,0,0,0,0,0,0,0,0,0,0,0
42.12,3085,0,0,0,0,0,0,0,0,0,0,0,0,0,0,0,0,0,0
58.59,3090,0,0,0,0,0,0,0,0,0,0,0,0,0,0,0,0,0,0
42,3095,0,0,0,0,0,0,0,0,0,0,0,0,0,0,0,0,0,0
42.12,3100,0,0,0,0,0,0,0,1294.5,0,0,0,0,0,0,0,0,0,0
42.21,3105,0,0,0,0,0,0,0,0,0,0,0,0,0,0,0,0,0,0
57.99,3110,0,0,0,0,0,0,0,0,0,0,0,0,0,0,0,0,0,0
42.15,3115,0,0,0,0,0,0,0,0,0,0,0,0,0,0,0,0,0,0
42.12,3120,0,0,0,0,0,0,0,0,0,0,0,0,0,0,0,0,0,0
42.15,3125,0,0,0,0,0,0,0,0,0,0,0,0,0,0,0,0,0,0
58.38,3130,0,0,0,0,0,0,0,742.5,0,0,0,0,0,0,0,0,0,0
41.88,3135,0,0,0,0,0,0,0,0,0,0,0,0,0,0,0,0,0,0
41.82,3140,0,0,0,0,0,0,0,0,0,0,0,0,0,0,0,0,0,0
42.78,3145,0,0,0,0,0,0,0,0,0,0,0,0,0,0,0,0,0,0
58.26,3150,0,0,0,0,0,0,0,0,0,0,0,0,0,0,0,0,0,0
42.75,3155,0,0,0,0,0,0,0,0,0,0,0,0,0,0,0,0,0,0
43.86,3160,0,0,0,0,0,0,0,737.5,0,0,0,0,0,0,0,0,0,0
44.46,3165,0,0,0,0,0,0,0,0,0,0,0,0,0,0,0,0,0,0
60.15,3170,0,0,0,0,0,0,0,0,0,0,0,0,0,0,0,0,0,0
44.67,3175,0,0,0,0,0,0,0,0,0,0,0,0,0,0,0,0,0,0
44.28,3180,0,0,0,0,0,0,0,0,0,0,0,0,0,0,0,0,0,0
43.71,3185,0,0,0,0,0,0,0,0,0,0,0,0,0,0,0,0,0,0
59.34,3190,0,0,0,0,0,0,0,732,0,0,0,0,0,0,0,0,0,0
43.29,3195,0,0,0,0,0,0,0,0,0,0,0,0,0,0,0,0,0,0
42.51,3200,0,0,0,0,0,0,0,0,0,0,0,0,0,0,0,0,0,0
42.21,3205,0,0,0,0,0,0,0,0,0,0,0,0,0,0,0,0,0,0
60,3210,0,0,0,0,0,0,0,0,0,0,0,0,0,0,0,0,0,0
42.15,3215,0,0,0,0,0,0,0,0,0,0,0,0,0,0,0,0,0,0
42.21,3220,0,0,0,0,0,0,0,1292.5,0,0,0,0,0,0,0,0,0,0
42.09,3225,0,0,0,0,0,0,0,0,0,0,0,0,0,0,0,0,0,0
59.7,3230,0,0,0,0,0,0,0,0,0,0,0,0,0,0,0,0,0,0
41.97,3235,0,0,0,0,0,0,0,0,0,0,0,0,0,0,0,0,0,0
42.12,3240,0,0,0,0,0,0,0,0,0,0,0,0,0,0,0,0,0,0
42.09,3245,0,0,0,0,0,0,0,0,0,0,0,0,0,0,0,0,0,0
57.9,3250,0,0,0,0,0,0,0,735,0,0,0,0,0,0,0,0,0,0
42.15,3255,0,0,0,0,0,0,0,0,0,0,0,0,0,0,0,0,0,0
42.06,3260,0,0,0,0,0,0,0,0,0,0,0,0,0,0,0,0,0,0
42.12,3265,0,0,0,0,0,0,0,0,0,0,0,0,0,0,0,0,0,0
58.32,3270,0,0,0,0,0,0,0,0,0,0,0,0,0,0,0,0,0,0
42.24,3275,0,0,0,0,0,0,0,0,0,0,0,0,0,0,0,0,0,0
42.15,3280,0,0,0,0,0,0,0,869.5,0,0,0,0,0,0,0,0,0,0
42.12,3285,0,0,0,0,0,0,0,0,0,0,0,0,0,0,0,0,0,0
58.44,3290,0,0,0,0,0,0,0,0,0,0,0,0,0,0,0,0,0,0
42.03,3295,0,0,0,0,0,0,0,0,0,0,0,0,0,0,0,0,0,0
42,3300,0,0,0,0,0,0,0,0,0,0,0,0,0,0,0,0,0,0
42.15,3305,0,0,0,0,0,0,0,0,0,0,0,0,0,0,0,0,0,0
58.11,3310,0,0,0,0,0,0,0,699,0,0,0,0,0,0,0,0,0,0
41.97,3315,0,0,0,0,0,0,0,0,0,0,0,0,0,0,0,0,0,0
42.03,3320,0,0,0,0,0,0,0,0,0,0,0,0,0,0,0,0,0,0
42.18,3325,0,0,0,0,0,0,0,0,0,0,0,0,0,0,0,0,0,0
58.44,3330,0,0,0,0,0,0,0,0,0,0,0,0,0,0,0,0,0,0
42,3335,0,0,0,0,0,0,0,0,0,0,0,0,0,0,0,0,0,0
42.15,3340,0,0,0,0,0,0,0,747.5,0,0,0,0,0,0,0,0,0,0
42.06,3345,0,0,0,0,0,0,0,0,0,0,0,0,0,0,0,0,0,0
58.08,3350,0,0,0,0,0,0,0,0,0,0,0,0,0,0,0,0,0,0
42.09,3355,0,0,0,0,0,0,0,0,0,0,0,0,0,0,0,0,0,0
42.15,3360,0,0,0,0,0,0,0,0,0,0,0,0,0,0,0,0,0,0
42.3,3365,0,0,0,0,0,0,0,0,0,0,0,0,0,0,0,0,0,0
58.26,3370,0,0,0,0,0,0,0,1305.5,0,0,0,0,0,0,0,0,0,0
42.06,3375,0,0,0,0,0,0,0,0,0,0,0,0,0,0,0,0,0,0
42.15,3380,0,0,0,0,0,0,0,0,0,0,0,0,0,0,0,0,0,0
42.18,3385,0,0,0,0,0,0,0,0,0,0,0,0,0,0,0,0,0,0
57.81,3390,0,0,0,0,0,0,0,0,0,0,0,0,0,0,0,0,0,0
42.15,3395,0,0,0,0,0,0,0,0,0,0,0,0,0,0,0,0,0,0
42.12,3400,0,0,0,0,0,0,0,752,0,0,0,0,0,0,0,0,0,0
45.69,3405,0,0,0,0,0,0,0,0,0,0,0,0,0,0,0,0,0,0
53.28,3410,0,0,0,0,0,0,0,0,0,0,0,0,0,0,0,0,0,0
42.12,3415,0,0,0,0,0,0,0,0,0,0,0,0,0,0,0,0,0,0
42.03,3420,0,0,0,0,0,0,0,0,0,0,0,0,0,0,0,0,0,0
59.64,3425,0,0,0,0,0,0,0,0,0,0,0,0,0,0,0,0,0,0
42.06,3430,0,0,0,0,0,0,0,1313.5,0,0,0,0,0,0,0,0,0,0
42.12,3435,0,0,0,0,0,0,0,0,0,0,0,0,0,0,0,0,0,0
42.15,3440,0,0,0,0,0,0,0,0,0,0,0,0,0,0,0,0,0,0
59.37,3445,0,0,0,0,0,0,0,0,0,0,0,0,0,0,0,0,0,0
42.3,3450,0,0,0,0,0,0,0,0,0,0,0,0,0,0,0,0,0,0
42.09,3455,0,0,0,0,0,0,0,0,0,0,0,0,0,0,0,0,0,0
42.12,3460,0,0,0,0,0,0,0,833.5,0,0,0,0,0,0,0,0,0,0
60.27,3465,0,0,0,0,0,0,0,0,0,0,0,0,0,0,0,0,0,0
42.21,3470,0,0,0,0,0,0,0,0,0,0,0,0,0,0,0,0,0,0
42.15,3475,0,0,0,0,0,0,0,0,0,0,0,0,0,0,0,0,0,0
42.21,3480,0,0,0,0,0,0,0,0,0,0,0,0,0,0,0,0,0,0
59.88,3485,0,0,0,0,0,0,0,0,0,0,0,0,0,0,0,0,0,0
42.3,3490,0,0,0,0,0,0,0,700,0,0,0,0,0,0,0,0,0,0
42.15,3495,0,0,0,0,0,0,0,0,0,0,0,0,0,0,0,0,0,0
42.15,3500,0,0,0,0,0,0,0,0,0,0,0,0,0,0,0,0,0,0
60.06,3505,0,0,0,0,0,0,0,0,0,0,0,0,0,0,0,0,0,0
42.18,3510,0,0,0,0,0,0,0,0,0,0,0,0,0,0,0,0,0,0
42.15,3515,0,0,0,0,0,0,0,0,0,0,0,0,0,0,0,0,0,0
42.12,3520,0,0,0,0,0,0,0,702,0,0,0,0,0,0,0,0,0,0
57.96,3525,0,0,0,0,0,0,0,0,0,0,0,0,0,0,0,0,0,0
42.36,3530,0,0,0,0,0,0,0,0,0,0,0,0,0,0,0,0,0,0
42.12,3535,0,0,0,0,0,0,0,0,0,0,0,0,0,0,0,0,0,0
42.21,3540,0,0,0,0,0,0,0,0,0,0,0,0,0,0,0,0,0,0
58.14,3545,0,0,0,0,0,0,0,0,0,0,0,0,0,0,0,0,0,0
42.12,3550,0,0,0,0,0,0,0,703,0,0,0,0,0,0,0,0,0,0
42.03,3555,0,0,0,0,0,0,0,0,0,0,0,0,0,0,0,0,0,0
41.94,3560,0,0,0,0,0,0,0,0,0,0,0,0,0,0,0,0,0,0
58.08,3565,0,0,0,0,0,0,0,0,0,0,0,0,0,0,0,0,0,0
42.15,3570,0,0,0,0,0,0,0,0,0,0,0,0,0,0,0,0,0,0
42.06,3575,0,0,0,0,0,0,0,0,0,0,0,0,0,0,0,0,0,0
42.12,3580,0,0,0,0,0,0,0,744,0,0,0,0,0,0,0,0,0,0
57.93,3585,0,0,0,0,0,0,0,0,0,0,0,0,0,0,0,0,0,0
42.12,3590,0,0,0,0,0,0,0,0,0,0,0,0,0,0,0,0,0,0
42.09,3595,0,0,0,0,0,0,0,0,0,0,0,0,0,0,0,0,0,0
42.06,3600,0,0,0,0,0,0,0,0,0,0,0,0,0,0,0,0,0,0
57.9,3605,0,0,0,0,0,0,0,0,0,0,0,0,0,0,0,0,0,0
42.3,3610,0,0,0,0,0,0,0,750.5,0,0,0,0,0,0,0,0,0,0
42.03,3615,0,0,0,0,0,0,0,0,0,0,0,0,0,0,0,0,0,0
42.03,3620,0,0,0,0,0,0,0,0,0,0,0,0,0,0,0,0,0,0
57.9,3625,0,0,0,0,0,0,0,0,0,0,0,0,0,0,0,0,0,0
42.03,3630,0,0,0,0,0,0,0,0,0,0,0,0,0,0,0,0,0,0
42.3,3635,0,0,0,0,0,0,0,0,0,0,0,0,0,0,0,0,0,0
