63.9,0,26,28,24,17,19,11.589,0.29575,54.5,0,3150,7575,5250,7575,5325,7575,5250,7875,5250
44.73,5,28,31,24,17,19,0,0,197,0,3150,7575,5250,7575,5325,7575,5250,7950,5250
44.88,6,0,0,0,0,0,0.48865,1.5698,0,0,0,0,0,0,0,0,0,0,0
43.83,10,25,28,24,17,19,6.7903,0.17468,0,0,3225,7500,5250,7500,5325,7500,5250,7875,5250
58.86,15,26,28,24,17,19,0,0,0,0,3150,7575,5250,7500,5325,7500,5325,7875,5250
43.11,16,0,0,0,0,0,0.71506,3.5894,0,0,0,0,0,0,0,0,0,0,0
42.36,20,28,32,24,17,19,9.6019,0.74276,0,0,3150,7575,5250,7575,5400,7575,5250,7950,5250
42,25,26,29,24,18,19,0,0,0,0,3150,7575,5250,7575,5400,7575,5325,7875,5250
57.48,26,0,0,0,0,0,0.99296,1.7515,0,0,0,0,0,0,0,0,0,0,0
42,30,26,29,24,18,19,8.0023,0.47109,0,0,3225,7500,5250,7500,5325,7500,5250,7875,5250
41.85,35,30,31,24,18,19,0,0,139,0,3150,7575,5250,7575,5400,7575,5325,7875,5250
41.88,36,0,0,0,0,0,0.10393,3.0701,0,0,0,0,0,0,0,0,0,0,0
57.75,40,26,29,24,18,19,9.1542,0.26045,0,0,3225,7575,5250,7575,5325,7575,5325,7950,5250
42,45,26,29,24,18,19,0,0,0,0,3150,7500,5250,7500,5400,7500,5325,7950,5250
41.88,46,0,0,0,0,0,0.91691,1.1694,0,0,0,0,0,0,0,0,0,0,0
42.03,50,30,31,24,18,19,8.6269,0.39341,0,0,3225,7575,5250,7575,5325,7575,5325,7950,5250
57.75,55,26,29,24,18,19,0,0,0,0,3150,7500,5250,7500,5400,7500,5250,7950,5250
42.18,56,0,0,0,0,0,1.4067,3.0911,0,0,0,0,0,0,0,0,0,0,0
42,60,26,29,24,18,19,9.3774,0.83437,0,0,3150,7575,5250,7575,5400,7575,5250,7950,5250
42.06,65,30,31,24,18,20,0,0,151.5,0,3150,7500,5250,7500,5400,7575,5250,7950,5250
57.75,66,0,0,0,0,0,0.40042,1.2345,0,0,0,0,0,0,0,0,0,0,0
41.94,70,27,29,24,18,20,7.638,0.21718,0,0,3150,7575,5250,7575,5400,7575,5250,7950,5250
42.18,75,27,29,24,18,20,0,0,0,0,3150,7500,5250,7500,5325,7500,5250,7875,5250
41.97,76,0,0,0,0,0,0.67035,2.7654,0,0,0,0,0,0,0,0,0,0,0
57.93,80,31,30,24,18,20,9.6722,0.91214,0,0,3150,7575,5250,7575,5325,7575,5325,7950,5250
42.3,85,26,29,24,18,20,0,0,0,0,3225,7575,5250,7575,5325,7575,5250,7950,5250
42.09,86,0,0,0,0,0,1.0631,1.2216,0,0,0,0,0,0,0,0,0,0,0
42.03,90,27,29,24,18,20,11.59,0.41433,0,0,3150,7575,5250,7575,5400,7575,5250,7950,5250
57.75,95,30,31,24,18,20,0,0,164.5,0,3225,7500,5250,7500,5400,7500,5250,7950,5250
42.12,96,0,0,0,0,0,0.10202,2.1723,0,0,0,0,0,0,0,0,0,0,0
42.06,100,27,29,24,18,20,9.0067,0.22226,0,0,3150,7500,5250,7500,5400,7500,5325,7875,5250
42.09,105,27,29,24,18,20,0,0,0,0,3150,7500,5250,7500,5400,7500,5325,7950,5250
57.93,106,0,0,0,0,0,0.95058,2.965,0,0,0,0,0,0,0,0,0,0,0
42.15,110,30,31,24,18,20,12.883,0.22171,0,0,3225,7575,5325,7575,5400,7575,5325,7875,5325
42.09,115,26,29,24,18,20,0,0,0,0,3150,7575,5250,7575,5325,7575,5250,7950,5250
42,116,0,0,0,0,0,1.483,2.7684,0,0,0,0,0,0,0,0,0,0,0
58.2,120,27,29,24,18,20,9.3284,0.32217,0,0,3150,7500,5250,7500,5325,7500,5250,7875,5250
42.03,125,29,32,24,18,20,0,0,178.5,0,3150,7500,5250,7500,5400,7500,5250,7950,5250
42.18,126,0,0,0,0,0,0.41191,3.2572,0,0,0,0,0,0,0,0,0,0,0
42.03,130,27,29,24,18,20,11.838,0.12026,0,0,3150,7575,5250,7575,5400,7575,5250,7875,5250
58.14,135,27,29,24,18,20,0,0,0,0,3225,7575,5250,7575,5400,7575,5250,7950,5250
42.39,136,0,0,0,0,0,1.3346,2.0475,0,0,0,0,0,0,0,0,0,0,0
42.03,140,29,32,24,18,20,9.5724,0.67114,0,0,3150,7575,5325,7575,5325,7575,5325,7950,5250
41.97,145,27,29,24,18,20,0,0,0,0,3225,7500,5250,7500,5400,7500,5250,7950,5250
57.84,146,0,0,0,0,0,1.9861,3.5557,0,0,0,0,0,0,0,0,0,0,0
42.06,150,27,29,24,18,20,8.8953,0.31344,0,0,3225,7500,5250,7500,5325,7500,5325,7950,5250
42.06,155,28,32,24,18,20,0,0,192,0,3150,7500,5250,7500,5400,7500,5250,7875,5250
42,156,0,0,0,0,0,0.28448,2.0359,0,0,0,0,0,0,0,0,0,0,0
57.57,160,27,29,24,18,20,9.0697,0.29369,0,0,3225,7500,5250,7500,5325,7500,5250,7875,5250
42.09,165,27,29,24,18,20,0,0,0,0,3150,7500,5250,7500,5325,7575,5250,7950,5175
41.94,166,0,0,0,0,0,0.93216,2.105,0,0,0,0,0,0,0,0,0,0,0
42,170,31,31,24,18,20,8.9092,0.065235,0,0,3225,7575,5250,7575,5325,7575,5250,7950,5250
57.78,175,27,29,24,18,20,0,0,0,0,3150,7575,5250,7575,5400,7575,5250,7950,5250
41.91,176,0,0,0,0,0,0.68138,2.3717,0,0,0,0,0,0,0,0,0,0,0
41.91,180,27,29,24,18,20,9.2177,0.38975,0,0,3150,7575,5250,7575,5325,7575,5250,7875,5250
42,185,30,31,24,18,20,0,0,204,0,3225,7575,5250,7575,5400,7575,5325,7950,5250
57.78,186,0,0,0,0,0,0.40967,1.8638,0,0,0,0,0,0,0,0,0,0,0
42.03,190,27,29,24,18,20,11.261,0.27982,0,0,3225,7500,5250,7500,5400,7500,5250,7875,5250
41.97,195,27,29,24,18,20,0,0,0,0,3150,7500,5250,7500,5325,7500,5250,7875,5250
41.97,196,0,0,0,0,0,0.73949,2.3489,0,0,0,0,0,0,0,0,0,0,0
61.65,200,30,30,24,18,20,9.6827,0.50301,0,0,3150,7575,5250,7575,5325,7500,5250,7875,5250
41.73,205,27,29,24,18,20,0,0,0,0,3225,7575,5250,7575,5325,7500,5250,7950,5250
57.93,206,0,0,0,0,0,1.0091,4.3069,0,0,0,0,0,0,0,0,0,0,0
57.03,210,27,29,24,18,20,12.007,0.4272,0,0,3225,7500,5250,7500,5325,7500,5250,7875,5250
70.44,215,30,31,24,18,20,0,0,217,0,3150,7575,5250,7575,5325,7575,5325,7950,5250
58.11,216,0,0,0,0,0,0.15232,2.1332,0,0,0,0,0,0,0,0,0,0,0
60.51,220,27,29,24,18,20,9.2054,0.20694,0,0,3225,7500,5250,7500,5325,7575,5250,7950,5250
69.6,225,27,29,24,18,20,0,0,0,0,3225,7500,5250,7500,5400,7500,5250,7950,5250
58.47,226,0,0,0,0,0,1.0149,4.3815,0,0,0,0,0,0,0,0,0,0,0
56.52,230,29,34,24,18,20,8.3822,0.24566,0,0,3150,7575,5325,7575,5325,7575,5250,7950,5325
59.07,235,28,30,24,18,20,0,0,0,0,3150,7500,5250,7500,5325,7500,5325,7950,5250
71.43,236,0,0,0,0,0,1.4206,2.2901,0,0,0,0,0,0,0,0,0,0,0
57.93,240,28,36,24,18,20,9.4584,0.36607,0,0,3150,7500,5250,7500,5325,7500,5250,7875,5250
56.76,245,30,37,24,18,20,0,0,230,0,3150,7500,5250,7500,5325,7500,5325,7950,5250
57.51,246,0,0,0,0,0,0.41554,1.7826,0,0,0,0,0,0,0,0,0,0,0
70.98,250,30,36,24,18,20,6.9323,0.2353,0,0,3150,7500,5250,7500,5325,7500,5250,7950,5250
60,255,30,38,24,18,21,0,0,0,0,3225,7500,5250,7500,5400,7500,5325,7875,5250
58.86,256,0,0,0,0,0,0.67575,2.4849,0,0,0,0,0,0,0,0,0,0,0
59.07,260,30,38,24,18,21,9.7307,0.69315,0,0,3150,7500,5250,7500,5325,7500,5250,7950,5250
69.3,265,32,34,24,18,21,0,0,0,0,3225,7500,5250,7500,5325,7500,5250,7950,5250
56.82,266,0,0,0,0,0,1.0072,4.8273,0,0,0,0,0,0,0,0,0,0,0
58.83,270,33,37,24,19,21,7.6904,0.38488,0,0,3150,7575,5250,7575,5325,7575,5250,7950,5250
42,275,30,38,24,19,21,0,0,742.5,0,3150,7500,5325,7500,5325,7500,5325,7950,5325
68.01,276,0,0,0,0,0,0.10917,2.2841,0,0,0,0,0,0,0,0,0,0,0
58.47,280,34,34,25,19,21,9.0289,0.28076,0,0,3150,7575,5250,7575,5325,7575,5325,7950,5325
58.35,285,34,38,25,19,21,0,0,0,0,3225,7500,5250,7575,5325,7575,5250,7875,5250
41.91,286,0,0,0,0,0,0.98089,5.1229,0,0,0,0,0,0,0,0,0,0,0
73.02,290,30,38,25,19,21,7.5384,0.37304,0,0,3150,7575,5250,7575,5325,7575,5325,7950,5250
60.69,295,34,34,25,19,21,0,0,0,0,3150,7500,5250,7575,5400,7575,5325,7950,5250
60.93,296,0,0,0,0,0,0.70164,2.421,0,0,0,0,0,0,0,0,0,0,0
68.76,300,34,37,25,19,21,41.358,1.2304,0,0,3150,7575,5250,7575,5325,7575,5250,7950,5250
61.65,305,30,39,25,19,21,0,0,318,0,3225,7500,5250,7500,5325,7500,5325,7950,5250
60.9,306,0,0,0,0,0,9.0182,5.3564,0,0,0,0,0,0,0,0,0,0,0
60.93,310,34,35,25,19,21,72.398,12.2,0,0,3150,7500,5250,7500,5325,7500,5250,7875,5250
72.63,315,32,38,25,19,21,0,0,0,0,3150,7575,5250,7575,5325,7575,5325,7950,5250
61.5,316,0,0,0,0,0,16.493,10.346,0,0,0,0,0,0,0,0,0,0,0
61.77,320,32,38,25,19,21,44.843,9.9021,0,0,3225,7575,5250,7575,5400,7575,5325,7950,5250
61.8,325,29,34,25,19,21,0,0,0,0,3150,7575,5250,7575,5400,7575,5250,7875,5250
72.69,326,0,0,0,0,0,295.07,36.843,0,0,0,0,0,0,0,0,0,0,0
61.23,330,36,37,25,19,21,108.8,20.717,0,0,3150,7575,5250,7575,5325,7575,5325,7950,5250
61.02,335,37,34,25,19,21,0,0,556,0,3150,7500,5250,7500,5325,7500,5250,7950,5250
61.29,336,0,0,0,0,0,66.65,27.552,0,0,0,0,0,0,0,0,0,0,0
72.69,340,35,39,25,19,21,119.2,67.736,0,0,3225,7575,5250,7500,5325,7500,5250,7950,5250
61.32,345,34,39,25,19,21,0,0,0,0,3150,7500,5250,7500,5325,7500,5250,7950,5250
61.17,346,0,0,0,0,0,118.74,60.847,0,0,0,0,0,0,0,0,0,0,0
61.29,350,35,36,25,19,21,273.81,50.746,0,0,3150,7575,5250,7575,5325,7575,5250,7950,5250
72.66,355,37,39,26,19,21,0,0,0,0,3225,7575,5250,7575,5400,7575,5250,7950,5250
61.26,356,0,0,0,0,0,19.18,29.354,0,0,0,0,0,0,0,0,0,0,0
61.08,360,33,40,26,19,21,30.874,11.34,1536,0,3225,7575,5250,7575,5325,7575,5250,7950,5250
68.22,365,33,40,26,19,21,0,0,386,0,3150,7500,5250,7500,5400,7500,5325,7950,5250
61.38,366,0,0,0,0,0,31.846,7.562,0,0,0,0,0,0,0,0,0,0,0
60.87,370,36,39,26,19,21,94.941,4.8978,0,0,3150,7500,5250,7500,5400,7500,5250,7950,5250
61.5,375,33,41,26,19,22,0,0,0,0,3150,7575,5250,7575,5400,7575,5250,7950,5250
73.14,376,0,0,0,0,0,73.028,23.173,0,0,0,0,0,0,0,0,0,0,0
61.02,380,36,36,26,19,22,48.926,41.646,0,0,3150,7500,5250,7500,5400,7500,5325,7950,5250
61.41,385,37,39,26,19,21,0,0,0,0,3150,7575,5250,7575,5325,7575,5250,7950,5250
60.78,386,0,0,0,0,0,88.526,18.271,0,0,0,0,0,0,0,0,0,0,0
72.78,390,33,40,26,19,21,188.85,22.185,0,0,3150,7500,5250,7500,5400,7500,5250,7950,5250
61.53,395,34,40,26,19,22,0,0,358.5,0,3150,7575,5250,7575,5325,7575,5325,7950,5250
61.62,396,0,0,0,0,0,124.16,42.309,0,0,0,0,0,0,0,0,0,0,0
61.53,400,36,41,26,19,22,42.806,48.108,0,0,3150,7500,5250,7575,5325,7575,5325,7875,5250
68.55,405,33,41,26,19,22,0,0,0,0,3150,7500,5250,7500,5325,7500,5250,7950,5250
60.9,406,0,0,0,0,0,18.287,1.5919,0,0,0,0,0,0,0,0,0,0,0
61.17,410,36,38,26,19,22,17.59,0.34798,904,0,3150,7575,5250,7500,5325,7575,5325,7950,5250
61.14,415,36,37,26,19,22,0,0,0,0,3150,7500,5250,7500,5325,7500,5250,7950,5250
72.84,416,0,0,0,0,0,78.705,9.3107,0,0,0,0,0,0,0,0,0,0,0
61.29,420,36,37,26,19,22,65.999,35.653,0,0,3150,7575,5250,7575,5325,7575,5250,7875,5250
42.12,425,37,41,27,19,22,0,0,2987.5,0,3150,7575,5250,7575,5325,7575,5250,7875,5250
41.73,426,0,0,0,0,0,50.203,0.83737,0,0,0,0,0,0,0,0,0,0,0
70.2,430,37,36,27,19,22,283.27,19.887,520,0,3150,7575,5325,7575,5400,7575,5250,7950,5325
57.45,435,34,40,27,19,22,0,0,0,0,3225,7500,5250,7500,5325,7500,5250,7875,5250
56.28,436,0,0,0,0,0,137.09,51.097,0,0,0,0,0,0,0,0,0,0,0
62.94,440,36,39,27,19,21,271.65,101.07,0,0,3150,7575,5250,7575,5325,7575,5325,7875,5250
59.61,445,35,38,27,19,21,0,0,0,0,3225,7575,5250,7575,5400,7575,5250,7950,5250
58.71,446,0,0,0,0,0,270.94,0.98708,0,0,0,0,0,0,0,0,0,0,0
57.78,450,34,40,27,19,21,273.12,48.487,0,0,3225,7575,5250,7500,5400,7575,5250,7950,5250
72.33,455,36,39,27,19,22,0,0,964.5,0,3150,7575,5250,7575,5325,7575,5250,7950,5250
59.94,456,0,0,0,0,0,137.11,47.925,0,0,0,0,0,0,0,0,0,0,0
58.08,460,37,36,27,19,22,269.64,90.449,0,0,3150,7500,5250,7500,5400,7500,5325,7950,5250
57.99,465,35,40,27,19,21,0,0,0,0,3150,7500,5325,7500,5400,7500,5250,7950,5250
71.61,466,0,0,0,0,0,135.54,48.492,0,0,0,0,0,0,0,0,0,0,0
60.42,470,35,40,27,19,22,408.24,30.917,0,0,3225,7575,5250,7575,5325,7575,5250,7875,5250
56.91,475,35,38,27,19,22,0,0,0,0,3225,7500,5250,7500,5400,7500,5250,7950,5250
57.87,476,0,0,0,0,0,277.58,47.686,0,0,0,0,0,0,0,0,0,0,0
71.52,480,31,35,27,19,21,269.53,100.66,0,0,3150,7575,5250,7575,5325,7575,5250,7950,5325
58.38,485,35,35,27,19,21,0,0,331.5,0,3150,7575,5250,7575,5325,7575,5250,7950,5250
59.4,486,0,0,0,0,0,135.23,0.24616,0,0,0,0,0,0,0,0,0,0,0
41.91,490,30,38,27,19,21,406.63,33.203,0,0,3150,7500,5250,7500,5325,7500,5250,7875,5250
71.22,495,36,37,27,19,21,0,0,0,0,3225,7575,5250,7575,5325,7575,5250,7950,5250
62.25,496,0,0,0,0,0,139.54,47.579,0,0,0,0,0,0,0,0,0,0,0
60.99,500,34,35,27,19,21,270.8,100.28,0,0,3150,7500,5250,7500,5400,7500,5325,7875,5250
61.05,505,31,38,27,19,21,0,0,0,0,3150,7575,5250,7575,5400,7575,5325,7950,5250
72.42,506,0,0,0,0,0,137.81,49.117,0,0,0,0,0,0,0,0,0,0,0
61.8,510,35,37,27,19,21,540.46,53.099,0,0,3225,7500,5250,7500,5400,7500,5250,7875,5250
61.83,515,31,39,27,19,21,0,0,344.5,0,3150,7575,5250,7500,5400,7500,5325,7950,5250
71.49,516,0,0,0,0,0,137.87,47.489,0,0,0,0,0,0,0,0,0,0,0
61.29,520,31,39,27,19,21,269.23,96.847,0,0,3225,7575,5250,7575,5400,7575,5250,7950,5250
61.47,525,35,37,27,19,21,0,0,0,0,3225,7500,5250,7500,5400,7500,5250,7950,5250
62.79,526,0,0,0,0,0,137.36,47.557,0,0,0,0,0,0,0,0,0,0,0
72.39,530,33,37,27,19,21,406.29,54.126,0,0,3150,7575,5250,7575,5325,7575,5325,7875,5250
61.38,535,31,38,27,19,21,0,0,0,0,3150,7500,5250,7575,5400,7575,5325,7950,5250
61.17,536,0,0,0,0,0,270.55,47.405,0,0,0,0,0,0,0,0,0,0,0
62.04,540,34,39,27,19,21,269.68,100.09,0,0,3150,7575,5250,7575,5400,7575,5325,7950,5250
71.91,545,34,39,27,19,21,0,0,358.5,0,3225,7575,5250,7575,5325,7575,5250,7950,5250
61.41,546,0,0,0,0,0,276.08,48.326,0,0,0,0,0,0,0,0,0,0,0
61.74,550,35,35,27,19,22,404.47,53.781,0,0,3150,7575,5250,7575,5400,7575,5250,7875,5325
62.64,555,35,40,27,19,21,0,0,0,0,3150,7575,5325,7575,5400,7575,5250,7950,5325
73.62,556,0,0,0,0,0,274.07,49.069,0,0,0,0,0,0,0,0,0,0,0
61.17,560,36,36,27,19,21,270.22,86.373,0,0,3150,7575,5250,7575,5325,7575,5250,7950,5250
61.17,565,36,37,27,19,21,0,0,0,0,3225,7500,5250,7575,5400,7575,5325,7950,5250
69.06,566,0,0,0,0,0,273.97,49.088,0,0,0,0,0,0,0,0,0,0,0
59.79,570,35,40,27,19,21,272,51.215,0,0,3225,7575,5250,7500,5400,7500,5250,7950,5250
61.32,575,36,36,27,19,21,0,0,494.5,0,3150,7500,5250,7500,5325,7500,5250,7950,5250
61.65,576,0,0,0,0,0,135.79,47.55,0,0,0,0,0,0,0,0,0,0,0
72.36,580,39,39,27,19,21,270.12,100.88,0,0,3150,7575,5250,7575,5400,7575,5250,7950,5250
61.92,585,36,39,27,19,21,0,0,0,0,3150,7575,5250,7575,5325,7575,5250,7950,5250
61.86,586,0,0,0,0,0,278,28.505,0,0,0,0,0,0,0,0,0,0,0
62.16,590,37,35,27,19,21,545.58,32.821,0,0,3225,7575,5325,7575,5325,7575,5325,7950,5325
72.51,595,38,38,27,19,21,0,0,0,0,3150,7575,5250,7575,5325,7575,5250,7950,5250
61.8,596,0,0,0,0,0,270.98,48.292,0,0,0,0,0,0,0,0,0,0,0
62.1,600,36,35,27,19,21,269.77,101.54,0,0,3150,7575,5250,7575,5325,7575,5325,7875,5250
61.53,605,36,38,27,19,21,0,0,414.5,0,3150,7575,5250,7575,5325,7575,5250,7950,5250
66.27,606,0,0,0,0,0,270.9,50.494,0,0,0,0,0,0,0,0,0,0,0
62.04,610,38,37,27,19,21,405.34,49.886,0,0,3225,7575,5250,7575,5325,7575,5250,7950,5250
61.11,615,36,37,27,19,21,0,0,0,0,3225,7575,5250,7575,5400,7575,5250,7950,5250
61.26,616,0,0,0,0,0,270.56,47.398,0,0,0,0,0,0,0,0,0,0,0
71.94,620,35,39,27,19,21,270.36,101.74,0,0,3150,7500,5250,7500,5325,7500,5250,7950,5250
61.5,625,35,41,27,19,21,0,0,0,0,3225,7575,5250,7575,5325,7575,5250,7950,5250
61.17,626,0,0,0,0,0,273.89,48.799,0,0,0,0,0,0,0,0,0,0,0
64.35,630,37,36,27,19,21,278.9,0.42825,0,0,3225,7575,5325,7575,5400,7575,5325,7950,5325
65.61,635,38,40,28,19,21,0,0,495.5,0,3150,7575,5250,7575,5325,7575,5250,7950,5250
61.95,636,0,0,0,0,0,0.39487,0.0582,0,0,0,0,0,0,0,0,0,0,0
61.56,640,38,35,28,19,21,1.4786,12.095,0,0,3150,7575,5250,7575,5325,7575,5250,7950,5250
71.88,645,37,35,28,19,21,0,0,0,0,3225,7575,5250,7575,5325,7575,5250,7950,5250
62.01,646,0,0,0,0,0,45.79,7.2896,0,0,0,0,0,0,0,0,0,0,0
61.53,650,39,37,28,20,21,83.206,10.627,0,0,3225,7575,5325,7575,5325,7575,5325,7950,5325
62.1,655,34,39,28,20,21,0,0,0,0,3150,7575,5250,7575,5400,7575,5250,7950,5250
72.45,656,0,0,0,0,0,14.724,6.6028,0,0,0,0,0,0,0,0,0,0,0
61.23,660,34,40,28,19,21,115.95,29.296,0,0,3150,7500,5325,7500,5325,7500,5325,7950,5325
61.77,665,37,40,28,19,21,0,0,533,0,3225,7575,5250,7575,5400,7575,5250,7950,5250
61.71,666,0,0,0,0,0,129.03,26.93,0,0,0,0,0,0,0,0,0,0,0
72.75,670,36,39,28,19,21,177.77,18.153,0,0,3150,7575,5250,7575,5400,7575,5250,7950,5250
60.81,675,34,41,28,19,22,0,0,0,0,3225,7575,5250,7575,5325,7575,5250,7950,5250
61.62,676,0,0,0,0,0,79.707,15.832,0,0,0,0,0,0,0,0,0,0,0
62.1,680,36,40,28,19,22,29.627,84.902,0,0,3225,7575,5250,7575,5325,7575,5250,7950,5250
72.27,685,35,40,28,19,22,0,0,0,0,3150,7575,5325,7575,5325,7575,5325,7950,5250
61.41,686,0,0,0,0,0,37.628,18.9,0,0,0,0,0,0,0,0,0,0,0
60.96,690,35,40,28,19,22,51.774,0.28418,1288,0,3225,7575,5325,7575,5400,7575,5250,7950,5325
65.07,695,39,38,28,19,22,0,0,495,0,3225,7500,5250,7500,5325,7500,5250,7950,5250
67.17,696,0,0,0,0,0,24.948,10.318,0,0,0,0,0,0,0,0,0,0,0
62.19,700,37,36,28,19,21,38.346,12.128,0,0,3150,7575,5250,7575,5400,7575,5250,7950,5250
61.35,705,38,40,28,19,21,0,0,0,0,3225,7575,5325,7575,5325,7575,5250,7875,5325
73.05,706,0,0,0,0,0,162.63,24.644,0,0,0,0,0,0,0,0,0,0,0
61.38,710,33,41,28,19,21,170.27,19.091,0,0,3225,7500,5250,7500,5325,7500,5250,7875,5250
63.03,715,38,36,28,19,21,0,0,0,0,3150,7575,5325,7575,5400,7575,5325,7950,5325
61.05,716,0,0,0,0,0,80.684,20.871,0,0,0,0,0,0,0,0,0,0,0
72.84,720,36,39,28,19,21,47.215,65.276,0,0,3150,7575,5325,7575,5400,7575,5325,7950,5325
60.96,725,38,36,28,19,21,0,0,490.5,0,3225,7500,5250,7500,5325,7500,5250,7875,5250
61.62,726,0,0,0,0,0,43.692,44.289,0,0,0,0,0,0,0,0,0,0,0
60.96,730,36,35,28,19,21,79.911,25.507,0,0,3150,7575,5250,7575,5400,7575,5250,7950,5250
72.87,735,38,39,28,19,21,0,0,900,0,3225,7575,5250,7575,5325,7575,5325,7950,5250
62.46,736,0,0,0,0,0,167.1,3.7466,0,0,0,0,0,0,0,0,0,0,0
61.2,740,38,35,28,19,21,151.05,79.232,0,0,3225,7500,5250,7500,5400,7500,5250,7950,5250
61.59,745,35,39,28,19,21,0,0,0,0,3150,7575,5250,7575,5325,7575,5250,7875,5250
72.69,746,0,0,0,0,0,297.14,38.94,0,0,0,0,0,0,0,0,0,0,0
61.02,750,38,38,28,19,21,444.73,39.57,0,0,3225,7575,5250,7575,5325,7575,5250,7950,5250
61.8,755,38,35,28,20,21,0,0,4660.5,0.5,3150,7575,5250,7575,5325,7575,5250,7950,5250
70.23,756,0,0,0,0,0,295.79,42.458,0,0,0,0,0,0,0,0,0,0,0
61.65,760,35,40,28,19,21,148.35,65.272,0,0,3150,7575,5250,7575,5325,7575,5250,7950,5250
61.59,765,35,40,28,19,21,0,0,0,0,3225,7575,5250,7575,5325,7575,5325,7950,5325
62.67,766,0,0,0,0,0,148.35,40.35,0,0,0,0,0,0,0,0,0,0,0
72.12,770,35,41,28,19,21,596.12,40.127,0,0,3225,7500,5250,7500,5325,7500,5325,7950,5325
62.01,775,36,42,28,19,22,0,0,0,0,3150,7500,5250,7500,5400,7500,5325,7950,5250
61.41,776,0,0,0,0,0,148.57,44.084,0,0,0,0,0,0,0,0,0,0,0
62.4,780,37,36,28,19,22,298.96,56.912,0,0,3150,7500,5250,7500,5325,7500,5250,7950,5325
69.96,785,37,36,28,19,21,0,0,498,0,3150,7575,5250,7575,5325,7575,5250,7950,5325
61.23,786,0,0,0,0,0,296.85,40.916,0,0,0,0,0,0,0,0,0,0,0
61.29,790,36,42,28,19,21,447.24,39.171,0,0,3225,7500,5250,7500,5400,7575,5250,7950,5250
61.53,795,37,36,28,19,21,0,0,0,0,3150,7500,5250,7500,5325,7500,5250,7950,5250
72.15,796,0,0,0,0,0,149.31,45.409,0,0,0,0,0,0,0,0,0,0,0
61.44,800,34,41,28,19,21,302.16,81.617,0,0,3150,7575,5250,7575,5325,7575,5250,7950,5250
62.64,805,36,40,28,19,22,0,0,0,0,3150,7500,5250,7575,5400,7575,5250,7950,5325
63.21,806,0,0,0,0,0,299.04,39.04,0,0,0,0,0,0,0,0,0,0,0
69.69,810,38,36,28,19,22,449.26,38.877,0,0,3225,7425,5250,7575,5400,7575,5250,7875,5325
61.2,815,37,38,28,19,21,0,0,411.5,0,3150,7500,5250,7500,5325,7500,5250,7875,5250
61.44,816,0,0,0,0,0,149.9,43.448,0,0,0,0,0,0,0,0,0,0,0
73.08,820,38,38,28,19,21,299.26,80.8,0,0,3225,7500,5250,7575,5325,7575,5250,7875,5250
61.32,825,35,39,28,19,21,0,0,0,0,3150,7575,5250,7575,5400,7575,5325,7950,5250
62.82,826,0,0,0,0,0,299.27,39.335,0,0,0,0,0,0,0,0,0,0,0
61.38,830,39,39,28,19,21,452.56,38.984,0,0,3225,7575,5325,7575,5400,7575,5250,7950,5250
71.52,835,34,41,28,19,21,0,0,0,0,3225,7500,5250,7500,5400,7575,5250,7875,5250
61.23,836,0,0,0,0,0,151.29,40.146,0,0,0,0,0,0,0,0,0,0,0
61.2,840,38,35,28,19,21,299.04,59.894,0,0,3150,7500,5250,7575,5325,7575,5250,7950,5250
61.26,845,38,39,28,19,21,0,0,417,0,3225,7500,5250,7575,5325,7575,5325,7875,5325
72.39,846,0,0,0,0,0,297.49,39.017,0,0,0,0,0,0,0,0,0,0,0
62.04,850,35,41,28,19,21,299.98,41.378,0,0,3150,7500,5250,7500,5325,7500,5250,7950,5250
61.05,855,34,39,28,19,22,0,0,0,0,3225,7500,5250,7575,5325,7575,5250,7950,5250
61.44,856,0,0,0,0,0,305.49,39.299,0,0,0,0,0,0,0,0,0,0,0
73.32,860,36,39,28,19,22,299.53,83.745,0,0,3150,7500,5250,7575,5400,7575,5325,7950,5325
61.29,865,33,42,28,19,22,0,0,0,0,3225,7500,5250,7575,5325,7575,5250,7950,5250
61.38,866,0,0,0,0,0,299.28,39.509,0,0,0,0,0,0,0,0,0,0,0
70.65,870,37,37,28,19,22,451,42.524,0,0,3150,7575,5250,7575,5400,7500,5250,7950,5250
61.44,875,38,38,28,19,22,0,0,424,0,3150,7500,5250,7575,5400,7500,5250,7950,5250
61.68,876,0,0,0,0,0,302.97,38.822,0,0,0,0,0,0,0,0,0,0,0
61.62,880,34,40,28,19,22,298.92,44.524,0,0,3150,7500,5250,7575,5325,7500,5250,7875,5250
72.72,885,38,39,28,19,22,0,0,0,0,3150,7500,5250,7575,5325,7575,5250,7950,5250
60.99,886,0,0,0,0,0,149.87,38.416,0,0,0,0,0,0,0,0,0,0,0
61.41,890,35,40,28,19,22,299.96,42.552,0,0,3225,7575,5325,7500,5325,7575,5250,7950,5250
61.05,895,38,36,28,19,22,0,0,0,0,3150,7575,5325,7575,5325,7575,5250,7875,5250
72.39,896,0,0,0,0,0,300.26,38.109,0,0,0,0,0,0,0,0,0,0,0
61.56,900,38,40,28,19,21,149.17,80.592,0,0,3225,7500,5250,7575,5325,7500,5250,7875,5250
61.86,905,34,40,28,19,22,0,0,432.5,0,3150,7500,5250,7500,5325,7500,5250,7875,5250
61.53,906,0,0,0,0,0,300.44,38.909,0,0,0,0,0,0,0,0,0,0,0
72.36,910,36,36,28,19,22,444.77,45.729,0,0,3150,7575,5325,7575,5400,7575,5250,7875,5250
61.5,915,38,39,28,19,22,0,0,0,0,3150,7575,5250,7575,5400,7575,5250,7875,5250
60.42,916,0,0,0,0,0,151.23,39.474,0,0,0,0,0,0,0,0,0,0,0
66.78,920,35,39,28,19,22,298.3,76.154,0,0,3150,7575,5250,7500,5400,7575,5250,7950,5250
61.98,925,33,42,28,19,22,0,0,0,0,3150,7575,5250,7500,5400,7500,5250,7875,5250
61.26,926,0,0,0,0,0,150.18,33.323,0,0,0,0,0,0,0,0,0,0,0
60.66,930,37,38,28,19,22,444.33,43.538,0,0,3225,7575,5250,7575,5400,7575,5250,7950,5250
73.23,935,35,40,28,19,22,0,0,438,0,3150,7500,5250,7575,5325,7575,5250,7875,5250
61.41,936,0,0,0,0,0,149.72,39.183,0,0,0,0,0,0,0,0,0,0,0
62.43,940,36,38,28,19,22,297.24,83.834,0,0,3150,7575,5250,7500,5325,7500,5250,7950,5250
61.23,945,37,38,28,19,22,0,0,0,0,3150,7575,5250,7575,5325,7575,5325,7950,5325
72.54,946,0,0,0,0,0,298.44,39.835,0,0,0,0,0,0,0,0,0,0,0
61.05,950,40,36,28,19,21,444.43,44.596,0,0,3150,7500,5250,7575,5325,7575,5250,7950,5250
61.59,955,39,40,28,20,21,0,0,0,0,3150,7500,5250,7575,5400,7575,5250,7875,5250
61.65,956,0,0,0,0,0,148.85,40.194,0,0,0,0,0,0,0,0,0,0,0
72.72,960,35,39,28,19,21,148.3,80.747,0,0,3150,7575,5250,7575,5400,7575,5250,7875,5250
62.31,965,39,36,28,19,21,0,0,445,0,3150,7575,5250,7575,5325,7575,5325,7950,5325
61.59,966,0,0,0,0,0,304.97,39.173,0,0,0,0,0,0,0,0,0,0,0
62.91,970,39,38,28,20,21,444.88,4.2973,0,0,3150,7575,5325,7500,5325,7500,5250,7950,5250
73.77,975,35,41,28,20,21,0,0,0,0,3225,7575,5325,7575,5325,7575,5250,7875,5250
60.6,976,0,0,0,0,0,301.29,38.936,0,0,0,0,0,0,0,0,0,0,0
61.83,980,34,40,28,19,21,148.44,63.293,0,0,3150,7575,5250,7500,5400,7575,5250,7875,5325
69.24,985,36,41,28,19,21,0,0,0,0,3225,7575,5250,7575,5325,7500,5250,7950,5250
61.53,986,0,0,0,0,0,298.58,40.198,0,0,0,0,0,0,0,0,0,0,0
61.62,990,40,36,28,19,22,594.27,41.511,0,0,3150,7500,5250,7500,5325,7500,5250,7950,5250
61.56,995,38,36,28,19,21,0,0,454,0,3150,7500,5250,7575,5325,7575,5250,7875,5250
72.48,996,0,0,0,0,0,297.17,39.392,0,0,0,0,0,0,0,0,0,0,0
62.31,1000,38,37,28,20,21,148.15,51.237,0,0,3225,7575,5250,7575,5325,7575,5325,7875,5325
61.53,1005,35,38,28,20,21,0,0,0,0,3225,7575,5250,7575,5325,7575,5250,7950,5250
62.28,1006,0,0,0,0,0,152.65,40.728,0,0,0,0,0,0,0,0,0,0,0
71.19,1010,38,39,28,20,21,448.74,7.8279,0,0,3150,7575,5250,7575,5400,7575,5250,7950,5250
61.41,1015,35,39,28,20,21,0,0,0,0,3150,7575,5250,7575,5325,7575,5250,7950,5250
61.2,1016,0,0,0,0,0,297.93,0.70571,0,0,0,0,0,0,0,0,0,0,0
61.59,1020,35,40,28,19,21,149.36,83.322,0,0,3225,7500,5325,7575,5325,7575,5250,7950,5250
72.51,1025,39,38,28,19,21,0,0,459.5,0,3150,7500,5325,7575,5400,7575,5250,7950,5250
62.01,1026,0,0,0,0,0,150.04,42.348,0,0,0,0,0,0,0,0,0,0,0
62.1,1030,38,35,28,19,21,601.45,38.794,0,0,3225,7575,5250,7575,5325,7575,5250,7875,5250
71.7,1035,35,40,28,19,21,0,0,0,0,3150,7575,5325,7500,5400,7575,5250,7950,5250
61.77,1036,0,0,0,0,0,298.59,38.99,0,0,0,0,0,0,0,0,0,0,0
60.45,1040,37,39,28,19,21,298.29,57.785,0,0,3225,7575,5250,7575,5400,7575,5250,7950,5250
61.71,1045,38,36,28,19,22,0,0,0,0,3150,7575,5250,7500,5325,7575,5250,7950,5250
72.36,1046,0,0,0,0,0,300.98,43.384,0,0,0,0,0,0,0,0,0,0,0
62.58,1050,38,36,28,19,21,450.4,39.095,0,0,3150,7575,5250,7575,5325,7575,5250,7950,5250
60.87,1055,40,37,28,20,21,0,0,451,0,3150,7575,5325,7500,5400,7500,5250,7950,5250
61.77,1056,0,0,0,0,0,296.97,38.435,0,0,0,0,0,0,0,0,0,0,0
68.82,1060,37,35,28,20,21,298.47,80.144,0,0,3225,7500,5250,7575,5400,7575,5250,7950,5250
61.47,1065,40,40,29,20,21,0,0,0,0,3225,7575,5325,7500,5400,7500,5250,7950,5250
61.68,1066,0,0,0,0,0,299.58,27.481,0,0,0,0,0,0,0,0,0,0,0
60.99,1070,37,39,29,20,21,447.55,38.963,0,0,3225,7500,5250,7575,5400,7575,5250,7950,5250
72.72,1075,34,40,29,20,21,0,0,0,0,3225,7500,5250,7500,5400,7575,5325,7950,5325
62.64,1076,0,0,0,0,0,298.92,41.809,0,0,0,0,0,0,0,0,0,0,0
61.47,1080,38,39,29,20,21,303.07,79.884,0,0,3150,7500,5250,7575,5325,7575,5250,7950,5250
70.14,1085,39,35,29,20,21,0,0,456.5,0,3225,7500,5250,7575,5325,7575,5250,7950,5250
61.38,1086,0,0,0,0,0,298.7,33.792,0,0,0,0,0,0,0,0,0,0,0
61.44,1090,35,40,29,20,21,299.01,38.729,0,0,3225,7575,5250,7575,5400,7575,5250,7950,5250
61.47,1095,36,40,29,20,21,0,0,0,0,3150,7500,5250,7575,5400,7575,5250,7875,5250
72.42,1096,0,0,0,0,0,299.76,25.169,0,0,0,0,0,0,0,0,0,0,0
61.68,1100,35,41,29,19,21,151.82,78.27,0,0,3225,7500,5325,7575,5325,7575,5250,7950,5250
61.38,1105,36,37,29,19,22,0,0,0,0,3225,7425,5250,7575,5325,7575,5250,7875,5250
62.43,1106,0,0,0,0,0,298.63,3.0267,0,0,0,0,0,0,0,0,0,0,0
72.48,1110,38,38,29,19,22,598.35,38.896,0,0,3150,7500,5250,7575,5400,7500,5325,7875,5325
60.69,1115,35,39,29,19,22,0,0,594.5,0,3225,7500,5250,7500,5400,7500,5325,7875,5325
61.38,1116,0,0,0,0,0,149.09,26.439,0,0,0,0,0,0,0,0,0,0,0
62.1,1120,36,38,29,19,22,151.51,78.173,0,0,3225,7500,5250,7575,5325,7575,5250,7875,5250
72.51,1125,34,42,29,19,22,0,0,0,0,3150,7500,5250,7575,5400,7575,5250,7875,5250
61.56,1126,0,0,0,0,0,299.53,41.751,0,0,0,0,0,0,0,0,0,0,0
62.34,1130,33,42,29,19,22,453.49,39.284,0,0,3150,7500,5250,7575,5325,7575,5250,7950,5325
61.47,1135,37,39,28,19,22,0,0,0,0,3225,7425,5325,7575,5325,7575,5250,7875,5250
72.39,1136,0,0,0,0,0,297.29,24.99,0,0,0,0,0,0,0,0,0,0,0
61.17,1140,36,36,28,19,22,298.18,72.827,0,0,3150,7500,5250,7500,5400,7575,5250,7875,5250
61.38,1145,35,39,28,19,22,0,0,472,0,3150,7500,5250,7575,5325,7575,5250,7875,5250
67.65,1146,0,0,0,0,0,295.72,40.862,0,0,0,0,0,0,0,0,0,0,0
61.62,1150,36,41,28,19,22,448.32,38.782,0,0,3225,7500,5250,7575,5325,7575,5250,7950,5250
61.47,1155,34,41,28,19,22,0,0,0,0,3150,7425,5250,7575,5325,7575,5250,7950,5250
60.87,1156,0,0,0,0,0,297.01,19.714,0,0,0,0,0,0,0,0,0,0,0
72.66,1160,35,40,28,19,21,146.47,83.251,0,0,3150,7500,5250,7575,5325,7575,5250,7950,5250
61.17,1165,36,40,28,19,21,0,0,0,0,3150,7500,5250,7575,5400,7575,5250,7950,5250
61.65,1166,0,0,0,0,0,297.46,40.651,0,0,0,0,0,0,0,0,0,0,0
61.44,1170,34,40,28,19,21,599.86,2.1496,0,0,3150,7500,5250,7575,5325,7575,5250,7875,5250
70.62,1175,35,40,28,19,21,0,0,478.5,0,3225,7500,5250,7575,5325,7575,5250,7875,5250
61.62,1176,0,0,0,0,0,148.61,16.964,0,0,0,0,0,0,0,0,0,0,0
61.71,1180,35,40,28,19,21,297.6,81.586,0,0,3150,7500,5325,7575,5325,7575,5250,7950,5250
62.1,1185,35,41,28,19,21,0,0,0,0,3150,7500,5250,7575,5325,7575,5250,7950,5250
72.45,1186,0,0,0,0,0,297.19,39.968,0,0,0,0,0,0,0,0,0,0,0
62.13,1190,37,40,28,19,22,449.79,39.663,0,0,3150,7425,5250,7575,5325,7575,5250,7875,5250
61.44,1195,37,36,28,19,22,0,0,0,0,3225,7500,5250,7575,5325,7575,5250,7875,5250
72.72,1196,0,0,0,0,0,297.49,41.731,0,0,0,0,0,0,0,0,0,0,0
61.5,1200,34,39,28,19,21,297.39,59.973,0,0,3225,7500,5250,7575,5325,7575,5325,7875,5325
61.83,1205,36,39,28,19,22,0,0,484.5,0,3150,7500,5250,7500,5325,7575,5250,7875,5250
61.38,1206,0,0,0,0,0,295.97,1.8374,0,0,0,0,0,0,0,0,0,0,0
58.23,1210,34,40,28,19,21,447.1,40.463,0,0,3225,7500,5250,7500,5325,7575,5250,7950,5250
54.75,1215,33,41,28,19,22,0,0,0,0,3225,7575,5325,7650,5400,7575,5250,7950,5250
60.93,1216,0,0,0,0,0,297.17,41.486,0,0,0,0,0,0,0,0,0,0,0
60.54,1220,36,41,28,19,22,299.27,50.139,0,0,3150,7500,5250,7575,5325,7575,5250,7875,5250
71.97,1225,33,41,28,19,22,0,0,0,0,3150,7500,5325,7575,5400,7575,5250,7950,5250
61.17,1226,0,0,0,0,0,296.98,39.958,0,0,0,0,0,0,0,0,0,0,0
60.96,1230,36,38,28,19,22,594.25,3.1701,0,0,3150,7500,5250,7575,5325,7575,5250,7875,5325
60.96,1235,37,38,28,19,22,0,0,491,0,3150,7500,5325,7575,5325,7575,5250,7950,5250
68.82,1236,0,0,0,0,0,298.51,39.096,0,0,0,0,0,0,0,0,0,0,0
62.19,1240,37,36,28,19,22,296.19,80.89,0,0,3150,7500,5250,7575,5400,7575,5250,7875,5250
60.93,1245,38,39,28,19,21,0,0,0,0,3225,7500,5250,7575,5400,7575,5250,7950,5250
60.66,1246,0,0,0,0,0,150.99,39.657,0,0,0,0,0,0,0,0,0,0,0
71.82,1250,33,40,28,19,22,449.66,42.574,0,0,3150,7500,5250,7500,5325,7575,5250,7950,5250
61.83,1255,34,40,28,19,22,0,0,0,0,3225,7500,5325,7575,5325,7575,5250,7950,5250
60.63,1256,0,0,0,0,0,304.87,39.086,0,0,0,0,0,0,0,0,0,0,0
66.3,1260,36,40,28,19,22,298.09,72.509,0,0,3225,7500,5250,7575,5400,7575,5250,7875,5250
60.54,1265,36,36,28,19,22,0,0,497.5,0,3150,7500,5325,7500,5400,7575,5250,7950,5250
60.21,1266,0,0,0,0,0,301.25,38.726,0,0,0,0,0,0,0,0,0,0,0
61.95,1270,39,36,28,19,22,448.81,45.041,0,0,3150,7500,5250,7575,5325,7575,5250,7875,5250
71.82,1275,38,38,28,19,21,0,0,0,0,3225,7500,5250,7575,5325,7575,5250,7875,5250
61.53,1276,0,0,0,0,0,152.15,39.436,0,0,0,0,0,0,0,0,0,0,0
62.43,1280,35,39,28,19,21,298.58,82.58,0,0,3150,7500,5250,7575,5325,7575,5250,7950,5250
60.9,1285,38,38,28,19,22,0,0,0,0,3150,7500,5250,7575,5325,7500,5250,7950,5250
73.29,1286,0,0,0,0,0,300.65,39.82,0,0,0,0,0,0,0,0,0,0,0
60.93,1290,34,42,28,19,22,596.66,44.362,0,0,3225,7425,5250,7575,5325,7575,5250,7875,5250
60.57,1295,35,40,28,19,22,0,0,503.5,0,3150,7500,5250,7575,5325,7575,5250,7875,5250
62.01,1296,0,0,0,0,0,301.65,38.82,0,0,0,0,0,0,0,0,0,0,0
71.16,1300,39,39,28,19,22,298.31,82.646,0,0,3150,7500,5325,7575,5400,7500,5250,7950,5250
61.92,1305,37,36,28,19,22,0,0,0,0,3150,7500,5250,7575,5325,7575,5250,7950,5250
60.87,1306,0,0,0,0,0,150.99,39.169,0,0,0,0,0,0,0,0,0,0,0
64.08,1310,38,36,28,19,21,299.3,43.183,0,0,3150,7500,5250,7575,5400,7575,5250,7950,5250
67.05,1315,39,38,28,19,21,0,0,0,0,3150,7500,5250,7500,5325,7575,5325,7950,5325
62.13,1316,0,0,0,0,0,300.16,38.965,0,0,0,0,0,0,0,0,0,0,0
59.97,1320,38,36,28,19,21,148.76,81.195,0,0,3150,7500,5250,7500,5325,7575,5250,7875,5250
73.44,1325,34,40,28,19,21,0,0,543,0,3150,7500,5325,7575,5400,7575,5250,7875,5250
61.14,1326,0,0,0,0,0,300.54,38.871,0,0,0,0,0,0,0,0,0,0,0
61.32,1330,36,38,28,19,21,448.79,41.044,0,0,3150,7500,5250,7575,5325,7575,5250,7875,5250
61.95,1335,37,36,28,19,21,0,0,0,0,3150,7500,5250,7575,5400,7500,5250,7875,5250
71.82,1336,0,0,0,0,0,298.31,0.57925,0,0,0,0,0,0,0,0,0,0,0
61.26,1340,36,37,28,19,21,298.36,81.856,0,0,3225,7425,5250,7500,5400,7575,5250,7875,5250
61.41,1345,33,35,28,19,21,0,0,0,0,3150,7500,5250,7575,5325,7575,5250,7950,5325
61.38,1346,0,0,0,0,0,305.42,41.742,0,0,0,0,0,0,0,0,0,0,0
72.24,1350,31,33,28,19,21,448.92,1.7432,0,0,3225,7500,5325,7575,5400,7575,5250,7875,5250
61.32,1355,37,37,28,19,21,0,0,518.5,0,3225,7500,5250,7500,5325,7575,5250,7950,5250
61.35,1356,0,0,0,0,0,297.14,39.137,0,0,0,0,0,0,0,0,0,0,0
60.72,1360,36,36,28,19,21,295.89,84.188,0,0,3150,7425,5250,7575,5325,7500,5250,7950,5250
71.97,1365,33,40,28,19,21,0,0,0,0,3225,7500,5250,7500,5325,7575,5325,7950,5325
61.14,1366,0,0,0,0,0,146.3,43.456,0,0,0,0,0,0,0,0,0,0,0
61.35,1370,36,39,28,19,21,448.99,40.418,0,0,3150,7500,5325,7575,5325,7575,5250,7950,5250
71.91,1375,35,39,28,19,21,0,0,0,0,3225,7500,5250,7500,5400,7575,5250,7875,5250
61.32,1376,0,0,0,0,0,297.9,40.084,0,0,0,0,0,0,0,0,0,0,0
60.27,1380,34,40,28,19,22,296.51,43.34,0,0,3150,7500,5250,7575,5325,7575,5250,7950,5325
62.16,1385,35,41,28,19,22,0,0,561.5,0,3225,7500,5250,7575,5325,7575,5250,7950,5250
72.09,1386,0,0,0,0,0,298.24,43.495,0,0,0,0,0,0,0,0,0,0,0
60.03,1390,34,39,28,19,22,448.95,38.907,0,0,3225,7500,5250,7575,5325,7575,5250,7950,5250
60.63,1395,33,40,28,19,22,0,0,0,0,3150,7500,5250,7500,5400,7575,5250,7875,5250
61.2,1396,0,0,0,0,0,297.24,39.558,0,0,0,0,0,0,0,0,0,0,0
71.67,1400,39,39,28,19,22,299.48,71.989,0,0,3225,7500,5250,7575,5325,7575,5250,7950,5250
61.32,1405,34,40,28,19,22,0,0,0,0,3225,7500,5325,7575,5325,7575,5250,7875,5250
60.84,1406,0,0,0,0,0,298.7,44.381,0,0,0,0,0,0,0,0,0,0,0
60.9,1410,33,41,28,19,22,592.94,39.081,0,0,3225,7500,5325,7575,5325,7575,5250,7875,5250
72.03,1415,35,41,28,19,22,0,0,534.5,0,3150,7500,5250,7575,5325,7575,5250,7875,5250
61.65,1416,0,0,0,0,0,296.89,39.056,0,0,0,0,0,0,0,0,0,0,0
61.14,1420,34,38,28,19,22,148.98,40.389,0,0,3225,7500,5250,7575,5325,7575,5250,7875,5250
68.31,1425,36,41,28,19,22,0,0,0,0,3225,7500,5250,7575,5400,7575,5250,7950,5250
60.15,1426,0,0,0,0,0,298,45.582,0,0,0,0,0,0,0,0,0,0,0
60.63,1430,38,36,28,19,22,596.73,39.87,0,0,3150,7500,5250,7575,5325,7575,5250,7875,5250
60.96,1435,35,37,28,19,22,0,0,0,0,3150,7500,5325,7575,5325,7575,5250,7950,5250
71.97,1436,0,0,0,0,0,148.83,42.659,0,0,0,0,0,0,0,0,0,0,0
60.27,1440,37,39,28,19,22,301.47,77.056,0,0,3225,7500,5250,7500,5400,7575,5325,7875,5325
61.44,1445,34,40,28,19,22,0,0,541,0,3150,7500,5250,7575,5325,7575,5250,7875,5250
60.69,1446,0,0,0,0,0,295.82,26.752,0,0,0,0,0,0,0,0,0,0,0
68.07,1450,34,40,28,19,22,600.96,7.8165,0,0,3150,7500,5250,7575,5325,7575,5250,7875,5250
60.6,1455,39,38,28,19,21,0,0,0,0,3150,7500,5250,7575,5400,7500,5250,7950,5250
60.6,1456,0,0,0,0,0,296.77,44.306,0,0,0,0,0,0,0,0,0,0,0
61.77,1460,34,40,28,19,21,303.33,78.715,0,0,3225,7500,5250,7500,5325,7575,5250,7875,5250
72.63,1465,37,37,28,19,21,0,0,0,0,3225,7575,5325,7575,5325,7575,5250,7875,5250
60.84,1466,0,0,0,0,0,298.22,9.0451,0,0,0,0,0,0,0,0,0,0,0
61.17,1470,38,38,28,19,21,449.46,11.429,0,0,3150,7500,5250,7500,5400,7575,5325,7875,5325
66.06,1475,38,36,28,19,21,0,0,547.5,0,3225,7500,5250,7575,5400,7500,5250,7875,5250
61.05,1476,0,0,0,0,0,297.13,44.686,0,0,0,0,0,0,0,0,0,0,0
62.22,1480,36,40,28,19,21,299.83,42.387,0,0,3150,7500,5250,7575,5325,7575,5250,7875,5250
61.02,1485,35,40,28,19,21,0,0,0,0,3150,7500,5250,7575,5325,7575,5250,7950,5250
72.12,1486,0,0,0,0,0,298.26,38.723,0,0,0,0,0,0,0,0,0,0,0
60.33,1490,33,41,28,19,21,299.68,31.111,0,0,3225,7500,5250,7500,5325,7575,5325,7875,5325
60.45,1495,37,40,28,19,21,0,0,0,0,3150,7500,5250,7575,5325,7500,5250,7875,5250
61.77,1496,0,0,0,0,0,298.34,44.836,0,0,0,0,0,0,0,0,0,0,0
72.06,1500,33,40,28,19,21,296.47,73.399,0,0,3150,7500,5250,7500,5325,7575,5250,7950,5250
60.63,1505,32,42,28,19,21,0,0,552,0,3150,7500,5250,7500,5400,7575,5250,7875,5250
60.99,1506,0,0,0,0,0,297.86,38.313,0,0,0,0,0,0,0,0,0,0,0
62.04,1510,34,42,28,19,21,602.93,38.587,0,0,3150,7425,5250,7575,5325,7500,5250,7875,5250
73.11,1515,33,40,28,19,21,0,0,0,0,3225,7425,5250,7500,5400,7575,5250,7950,5250
60.84,1516,0,0,0,0,0,149,39.19,0,0,0,0,0,0,0,0,0,0,0
61.17,1520,38,38,28,18,21,299.28,83.834,0,0,3150,7425,5250,7575,5325,7500,5250,7950,5250
61.29,1525,35,38,28,18,21,0,0,0,0,3225,7500,5250,7500,5325,7575,5250,7875,5250
72.3,1526,0,0,0,0,0,298.89,39.758,0,0,0,0,0,0,0,0,0,0,0
61.53,1530,33,41,28,18,21,447.15,39.736,0,0,3150,7500,5250,7500,5325,7575,5250,7875,5250
60.81,1535,35,40,28,18,21,0,0,686,0,3150,7500,5250,7575,5325,7500,5325,7875,5250
68.04,1536,0,0,0,0,0,151.47,40.939,0,0,0,0,0,0,0,0,0,0,0
60.72,1540,32,40,28,18,21,148.95,58.952,0,0,3150,7500,5250,7575,5325,7500,5250,7875,5325
61.53,1545,36,36,28,18,21,0,0,0,0,3225,7500,5250,7500,5325,7575,5325,7875,5250
60.84,1546,0,0,0,0,0,298.32,38.274,0,0,0,0,0,0,0,0,0,0,0
71.64,1550,35,39,28,18,21,450.78,43.176,0,0,3150,7500,5250,7575,5325,7500,5250,7875,5250
60.57,1555,33,40,28,18,21,0,0,0,0,3150,7500,5250,7575,5325,7500,5250,7950,5250
61.08,1556,0,0,0,0,0,300.55,38.532,0,0,0,0,0,0,0,0,0,0,0
60.54,1560,32,40,28,18,21,298.29,82.658,0,0,3225,7500,5250,7575,5400,7500,5250,7875,5250
70.8,1565,35,40,28,18,21,0,0,564.5,0,3150,7500,5250,7500,5325,7500,5250,7875,5250
61.86,1566,0,0,0,0,0,148.27,38.602,0,0,0,0,0,0,0,0,0,0,0
59.16,1570,33,40,28,18,21,445.53,28.08,0,0,3150,7500,5250,7575,5400,7500,5325,7875,5250
60.93,1575,33,41,28,18,21,0,0,0,0,3225,7575,5325,7500,5325,7500,5250,7950,5325
72.21,1576,0,0,0,0,0,295.55,38.761,0,0,0,0,0,0,0,0,0,0,0
60.99,1580,36,38,28,18,21,297.37,82.256,0,0,3150,7500,5250,7575,5325,7500,5250,7875,5250
60.48,1585,36,36,28,18,21,0,0,0,0,3150,7575,5250,7500,5325,7500,5250,7875,5250
72.36,1586,0,0,0,0,0,301.41,0.7374,0,0,0,0,0,0,0,0,0,0,0
60.54,1590,37,39,28,18,21,297.01,4.1999,0,0,3225,7500,5250,7575,5325,7500,5250,7875,5250
61.8,1595,33,39,28,18,21,0,0,567.5,0,3150,7500,5250,7500,5325,7500,5250,7875,5250
61.44,1596,0,0,0,0,0,299.74,38.91,0,0,0,0,0,0,0,0,0,0,0
72.24,1600,36,35,28,18,21,296.41,78.716,0,0,3225,7500,5250,7575,5400,7575,5250,7950,5250
60.99,1605,37,39,28,18,21,0,0,0,0,3225,7425,5250,7500,5325,7575,5250,7875,5250
60.12,1606,0,0,0,0,0,297.39,39.539,0,0,0,0,0,0,0,0,0,0,0
62.01,1610,37,35,28,18,21,595.08,43.858,0,0,3150,7500,5250,7500,5400,7575,5250,7950,5250
72.3,1615,37,35,28,18,21,0,0,0,0,3150,7500,5250,7575,5325,7500,5250,7875,5250
61.71,1616,0,0,0,0,0,297.52,39.645,0,0,0,0,0,0,0,0,0,0,0
60.87,1620,37,37,28,19,20,295.91,81.862,0,0,3150,7500,5250,7575,5325,7575,5250,7875,5325
60.99,1625,37,35,28,19,20,0,0,571.5,0,3225,7500,5250,7575,5325,7575,5250,7875,5250
72.06,1626,0,0,0,0,0,150.3,39.057,0,0,0,0,0,0,0,0,0,0,0
60.3,1630,34,39,28,19,20,297.22,44.89,0,0,3225,7500,5250,7575,5325,7575,5250,7875,5250
60.81,1635,37,38,28,19,20,0,0,0,0,3225,7500,5250,7500,5325,7500,5250,7950,5250
71.34,1636,0,0,0,0,0,298.98,39.25,0,0,0,0,0,0,0,0,0,0,0
60.63,1640,32,38,28,18,20,148.54,61.378,0,0,3150,7500,5250,7500,5325,7500,5250,7950,5250
61.35,1645,34,39,28,18,21,0,0,0,0,3225,7500,5250,7575,5325,7575,5325,7950,5250
61.05,1646,0,0,0,0,0,303.47,38.866,0,0,0,0,0,0,0,0,0,0,0
72.39,1650,36,36,28,18,21,297.8,11.251,0,0,3225,7575,5250,7500,5325,7500,5250,7875,5250
60.81,1655,33,40,28,18,21,0,0,702,0,3225,7500,5250,7575,5325,7575,5250,7950,5250
60.72,1656,0,0,0,0,0,147.75,39.365,0,0,0,0,0,0,0,0,0,0,0
62.19,1660,37,39,28,18,21,296.47,84.566,0,0,3225,7500,5250,7500,5325,7500,5250,7875,5250
72.15,1665,34,39,28,18,21,0,0,0,0,3150,7500,5250,7500,5325,7500,5250,7950,5250
59.97,1666,0,0,0,0,0,150.67,40.657,0,0,0,0,0,0,0,0,0,0,0
60.78,1670,33,39,28,18,21,448.08,36.669,0,0,3150,7500,5250,7575,5325,7575,5250,7875,5250
60.9,1675,35,39,28,18,21,0,0,0,0,3150,7500,5325,7575,5325,7575,5250,7875,5325
72.06,1676,0,0,0,0,0,149.09,39.056,0,0,0,0,0,0,0,0,0,0,0
60.63,1680,32,39,28,18,21,297.48,83.697,0,0,3225,7500,5250,7575,5325,7575,5250,7875,5250
60.84,1685,36,36,28,18,21,0,0,578,0,3150,7500,5250,7575,5400,7575,5250,7950,5250
60.27,1686,0,0,0,0,0,147.73,42.228,0,0,0,0,0,0,0,0,0,0,0
72.84,1690,35,38,27,18,21,600.58,0.26574,0,0,3150,7500,5250,7500,5325,7500,5250,7950,5250
61.74,1695,32,41,27,18,21,0,0,0,0,3150,7500,5250,7575,5400,7575,5250,7875,5250
61.02,1696,0,0,0,0,0,299.05,39.068,0,0,0,0,0,0,0,0,0,0,0
73.02,1700,36,37,27,18,21,299.21,59.386,0,0,3225,7500,5325,7575,5325,7575,5250,7950,5325
60.93,1705,36,37,27,18,21,0,0,0,0,3150,7500,5250,7575,5325,7575,5250,7950,5250
61.32,1706,0,0,0,0,0,301.67,43.212,0,0,0,0,0,0,0,0,0,0,0
61.2,1710,36,35,27,18,20,449.62,39.213,0,0,3150,7575,5250,7500,5325,7500,5250,7875,5250
72.3,1715,36,37,27,18,20,0,0,581,0,3150,7500,5250,7575,5325,7575,5250,7875,5250
60.42,1716,0,0,0,0,0,298.03,38.878,0,0,0,0,0,0,0,0,0,0,0
61.08,1720,36,35,27,18,20,301.56,79.329,0,0,3150,7500,5250,7500,5325,7500,5250,7875,5250
62.67,1725,35,34,27,18,20,0,0,0,0,3225,7500,5250,7500,5400,7500,5250,7875,5250
72.3,1726,0,0,0,0,0,149.54,44.42,0,0,0,0,0,0,0,0,0,0,0
63.36,1730,36,38,27,18,20,447.75,39.533,0,0,3150,7500,5250,7500,5400,7500,5250,7950,5250
62.46,1735,36,34,27,18,20,0,0,0,0,3150,7500,5250,7575,5400,7575,5250,7875,5250
63.33,1736,0,0,0,0,0,149.63,15.639,0,0,0,0,0,0,0,0,0,0,0
73.17,1740,34,37,27,18,20,298.22,79.319,0,0,3150,7500,5250,7500,5325,7500,5250,7950,5250
61.83,1745,37,37,27,18,20,0,0,584.5,0,3150,7500,5250,7575,5325,7500,5250,7875,5250
60.93,1746,0,0,0,0,0,296.9,44.557,0,0,0,0,0,0,0,0,0,0,0
71.88,1750,36,34,27,18,20,451.24,39.28,0,0,3150,7500,5325,7500,5325,7500,5250,7875,5250
62.31,1755,36,35,27,18,20,0,0,0,0,3150,7500,5250,7500,5325,7500,5250,7875,5250
60.93,1756,0,0,0,0,0,149.26,13.503,0,0,0,0,0,0,0,0,0,0,0
60,1760,35,40,27,18,20,304.14,79.235,0,0,3150,7500,5250,7500,5400,7500,5250,7950,5250
72.06,1765,37,34,27,18,20,0,0,0,0,3150,7500,5250,7500,5400,7500,5250,7950,5250
60.69,1766,0,0,0,0,0,299.04,5.1701,0,0,0,0,0,0,0,0,0,0,0
61.71,1770,36,37,27,18,20,450.98,39.001,0,0,3150,7500,5250,7575,5325,7575,5250,7875,5250
61.26,1775,38,35,27,18,20,0,0,588.5,0,3225,7500,5250,7575,5400,7575,5250,7950,5325
72.18,1776,0,0,0,0,0,149.14,26.79,0,0,0,0,0,0,0,0,0,0,0
60.72,1780,34,37,27,18,20,151.49,78.439,0,0,3150,7500,5250,7575,5325,7575,5250,7875,5250
60.42,1785,37,36,27,18,20,0,0,0,0,3225,7500,5250,7575,5325,7575,5250,7950,5250
61.41,1786,0,0,0,0,0,297.47,42.254,0,0,0,0,0,0,0,0,0,0,0
72.12,1790,36,34,27,18,20,448.25,39.813,0,0,3150,7500,5250,7500,5325,7500,5250,7950,5250
60.45,1795,35,34,27,18,20,0,0,0,0,3150,7500,5250,7575,5325,7575,5250,7950,5250
61.5,1796,0,0,0,0,0,148.59,40.081,0,0,0,0,0,0,0,0,0,0,0
71.73,1800,37,36,27,18,20,300.64,40.84,0,0,3150,7500,5250,7575,5325,7575,5250,7875,5250
60.6,1805,38,34,27,18,20,0,0,594.5,0,3150,7500,5250,7500,5325,7500,5250,7875,5250
61.02,1806,0,0,0,0,0,295.95,40.294,0,0,0,0,0,0,0,0,0,0,0
60.78,1810,35,37,27,18,20,325.47,39.353,0,0,3150,7500,5325,7500,5325,7500,5250,7950,5250
72.24,1815,35,37,27,18,20,0,0,0,0,3150,7575,5250,7575,5325,7575,5250,7875,5250
62.22,1816,0,0,0,0,0,0.71728,3.2184,0,0,0,0,0,0,0,0,0,0,0
60.99,1820,37,33,27,18,20,6.6343,33.008,0,0,3150,7500,5250,7575,5325,7575,5250,7875,5325
60.48,1825,38,37,27,18,20,0,0,0,0,3225,7500,5250,7500,5325,7500,5250,7875,5250
72,1826,0,0,0,0,0,142.42,0.80188,0,0,0,0,0,0,0,0,0,0,0
61.8,1830,32,39,27,18,20,287.82,49.067,0,0,3150,7500,5250,7575,5325,7575,5250,7875,5250
60.54,1835,32,38,27,18,20,0,0,1668.5,0,3150,7500,5250,7575,5325,7575,5325,7950,5250
61.02,1836,0,0,0,0,0,285.19,55.063,0,0,0,0,0,0,0,0,0,0,0
72.27,1840,36,37,27,18,20,286.37,101.81,0,0,3150,7500,5250,7500,5325,7500,5250,7875,5250
60.48,1845,33,38,27,18,20,0,0,0,0,3150,7500,5250,7575,5325,7575,5250,7950,5250
61.86,1846,0,0,0,0,0,284.33,50.353,0,0,0,0,0,0,0,0,0,0,0
60.99,1850,36,34,27,18,20,570.74,50.488,0,0,3225,7500,5250,7575,5325,7575,5250,7875,5250
72.63,1855,35,39,27,18,20,0,0,0,0,3150,7500,5250,7575,5325,7575,5250,7950,5250
60.69,1856,0,0,0,0,0,143.9,51.328,0,0,0,0,0,0,0,0,0,0,0
60.3,1860,34,34,27,18,20,285.02,94.872,0,0,3150,7500,5250,7575,5325,7575,5250,7875,5250
67.32,1865,36,35,27,18,20,0,0,589,0,3150,7500,5250,7575,5325,7575,5250,7875,5250
60.48,1866,0,0,0,0,0,281.93,49.739,0,0,0,0,0,0,0,0,0,0,0
61.83,1870,35,36,27,18,20,427.93,22.711,0,0,3150,7500,5250,7575,5400,7575,5250,7950,5250
60.75,1875,33,38,27,18,20,0,0,0,0,3225,7500,5250,7575,5400,7575,5250,7950,5250
72.12,1876,0,0,0,0,0,290.55,51.884,0,0,0,0,0,0,0,0,0,0,0
60.78,1880,35,37,27,18,20,142.91,104.08,0,0,3150,7575,5250,7575,5325,7575,5250,7950,5250
59.94,1885,33,39,27,18,20,0,0,0,0,3150,7500,5250,7575,5325,7575,5250,7875,5250
62.1,1886,0,0,0,0,0,284.77,50.377,0,0,0,0,0,0,0,0,0,0,0
72.51,1890,32,38,27,18,20,428.53,52.435,0,0,3225,7500,5250,7575,5400,7575,5250,7875,5250
61.86,1895,34,39,27,17,20,0,0,1087.5,0,3150,7500,5250,7500,5400,7500,5250,7950,5250
61.14,1896,0,0,0,0,0,289.62,48.979,0,0,0,0,0,0,0,0,0,0,0
60.87,1900,33,40,27,17,20,284.82,103.88,0,0,3150,7425,5250,7575,5325,7575,5250,7875,5250
72.09,1905,33,39,27,17,20,0,0,0,0,3225,7500,5250,7500,5325,7500,5250,7875,5250
62.04,1906,0,0,0,0,0,143.37,49.016,0,0,0,0,0,0,0,0,0,0,0
60.15,1910,33,41,27,17,20,572.09,49.354,0,0,3150,7500,5250,7500,5325,7500,5250,7950,5250
72.51,1915,36,35,27,17,20,0,0,0,0,3150,7500,5250,7575,5325,7575,5250,7950,5250
60.81,1916,0,0,0,0,0,290.93,24.672,0,0,0,0,0,0,0,0,0,0,0
60.69,1920,35,36,27,17,20,282.48,51.914,0,0,3150,7500,5250,7575,5325,7575,5250,7950,5250
60.57,1925,35,37,27,18,20,0,0,599.5,0,3150,7500,5250,7575,5325,7575,5250,7875,5250
72.39,1926,0,0,0,0,0,286.64,50.197,0,0,0,0,0,0,0,0,0,0,0
62.37,1930,32,38,27,18,20,427.08,27.516,0,0,3150,7500,5250,7575,5325,7575,5250,7875,5325
60.72,1935,36,37,27,17,20,0,0,0,0,3150,7500,5250,7575,5325,7500,5250,7950,5250
60.57,1936,0,0,0,0,0,288.25,50.126,0,0,0,0,0,0,0,0,0,0,0
69.57,1940,36,34,27,17,20,281.48,104.34,0,0,3150,7575,5250,7575,5325,7500,5250,7875,5250
60.18,1945,32,39,27,17,20,0,0,0,0,3225,7500,5175,7575,5325,7500,5250,7875,5250
62.1,1946,0,0,0,0,0,144.79,49.749,0,0,0,0,0,0,0,0,0,0,0
60.45,1950,35,39,27,17,20,569.71,54.03,0,0,3150,7500,5250,7575,5325,7575,5250,7950,5250
71.7,1955,35,34,27,17,20,0,0,602.5,0,3225,7500,5250,7575,5325,7500,5175,7950,5250
61.17,1956,0,0,0,0,0,285.2,48.944,0,0,0,0,0,0,0,0,0,0,0
62.01,1960,32,39,27,17,20,284.2,103.57,0,0,3150,7500,5250,7575,5325,7500,5250,7875,5250
71.52,1965,36,36,27,17,20,0,0,0,0,3150,7500,5250,7575,5325,7575,5250,7950,5250
42.15,1966,0,0,0,0,0,145.46,49.559,0,0,0,0,0,0,0,0,0,0,0
42.03,1970,33,38,27,17,20,569.54,54.622,0,0,3150,7500,5250,7500,5325,7575,5250,7875,5250
41.73,1975,36,35,27,17,20,0,0,0,0,3150,7425,5250,7575,5325,7500,5250,7950,5250
59.43,1976,0,0,0,0,0,142.4,50.125,0,0,0,0,0,0,0,0,0,0,0
41.88,1980,35,36,27,17,20,282.16,104.13,0,0,3150,7500,5250,7575,5400,7500,5250,7875,5250
42.48,1985,32,39,27,17,20,0,0,605.5,0,3150,7500,5250,7575,5325,7500,5250,7875,5250
42.18,1986,0,0,0,0,0,285.95,50.037,0,0,0,0,0,0,0,0,0,0,0
59.85,1990,35,35,27,17,20,427.92,52.354,0,0,3225,7500,5250,7500,5325,7575,5250,7950,5250
42.03,1995,36,34,27,18,20,0,0,0,0,3150,7425,5250,7575,5400,7575,5250,7875,5250
42.09,1996,0,0,0,0,0,140.94,49.846,0,0,0,0,0,0,0,0,0,0,0
42.06,2000,33,37,27,18,20,141.63,103.05,0,0,3150,7500,5250,7575,5325,7575,5250,7875,5250
59.67,2005,36,37,27,18,20,0,0,0,0,3150,7425,5250,7500,5325,7575,5250,7875,5250
42.06,2006,0,0,0,0,0,288.33,51.688,0,0,0,0,0,0,0,0,0,0,0
41.97,2010,33,37,27,18,20,427.06,50.544,0,0,3150,7500,5250,7575,5325,7575,5325,7875,5250
42.06,2015,32,39,27,18,20,0,0,608.5,0,3150,7575,5250,7500,5400,7575,5250,7875,5250
58.59,2016,0,0,0,0,0,284.31,49.189,0,0,0,0,0,0,0,0,0,0,0
42.03,2020,34,37,27,17,20,142.78,103.23,0,0,3150,7500,5250,7500,5400,7575,5250,7875,5250
41.97,2025,34,34,27,17,20,0,0,0,0,3150,7575,5250,7500,5325,7575,5250,7875,5250
41.88,2026,0,0,0,0,0,285.65,45.504,0,0,0,0,0,0,0,0,0,0,0
57.87,2030,35,34,27,17,20,428.83,49.498,0,0,3150,7500,5325,7575,5325,7575,5250,7875,5325
42.03,2035,36,36,27,18,20,0,0,0,0,3150,7500,5250,7575,5325,7500,5250,7950,5250
42,2036,0,0,0,0,0,284.36,50.595,0,0,0,0,0,0,0,0,0,0,0
41.94,2040,33,37,27,18,20,284.84,71.665,0,0,3150,7500,5250,7575,5325,7575,5250,7875,5250
58.08,2045,33,38,27,18,20,0,0,612.5,0,3150,7500,5250,7575,5325,7575,5250,7875,5250
42.09,2046,0,0,0,0,0,282.86,52.991,0,0,0,0,0,0,0,0,0,0,0
42.03,2050,37,36,27,17,20,569.82,49.564,0,0,3150,7500,5250,7500,5325,7575,5250,7875,5250
42.06,2055,35,34,27,18,20,0,0,0,0,3150,7500,5250,7575,5325,7575,5250,7875,5250
58.08,2056,0,0,0,0,0,284.3,50.533,0,0,0,0,0,0,0,0,0,0,0
42,2060,37,37,27,18,20,288.47,102.82,0,0,3150,7500,5250,7575,5325,7575,5250,7875,5250
42.15,2065,36,33,27,18,20,0,0,0,0,3150,7500,5250,7500,5325,7575,5250,7875,5250
41.91,2066,0,0,0,0,0,141.52,32.797,0,0,0,0,0,0,0,0,0,0,0
57.99,2070,36,33,27,18,20,570.2,49.625,0,0,3225,7425,5250,7500,5325,7575,5250,7875,5250
41.91,2075,36,38,27,18,20,0,0,616,0,3150,7575,5250,7500,5325,7575,5250,7875,5250
42,2076,0,0,0,0,0,283.95,51.93,0,0,0,0,0,0,0,0,0,0,0
41.79,2080,36,33,27,18,20,288.34,100.56,0,0,3225,7500,5325,7575,5325,7500,5250,7875,5250
57.75,2085,37,33,27,18,19,0,0,0,0,3225,7425,5250,7500,5325,7575,5250,7875,5250
42.09,2086,0,0,0,0,0,285.19,55.142,0,0,0,0,0,0,0,0,0,0,0
42.12,2090,37,35,27,18,19,430.01,49.343,0,0,3150,7425,5250,7500,5400,7575,5250,7875,5250
41.91,2095,34,36,27,18,19,0,0,0,0,3150,7500,5250,7575,5325,7575,5250,7875,5250
58.02,2096,0,0,0,0,0,141.31,21.586,0,0,0,0,0,0,0,0,0,0,0
41.91,2100,37,34,27,18,20,145.06,94.74,0,0,3150,7500,5250,7575,5400,7575,5250,7950,5250
41.97,2105,36,35,27,18,20,0,0,619,0,3150,7500,5250,7575,5325,7500,5250,7875,5250
41.97,2106,0,0,0,0,0,284.7,51.117,0,0,0,0,0,0,0,0,0,0,0
57.81,2110,33,37,27,18,20,574.05,50.605,0,0,3150,7425,5250,7500,5325,7575,5250,7875,5250
42,2115,35,38,27,18,20,0,0,0,0,3150,7500,5250,7500,5325,7575,5250,7875,5250
42.24,2116,0,0,0,0,0,141.17,48.184,0,0,0,0,0,0,0,0,0,0,0
42.09,2120,38,33,27,18,20,287.77,99.904,0,0,3225,7500,5250,7575,5325,7575,5250,7950,5250
58.08,2125,34,36,27,18,20,0,0,0,0,3150,7500,5250,7500,5325,7575,5250,7875,5250
41.94,2126,0,0,0,0,0,285.92,52.021,0,0,0,0,0,0,0,0,0,0,0
42.03,2130,34,40,27,18,20,285.96,49.212,0,0,3150,7500,5250,7575,5325,7575,5250,7875,5250
42,2135,36,33,27,18,20,0,0,659,0,3150,7500,5175,7500,5325,7575,5250,7875,5175
57.81,2136,0,0,0,0,0,282.9,55.299,0,0,0,0,0,0,0,0,0,0,0
41.97,2140,34,37,27,18,20,288.71,47.858,0,0,3150,7500,5250,7500,5325,7500,5250,7950,5250
42.06,2145,34,38,27,18,20,0,0,0,0,3150,7500,5250,7500,5325,7500,5250,7875,5250
41.91,2146,0,0,0,0,0,142.33,45.036,0,0,0,0,0,0,0,0,0,0,0
58.11,2150,33,36,27,18,20,577.68,14.258,0,0,3150,7500,5250,7500,5325,7500,5250,7950,5250
41.94,2155,34,37,27,18,20,0,0,0,0,3225,7500,5250,7500,5325,7500,5250,7875,5250
42.06,2156,0,0,0,0,0,283.64,55.074,0,0,0,0,0,0,0,0,0,0,0
42,2160,33,39,27,18,20,142.33,103.16,0,0,3225,7500,5250,7575,5325,7575,5250,7950,5250
58.14,2165,33,38,27,18,20,0,0,757,0,3150,7500,5250,7575,5400,7575,5250,7875,5250
41.85,2166,0,0,0,0,0,283.66,49.093,0,0,0,0,0,0,0,0,0,0,0
42.06,2170,35,38,27,18,20,571.05,50.04,0,0,3150,7500,5250,7575,5325,7575,5250,7875,5250
42.06,2175,35,34,27,18,20,0,0,0,0,3150,7500,5250,7500,5325,7500,5250,7875,5250
57.99,2176,0,0,0,0,0,143.25,52.714,0,0,0,0,0,0,0,0,0,0,0
41.91,2180,29,33,27,18,20,142.62,105.61,0,0,3225,7425,5250,7575,5325,7575,5250,7950,5325
42.09,2185,31,36,27,17,20,0,0,0,0,3150,7575,5250,7575,5400,7575,5250,7950,5250
42.39,2186,0,0,0,0,0,284.21,49.685,0,0,0,0,0,0,0,0,0,0,0
57.78,2190,28,32,27,17,20,568.87,0.16137,0,0,3150,7500,5250,7500,5325,7500,5250,7950,5250
41.94,2195,28,31,27,17,20,0,0,759,0,3150,7575,5250,7575,5325,7575,5250,7875,5250
42.24,2196,0,0,0,0,0,143.78,6.8612,0,0,0,0,0,0,0,0,0,0,0
42.09,2200,31,31,27,17,19,284.32,68.669,0,0,3225,7575,5250,7575,5400,7575,5250,7950,5250
58.17,2205,27,30,27,17,19,0,0,0,0,3150,7500,5250,7500,5325,7500,5250,7875,5250
41.97,2206,0,0,0,0,0,284.68,49.176,0,0,0,0,0,0,0,0,0,0,0
41.94,2210,27,30,26,17,19,282.85,53.439,0,0,3150,7575,5250,7575,5325,7575,5250,7875,5250
42.06,2215,28,33,26,17,19,0,0,0,0,3225,7575,5250,7575,5325,7575,5250,7950,5250
58.02,2216,0,0,0,0,0,287.26,1.4361,0,0,0,0,0,0,0,0,0,0,0
41.97,2220,27,29,26,17,19,285.38,17.383,0,0,3225,7500,5175,7575,5325,7575,5250,7875,5175
42.27,2225,26,30,26,17,19,0,0,632.5,0,3150,7500,5250,7575,5325,7575,5250,7875,5250
41.97,2226,0,0,0,0,0,284.78,49.025,0,0,0,0,0,0,0,0,0,0,0
58.2,2230,27,33,26,17,19,427.18,54.043,0,0,3150,7500,5250,7575,5400,7575,5250,7875,5250
42.03,2235,26,29,26,17,19,0,0,0,0,3150,7425,5250,7575,5325,7575,5250,7875,5250
42.03,2236,0,0,0,0,0,282.51,50.037,0,0,0,0,0,0,0,0,0,0,0
42.03,2240,26,29,26,17,19,283.81,3.3433,0,0,3150,7500,5250,7500,5325,7575,5250,7875,5250
58.05,2245,27,32,26,17,19,0,0,0,0,3150,7500,5250,7500,5325,7575,5250,7875,5250
41.94,2246,0,0,0,0,0,287.33,50.029,0,0,0,0,0,0,0,0,0,0,0
42.18,2250,26,29,26,17,19,283.44,3.9275,0,0,3150,7500,5250,7500,5400,7575,5250,7875,5250
42.09,2255,26,29,26,17,19,0,0,671.5,0,3225,7500,5250,7500,5325,7575,5250,7875,5250
58.14,2256,0,0,0,0,0,289.43,0.29372,0,0,0,0,0,0,0,0,0,0,0
42.03,2260,27,31,25,17,19,140.2,58.715,0,0,3150,7500,5250,7500,5325,7575,5325,7875,5250
41.97,2265,26,28,25,17,18,0,0,0,0,3150,7500,5250,7575,5325,7500,5250,7875,5250
41.94,2266,0,0,0,0,0,289.1,50.027,0,0,0,0,0,0,0,0,0,0,0
58.2,2270,25,29,25,16,18,568.42,45.221,0,0,3150,7500,5250,7500,5325,7575,5250,7875,5250
42.03,2275,26,32,25,16,18,0,0,0,0,3150,7575,5250,7575,5325,7575,5250,7875,5250
42.15,2276,0,0,0,0,0,143.31,49.147,0,0,0,0,0,0,0,0,0,0,0
42.03,2280,25,28,25,16,18,282.28,102.67,0,0,3150,7575,5250,7575,5400,7575,5250,7950,5250
57.69,2285,25,29,25,16,18,0,0,639.5,0,3150,7575,5250,7575,5325,7575,5250,7950,5250
41.91,2286,0,0,0,0,0,290.55,49.218,0,0,0,0,0,0,0,0,0,0,0
42.15,2290,29,29,25,16,18,569.49,54.344,0,0,3150,7575,5250,7575,5400,7575,5250,7950,5250
42.15,2295,25,28,25,16,18,0,0,0,0,3150,7575,5175,7575,5325,7575,5250,7950,5175
57.93,2296,0,0,0,0,0,144.05,50.165,0,0,0,0,0,0,0,0,0,0,0
42.12,2300,25,28,25,16,18,283.66,104.7,0,0,3150,7575,5250,7575,5325,7575,5250,7950,5250
42.15,2305,27,31,25,16,18,0,0,0,0,3150,7575,5250,7575,5325,7575,5325,7950,5250
42.12,2306,0,0,0,0,0,288.13,20.061,0,0,0,0,0,0,0,0,0,0,0
57.69,2310,25,28,25,16,18,569.35,51.367,0,0,3150,7500,5250,7500,5400,7500,5250,7875,5250
41.91,2315,25,28,24,16,18,0,0,640,0,3150,7500,5250,7500,5400,7500,5250,7950,5250
42.09,2316,0,0,0,0,0,141.87,50.427,0,0,0,0,0,0,0,0,0,0,0
42.03,2320,26,31,24,16,18,142.07,104.51,0,0,3150,7500,5250,7500,5325,7500,5250,7950,5250
57.39,2325,25,28,24,16,18,0,0,0,0,3150,7575,5250,7575,5325,7575,5250,7875,5250
41.94,2326,0,0,0,0,0,283.91,51.035,0,0,0,0,0,0,0,0,0,0,0
41.88,2330,25,28,24,16,18,571.16,50.713,0,0,3150,7575,5175,7575,5400,7500,5250,7950,5175
42.36,2335,28,29,24,16,18,0,0,0,0,3150,7500,5250,7500,5325,7500,5325,7950,5250
59.1,2336,0,0,0,0,0,285.04,50.627,0,0,0,0,0,0,0,0,0,0,0
41.94,2340,25,28,24,16,18,141.76,99.257,0,0,3150,7575,5250,7575,5400,7575,5250,7875,5250
42,2345,25,28,24,16,18,0,0,642,0,3150,7500,5250,7500,5325,7500,5250,7950,5250
42.15,2346,0,0,0,0,0,286.38,51.542,0,0,0,0,0,0,0,0,0,0,0
59.22,2350,26,31,24,16,18,283.4,49.883,0,0,3150,7500,5250,7500,5400,7500,5250,7875,5250
42,2355,25,28,24,16,18,0,0,0,0,3150,7500,5250,7500,5325,7500,5250,7875,5250
41.82,2356,0,0,0,0,0,284.21,7.9712,0,0,0,0,0,0,0,0,0,0,0
42.03,2360,25,28,24,16,18,142.4,85.917,0,0,3150,7575,5250,7500,5325,7500,5250,7950,5250
60.36,2365,27,31,24,16,18,0,0,0,0,3150,7500,5250,7500,5325,7500,5250,7950,5250
41.91,2366,0,0,0,0,0,143.73,33.809,0,0,0,0,0,0,0,0,0,0,0
42,2370,25,28,24,16,18,429.73,49.458,0,0,3150,7575,5250,7575,5325,7575,5250,7950,5250
NaN,2375,25,28,24,16,18,0,0,1145,0,3150,7500,5250,7500,5400,7500,5250,7875,5250
0,2376,0,0,0,0,0,280.8,16.597,0,0,0,0,0,0,0,0,0,0,0
0,2380,29,30,24,16,18,288.1,54.556,0,0,3150,7500,5250,7500,5400,7500,5325,7875,5250
0,2385,25,28,24,16,18,0,0,0,0,3150,7575,5250,7575,5325,7575,5250,7950,5250
0,2386,0,0,0,0,0,143.28,54.473,0,0,0,0,0,0,0,0,0,0,0
0,2390,25,28,24,16,18,427.44,50.908,0,0,3225,7500,5250,7500,5325,7500,5325,7875,5250
0,2395,29,30,24,16,18,0,0,0,0,3150,7575,5250,7575,5325,7575,5250,7875,5250
0,2396,0,0,0,0,0,282.03,49.422,0,0,0,0,0,0,0,0,0,0,0
0,2400,25,28,24,16,18,143.3,82.706,0,0,3150,7575,5250,7575,5325,7575,5250,7875,5250
0,2405,25,28,24,16,18,0,0,648.5,0,3150,7575,5250,7575,5325,7575,5250,7875,5175
0,2406,0,0,0,0,0,142.01,23.432,0,0,0,0,0,0,0,0,0,0,0
0,2410,28,31,23,16,18,573.63,50.534,0,0,3150,7575,5175,7575,5400,7575,5250,7950,5250
0,2415,25,28,23,16,18,0,0,0,0,3150,7500,5250,7500,5325,7575,5250,7875,5250
0,2416,0,0,0,0,0,286.15,32.612,0,0,0,0,0,0,0,0,0,0,0
0,2420,25,28,23,16,18,288.72,101.04,0,0,3150,7575,5250,7575,5400,7575,5250,7950,5250
0,2425,26,31,23,16,18,0,0,0,0,3150,7575,5250,7575,5325,7575,5325,7875,5250
0,2426,0,0,0,0,0,285.16,51.342,0,0,0,0,0,0,0,0,0,0,0
0,2430,25,28,23,16,18,570.82,49.519,0,0,3225,7500,5175,7500,5325,7500,5325,7875,5250
0,2435,25,28,23,16,18,0,0,650,0,3150,7500,5250,7500,5400,7500,5325,7875,5175
0,2436,0,0,0,0,0,282.37,21.201,0,0,0,0,0,0,0,0,0,0,0
0,2440,28,29,23,16,18,288.8,100.71,0,0,3225,7575,5250,7575,5400,7575,5325,7950,5250
0,2445,25,28,23,16,18,0,0,0,0,3150,7575,5250,7500,5325,7500,5250,7875,5250
0,2446,0,0,0,0,0,283.88,47.4,0,0,0,0,0,0,0,0,0,0,0
0,2450,25,28,23,16,18,427.88,50.376,0,0,3150,7575,5250,7575,5400,7575,5325,7950,5250
0,2455,28,29,23,16,18,0,0,0,0,3150,7500,5250,7500,5400,7500,5250,7950,5250
0,2456,0,0,0,0,0,285.01,24.556,0,0,0,0,0,0,0,0,0,0,0
0,2460,25,28,23,16,18,288.68,84.752,0,0,3150,7575,5250,7575,5325,7575,5250,7950,5250
0,2465,26,28,23,16,18,0,0,650.5,0,3150,7575,5250,7575,5400,7575,5250,7950,5250
0,2466,0,0,0,0,0,285.05,51.001,0,0,0,0,0,0,0,0,0,0,0
0,2470,26,31,23,16,18,286.54,49.63,0,0,3150,7575,5250,7575,5400,7575,5250,7950,5250
0,2475,25,28,23,16,18,0,0,0,0,3150,7575,5250,7575,5325,7500,5325,7950,5250
0,2476,0,0,0,0,0,143.26,41.609,0,0,0,0,0,0,0,0,0,0,0
0,2480,26,29,23,17,18,288.29,93.61,0,0,3150,7575,5250,7575,5325,7575,5250,7875,5250
0,2485,28,29,23,17,18,0,0,0,0,3150,7575,5250,7575,5400,7575,5250,7950,5250
0,2486,0,0,0,0,0,142.64,48.681,0,0,0,0,0,0,0,0,0,0,0
0,2490,25,28,23,17,18,570.29,49.689,0,0,3150,7575,5250,7575,5400,7575,5250,7875,5250
0,2495,26,28,23,17,18,0,0,653,0,3225,7575,5250,7575,5325,7575,5250,7950,5250
0,2496,0,0,0,0,0,285.52,26.163,0,0,0,0,0,0,0,0,0,0,0
0,2500,28,28,23,17,18,285.25,83.968,0,0,3150,7575,5325,7575,5400,7575,5325,7950,5250
0,2505,25,28,23,17,18,0,0,0,0,3150,7575,5250,7575,5400,7575,5250,7950,5250
0,2506,0,0,0,0,0,141.68,48.978,0,0,0,0,0,0,0,0,0,0,0
0,2510,26,29,23,17,19,430.56,50.357,0,0,3150,7575,5250,7575,5400,7575,5250,7950,5250
0,2515,26,31,23,17,19,0,0,0,0,3150,7575,5250,7575,5325,7575,5250,7875,5250
0,2516,0,0,0,0,0,143.42,53.292,0,0,0,0,0,0,0,0,0,0,0
0,2520,25,28,23,17,19,283.51,74.916,0,0,3225,7575,5250,7575,5325,7575,5325,7875,5250
0,2525,26,29,23,17,19,0,0,654.5,0,3225,7500,5250,7500,5325,7500,5250,7950,5250
0,2526,0,0,0,0,0,282.96,49.792,0,0,0,0,0,0,0,0,0,0,0
0,2530,28,28,23,17,19,286.02,49.788,0,0,3150,7575,5250,7575,5325,7575,5325,7950,5250
0,2535,26,28,23,17,19,0,0,0,0,3150,7575,5250,7575,5325,7575,5325,7950,5250
0,2536,0,0,0,0,0,142.82,51.863,0,0,0,0,0,0,0,0,0,0,0
0,2540,27,29,23,17,19,285.53,55.843,0,0,3150,7575,5250,7575,5400,7575,5250,7950,5325
0,2545,28,29,23,17,19,0,0,0,0,3150,7575,5250,7575,5325,7575,5250,7950,5250
0,2546,0,0,0,0,0,283.77,49.481,0,0,0,0,0,0,0,0,0,0,0
0,2550,26,28,23,17,19,285.03,52.656,0,0,3150,7575,5250,7575,5325,7575,5250,7950,5250
0,2555,27,29,23,17,19,0,0,655.5,0,3150,7500,5250,7500,5400,7500,5250,7875,5250
0,2556,0,0,0,0,0,289.98,49.139,0,0,0,0,0,0,0,0,0,0,0
0,2560,26,31,23,17,19,142.24,101.05,0,0,3150,7575,5250,7575,5400,7500,5250,7875,5250
0,2565,26,28,23,17,19,0,0,0,0,3225,7575,5250,7575,5400,7575,5250,7950,5250
0,2566,0,0,0,0,0,285.78,49.877,0,0,0,0,0,0,0,0,0,0,0
0,2570,26,30,23,17,19,423.73,23.907,0,0,3150,7500,5250,7575,5325,7575,5325,7950,5250
0,2575,26,31,23,17,19,0,0,0,0,3150,7575,5250,7575,5400,7575,5325,7950,5250
0,2576,0,0,0,0,0,145.18,49.719,0,0,0,0,0,0,0,0,0,0,0
0,2580,26,28,23,17,19,283.64,51.828,0,0,3150,7575,5250,7575,5325,7575,5325,7950,5250
0,2585,27,29,23,17,19,0,0,698.5,0,3150,7575,5250,7500,5400,7500,5250,7950,5250
0,2586,0,0,0,0,0,284.86,49.855,0,0,0,0,0,0,0,0,0,0,0
0,2590,26,31,23,17,19,567.05,55.744,0,0,3150,7575,5250,7500,5400,7575,5250,7950,5250
0,2595,26,28,23,17,19,0,0,0,0,3150,7575,5250,7575,5400,7575,5250,7950,5250
0,2596,0,0,0,0,0,287.47,50.328,0,0,0,0,0,0,0,0,0,0,0
0,2600,27,29,23,17,19,284.2,54.649,0,0,3225,7575,5250,7575,5325,7575,5325,7950,5250
0,2605,26,30,23,17,19,0,0,0,0,3150,7575,5250,7575,5325,7575,5325,7950,5250
0,2606,0,0,0,0,0,145.73,49.382,0,0,0,0,0,0,0,0,0,0,0
0,2610,26,29,23,17,19,425.39,54.351,0,0,3150,7575,5250,7575,5325,7575,5250,7875,5250
0,2615,27,30,23,17,19,0,0,662.5,0,3225,7575,5250,7575,5400,7575,5325,7950,5250
0,2616,0,0,0,0,0,288.35,0.31518,0,0,0,0,0,0,0,0,0,0,0
0,2620,26,31,23,17,19,285.14,54.044,0,0,3150,7575,5250,7575,5325,7575,5250,7950,5250
0,2625,26,29,23,17,19,0,0,0,0,3225,7575,5250,7575,5400,7575,5250,7950,5250
0,2626,0,0,0,0,0,292.24,49.559,0,0,0,0,0,0,0,0,0,0,0
0,2630,0,0,0,0,0,428.96,52.144,0,0,0,0,0,0,0,0,0,0,0
0,2635,0,0,0,0,0,0,0,0,0,0,0,0,0,0,0,0,0,0
0,2636,0,0,0,0,0,284.56,49.64,0,0,0,0,0,0,0,0,0,0,0
0,2640,0,0,0,0,0,283.49,104.57,0,0,0,0,0,0,0,0,0,0,0
0,2645,0,0,0,0,0,0,0,664,0,0,0,0,0,0,0,0,0,0
0,2646,0,0,0,0,0,288.22,49.682,0,0,0,0,0,0,0,0,0,0,0
0,2650,0,0,0,0,0,569.37,51.296,0,0,0,0,0,0,0,0,0,0,0
0,2655,0,0,0,0,0,0,0,0,0,0,0,0,0,0,0,0,0,0
0,2656,0,0,0,0,0,284.21,50.445,0,0,0,0,0,0,0,0,0,0,0
0,2660,0,0,0,0,0,141.77,87.608,0,0,0,0,0,0,0,0,0,0,0
0,2665,0,0,0,0,0,0,0,0,0,0,0,0,0,0,0,0,0,0
0,2666,0,0,0,0,0,143.62,47.939,0,0,0,0,0,0,0,0,0,0,0
0,2670,0,0,0,0,0,428.51,49.757,0,0,0,0,0,0,0,0,0,0,0
0,2675,0,0,0,0,0,0,0,668.5,0,0,0,0,0,0,0,0,0,0
0,2676,0,0,0,0,0,283.8,49.37,0,0,0,0,0,0,0,0,0,0,0
0,2680,0,0,0,0,0,141.78,104.17,0,0,0,0,0,0,0,0,0,0,0
0,2685,0,0,0,0,0,0,0,0,0,0,0,0,0,0,0,0,0,0
0,2686,0,0,0,0,0,286.77,52.588,0,0,0,0,0,0,0,0,0,0,0
0,2690,0,0,0,0,0,431.65,2.4079,0,0,0,0,0,0,0,0,0,0,0
0,2695,0,0,0,0,0,0,0,0,0,0,0,0,0,0,0,0,0,0
0,2696,0,0,0,0,0,283.33,0.9406,0,0,0,0,0,0,0,0,0,0,0
0,2700,0,0,0,0,0,287.13,65.05,0,0,0,0,0,0,0,0,0,0,0
0,2705,0,0,0,0,0,0,0,666,0,0,0,0,0,0,0,0,0,0
0,2706,0,0,0,0,0,141.21,53.964,0,0,0,0,0,0,0,0,0,0,0
0,2710,0,0,0,0,0,573.84,50.156,0,0,0,0,0,0,0,0,0,0,0
0,2715,0,0,0,0,0,0,0,0,0,0,0,0,0,0,0,0,0,0
0,2716,0,0,0,0,0,280.88,50.666,0,0,0,0,0,0,0,0,0,0,0
0,2720,0,0,0,0,0,285.21,99.33,0,0,0,0,0,0,0,0,0,0,0
0,2725,0,0,0,0,0,0,0,0,0,0,0,0,0,0,0,0,0,0
0,2726,0,0,0,0,0,285.6,4.464,0,0,0,0,0,0,0,0,0,0,0
0,2730,0,0,0,0,0,428.16,48.995,0,0,0,0,0,0,0,0,0,0,0
0,2735,0,0,0,0,0,0,0,836,0,0,0,0,0,0,0,0,0,0
0,2736,0,0,0,0,0,283.11,52.224,0,0,0,0,0,0,0,0,0,0,0
0,2740,0,0,0,0,0,290.57,100.14,0,0,0,0,0,0,0,0,0,0,0
0,2745,0,0,0,0,0,0,0,0,0,0,0,0,0,0,0,0,0,0
0,2746,0,0,0,0,0,287.1,44.228,0,0,0,0,0,0,0,0,0,0,0
0,2750,0,0,0,0,0,567.11,50.689,0,0,0,0,0,0,0,0,0,0,0
0,2755,0,0,0,0,0,0,0,0,0,0,0,0,0,0,0,0,0,0
0,2756,0,0,0,0,0,284.85,52.445,0,0,0,0,0,0,0,0,0,0,0
0,2760,0,0,0,0,0,291.69,49.645,0,0,0,0,0,0,0,0,0,0,0
0,2765,0,0,0,0,0,0,0,661.5,0,0,0,0,0,0,0,0,0,0
0,2766,0,0,0,0,0,141.11,44.088,0,0,0,0,0,0,0,0,0,0,0
0,2770,0,0,0,0,0,426.06,49.85,0,0,0,0,0,0,0,0,0,0,0
0,2775,0,0,0,0,0,0,0,0,0,0,0,0,0,0,0,0,0,0
0,2776,0,0,0,0,0,141.81,54.77,0,0,0,0,0,0,0,0,0,0,0
0,2780,0,0,0,0,0,291.21,101.3,0,0,0,0,0,0,0,0,0,0,0
0,2785,0,0,0,0,0,0,0,0,0,0,0,0,0,0,0,0,0,0
0,2786,0,0,0,0,0,282.8,52.576,0,0,0,0,0,0,0,0,0,0,0
0,2790,0,0,0,0,0,570.32,33.271,0,0,0,0,0,0,0,0,0,0,0
0,2795,0,0,0,0,0,0,0,663,0,0,0,0,0,0,0,0,0,0
0,2796,0,0,0,0,0,284.08,53.295,0,0,0,0,0,0,0,0,0,0,0
0,2800,0,0,0,0,0,143.36,102.46,0,0,0,0,0,0,0,0,0,0,0
0,2805,0,0,0,0,0,0,0,0,0,0,0,0,0,0,0,0,0,0
0,2806,0,0,0,0,0,285.94,50.608,0,0,0,0,0,0,0,0,0,0,0
0,2810,0,0,0,0,0,575.49,50.463,0,0,0,0,0,0,0,0,0,0,0
0,2815,0,0,0,0,0,0,0,0,0,0,0,0,0,0,0,0,0,0
0,2816,0,0,0,0,0,283.11,55.121,0,0,0,0,0,0,0,0,0,0,0
0,2820,0,0,0,0,0,286.6,102.61,0,0,0,0,0,0,0,0,0,0,0
0,2825,0,0,0,0,0,0,0,660,0,0,0,0,0,0,0,0,0,0
0,2826,0,0,0,0,0,282.82,49.475,0,0,0,0,0,0,0,0,0,0,0
0,2830,0,0,0,0,0,429.23,50.294,0,0,0,0,0,0,0,0,0,0,0
0,2835,0,0,0,0,0,0,0,0,0,0,0,0,0,0,0,0,0,0
0,2836,0,0,0,0,0,144.98,50.289,0,0,0,0,0,0,0,0,0,0,0
0,2840,0,0,0,0,0,142.47,83.892,0,0,0,0,0,0,0,0,0,0,0
0,2845,0,0,0,0,0,0,0,0,0,0,0,0,0,0,0,0,0,0
0,2846,0,0,0,0,0,281.88,50.281,0,0,0,0,0,0,0,0,0,0,0
0,2850,0,0,0,0,0,285.79,49.805,0,0,0,0,0,0,0,0,0,0,0
0,2855,0,0,0,0,0,0,0,654.5,0,0,0,0,0,0,0,0,0,0
0,2856,0,0,0,0,0,145.12,51.466,0,0,0,0,0,0,0,0,0,0,0
0,2860,0,0,0,0,0,142.34,103.98,0,0,0,0,0,0,0,0,0,0,0
0,2865,0,0,0,0,0,0,0,0,0,0,0,0,0,0,0,0,0,0
0,2866,0,0,0,0,0,284.72,49.527,0,0,0,0,0,0,0,0,0,0,0
0,2870,0,0,0,0,0,568.42,35.499,0,0,0,0,0,0,0,0,0,0,0
0,2875,0,0,0,0,0,0,0,0,0,0,0,0,0,0,0,0,0,0
0,2876,0,0,0,0,0,287.21,0.97979,0,0,0,0,0,0,0,0,0,0,0
0,2880,0,0,0,0,0,283.03,50.334,0,0,0,0,0,0,0,0,0,0,0
0,2885,0,0,0,0,0,0,0,656,0,0,0,0,0,0,0,0,0,0
0,2886,0,0,0,0,0,286.3,49.5,0,0,0,0,0,0,0,0,0,0,0
0,2890,0,0,0,0,0,427.93,22.474,0,0,0,0,0,0,0,0,0,0,0
0,2895,0,0,0,0,0,0,0,0,0,0,0,0,0,0,0,0,0,0
0,2896,0,0,0,0,0,287.11,50.724,0,0,0,0,0,0,0,0,0,0,0
0,2900,0,0,0,0,0,283.79,101.93,0,0,0,0,0,0,0,0,0,0,0
0,2905,0,0,0,0,0,0,0,0,0,0,0,0,0,0,0,0,0,0
0,2906,0,0,0,0,0,286.75,5.8369,0,0,0,0,0,0,0,0,0,0,0
0,2910,0,0,0,0,0,423.39,54.938,0,0,0,0,0,0,0,0,0,0,0
0,2915,0,0,0,0,0,0,0,785.5,0,0,0,0,0,0,0,0,0,0
0,2916,0,0,0,0,0,143.79,50.147,0,0,0,0,0,0,0,0,0,0,0
0,2920,0,0,0,0,0,284.65,102.21,0,0,0,0,0,0,0,0,0,0,0
0,2925,0,0,0,0,0,0,0,0,0,0,0,0,0,0,0,0,0,0
0,2926,0,0,0,0,0,288.85,49.01,0,0,0,0,0,0,0,0,0,0,0
0,2930,0,0,0,0,0,427.54,55.63,0,0,0,0,0,0,0,0,0,0,0
0,2935,0,0,0,0,0,0,0,0,0,0,0,0,0,0,0,0,0,0
0,2936,0,0,0,0,0,286.44,49.534,0,0,0,0,0,0,0,0,0,0,0
0,2940,0,0,0,0,0,284.91,79.169,0,0,0,0,0,0,0,0,0,0,0
0,2945,0,0,0,0,0,0,0,659,0,0,0,0,0,0,0,0,0,0
0,2946,0,0,0,0,0,145.96,5.8529,0,0,0,0,0,0,0,0,0,0,0
0,2950,0,0,0,0,0,4.3028,5.4391,0,0,0,0,0,0,0,0,0,0,0
0,2955,0,0,0,0,0,0,0,0,0,0,0,0,0,0,0,0,0,0
0,2956,0,0,0,0,0,5.2401,0.56691,0,0,0,0,0,0,0,0,0,0,0
0,2960,0,0,0,0,0,2.117,4.3735,0,0,0,0,0,0,0,0,0,0,0
0,2965,0,0,0,0,0,0,0,0,0,0,0,0,0,0,0,0,0,0
0,2966,0,0,0,0,0,9.6167,0.065965,0,0,0,0,0,0,0,0,0,0,0
0,2970,0,0,0,0,0,3.9027,4.4327,0,0,0,0,0,0,0,0,0,0,0
0,2975,0,0,0,0,0,0,0,1027.5,0,0,0,0,0,0,0,0,0,0
0,2976,0,0,0,0,0,8.0127,0.22622,0,0,0,0,0,0,0,0,0,0,0
0,2980,0,0,0,0,0,1.0117,2.9692,0,0,0,0,0,0,0,0,0,0,0
0,2985,0,0,0,0,0,0,0,0,0,0,0,0,0,0,0,0,0,0
0,2986,0,0,0,0,0,9.5102,0.33704,0,0,0,0,0,0,0,0,0,0,0
0,2990,0,0,0,0,0,5.3504,4.1969,0,0,0,0,0,0,0,0,0,0,0
0,2995,0,0,0,0,0,0,0,0,0,0,0,0,0,0,0,0,0,0
0,2996,0,0,0,0,0,4.0451,0.38613,0,0,0,0,0,0,0,0,0,0,0
0,3000,0,0,0,0,0,0.86698,2.411,0,0,0,0,0,0,0,0,0,0,0
0,3005,0,0,0,0,0,0,0,668,0,0,0,0,0,0,0,0,0,0
0,3006,0,0,0,0,0,9.0092,0.1122,0,0,0,0,0,0,0,0,0,0,0
0,3010,0,0,0,0,0,6.2951,1.428,0,0,0,0,0,0,0,0,0,0,0
0,3015,0,0,0,0,0,0,0,0,0,0,0,0,0,0,0,0,0,0
0,3016,0,0,0,0,0,9.2774,0.35829,0,0,0,0,0,0,0,0,0,0,0
0,3020,0,0,0,0,0,1.048,2.9529,0,0,0,0,0,0,0,0,0,0,0
0,3025,0,0,0,0,0,0,0,0,0,0,0,0,0,0,0,0,0,0
0,3026,0,0,0,0,0,9.4321,0.23581,0,0,0,0,0,0,0,0,0,0,0
0,3030,0,0,0,0,0,5.9219,1.6801,0,0,0,0,0,0,0,0,0,0,0
0,3035,0,0,0,0,0,0,0,670,0,0,0,0,0,0,0,0,0,0
0,3036,0,0,0,0,0,3.1493,0.043185,0,0,0,0,0,0,0,0,0,0,0
0,3040,0,0,0,0,0,1.0438,3.5522,0,0,0,0,0,0,0,0,0,0,0
0,3045,0,0,0,0,0,0,0,0,0,0,0,0,0,0,0,0,0,0
0,3046,0,0,0,0,0,9.6151,0.36329,0,0,0,0,0,0,0,0,0,0,0
0,3050,0,0,0,0,0,7.0699,1.2789,0,0,0,0,0,0,0,0,0,0,0
0,3055,0,0,0,0,0,0,0,0,0,0,0,0,0,0,0,0,0,0
0,3056,0,0,0,0,0,2.6035,0.43906,0,0,0,0,0,0,0,0,0,0,0
0,3060,0,0,0,0,0,0.46221,2.9957,0,0,0,0,0,0,0,0,0,0,0
0,3065,0,0,0,0,0,0,0,671,0,0,0,0,0,0,0,0,0,0
0,3066,0,0,0,0,0,9.0929,0.17094,0,0,0,0,0,0,0,0,0,0,0
0,3070,0,0,0,0,0,6.3822,3.1643,0,0,0,0,0,0,0,0,0,0,0
0,3075,0,0,0,0,0,0,0,0,0,0,0,0,0,0,0,0,0,0
0,3076,0,0,0,0,0,4.9923,0.32467,0,0,0,0,0,0,0,0,0,0,0
0,3080,0,0,0,0,0,2.0436,3.6931,0,0,0,0,0,0,0,0,0,0,0
0,3085,0,0,0,0,0,0,0,0,0,0,0,0,0,0,0,0,0,0
0,3086,0,0,0,0,0,9.7812,0.09201,0,0,0,0,0,0,0,0,0,0,0
0,3090,0,0,0,0,0,5.7182,2.9621,0,0,0,0,0,0,0,0,0,0,0
0,3095,0,0,0,0,0,0,0,673,0,0,0,0,0,0,0,0,0,0
0,3096,0,0,0,0,0,1.4693,0.09904,0,0,0,0,0,0,0,0,0,0,0
0,3100,0,0,0,0,0,0.9858,3.4308,0,0,0,0,0,0,0,0,0,0,0
0,3105,0,0,0,0,0,0,0,0,0,0,0,0,0,0,0,0,0,0
0,3106,0,0,0,0,0,9.9726,0.3266,0,0,0,0,0,0,0,0,0,0,0
0,3110,0,0,0,0,0,6.6638,1.7013,0,0,0,0,0,0,0,0,0,0,0
0,3115,0,0,0,0,0,0,0,0,0,0,0,0,0,0,0,0,0,0
0,3116,0,0,0,0,0,1.1996,0.33918,0,0,0,0,0,0,0,0,0,0,0
0,3120,0,0,0,0,0,0.94194,4.0934,0,0,0,0,0,0,0,0,0,0,0
0,3125,0,0,0,0,0,0,0,674,0,0,0,0,0,0,0,0,0,0
0,3126,0,0,0,0,0,9.4354,0.102,0,0,0,0,0,0,0,0,0,0,0
0,3130,0,0,0,0,0,6.4222,1.6544,0,0,0,0,0,0,0,0,0,0,0
0,3135,0,0,0,0,0,0,0,0,0,0,0,0,0,0,0,0,0,0
0,3136,0,0,0,0,0,1.7999,0.33159,0,0,0,0,0,0,0,0,0,0,0
0,3140,0,0,0,0,0,1.0384,3.408,0,0,0,0,0,0,0,0,0,0,0
0,3145,0,0,0,0,0,0,0,0,0,0,0,0,0,0,0,0,0,0
0,3146,0,0,0,0,0,9.675,0.13296,0,0,0,0,0,0,0,0,0,0,0
0,3150,0,0,0,0,0,5.7896,2.9676,0,0,0,0,0,0,0,0,0,0,0
0,3155,0,0,0,0,0,0,0,676,0,0,0,0,0,0,0,0,0,0
0,3156,0,0,0,0,0,1.1949,0.11316,0,0,0,0,0,0,0,0,0,0,0
0,3160,0,0,0,0,0,2.0167,3.3823,0,0,0,0,0,0,0,0,0,0,0
0,3165,0,0,0,0,0,0,0,0,0,0,0,0,0,0,0,0,0,0
0,3166,0,0,0,0,0,9.9749,0.34567,0,0,0,0,0,0,0,0,0,0,0
0,3170,0,0,0,0,0,6.6877,1.683,0,0,0,0,0,0,0,0,0,0,0
0,3175,0,0,0,0,0,0,0,0,0,0,0,0,0,0,0,0,0,0
0,3176,0,0,0,0,0,1.1321,0.28204,0,0,0,0,0,0,0,0,0,0,0
0,3180,0,0,0,0,0,0.37181,3.5113,0,0,0,0,0,0,0,0,0,0,0
0,3185,0,0,0,0,0,0,0,681,0,0,0,0,0,0,0,0,0,0
0,3186,0,0,0,0,0,9.4317,0.18242,0,0,0,0,0,0,0,0,0,0,0
0,3190,0,0,0,0,0,6.6402,3.2674,0,0,0,0,0,0,0,0,0,0,0
0,3195,0,0,0,0,0,0,0,0,0,0,0,0,0,0,0,0,0,0
0,3196,0,0,0,0,0,1.6484,0.27608,0,0,0,0,0,0,0,0,0,0,0
0,3200,0,0,0,0,0,2.0613,4.4669,0,0,0,0,0,0,0,0,0,0,0
0,3205,0,0,0,0,0,0,0,0,0,0,0,0,0,0,0,0,0,0
0,3206,0,0,0,0,0,9.5875,0.12513,0,0,0,0,0,0,0,0,0,0,0
0,3210,0,0,0,0,0,5.7665,1.46,0,0,0,0,0,0,0,0,0,0,0
0,3215,0,0,0,0,0,0,0,682,0,0,0,0,0,0,0,0,0,0
0,3216,0,0,0,0,0,2.2075,0.08866,0,0,0,0,0,0,0,0,0,0,0
0,3220,0,0,0,0,0,0.96825,3.5725,0,0,0,0,0,0,0,0,0,0,0
0,3225,0,0,0,0,0,0,0,0,0,0,0,0,0,0,0,0,0,0
0,3226,0,0,0,0,0,19.98,0.34905,0,0,0,0,0,0,0,0,0,0,0
0,3230,0,0,0,0,0,7.5053,1.4872,0,0,0,0,0,0,0,0,0,0,0
0,3235,0,0,0,0,0,0,0,0,0,0,0,0,0,0,0,0,0,0
0,3236,0,0,0,0,0,1.055,0.33464,0,0,0,0,0,0,0,0,0,0,0
0,3240,0,0,0,0,0,0.90907,3.8754,0,0,0,0,0,0,0,0,0,0,0
0,3245,0,0,0,0,0,0,0,684,0,0,0,0,0,0,0,0,0,0
0,3246,0,0,0,0,0,18.706,0.19967,0,0,0,0,0,0,0,0,0,0,0
0,3250,0,0,0,0,0,7.3415,1.6659,0,0,0,0,0,0,0,0,0,0,0
0,3255,0,0,0,0,0,0,0,0,0,0,0,0,0,0,0,0,0,0
0,3256,0,0,0,0,0,3.254,0.28079,0,0,0,0,0,0,0,0,0,0,0
0,3260,0,0,0,0,0,1.025,3.8405,0,0,0,0,0,0,0,0,0,0,0
0,3265,0,0,0,0,0,0,0,0,0,0,0,0,0,0,0,0,0,0
0,3266,0,0,0,0,0,9.6287,0.10715,0,0,0,0,0,0,0,0,0,0,0
0,3270,0,0,0,0,0,5.8754,1.524,0,0,0,0,0,0,0,0,0,0,0
0,3275,0,0,0,0,0,0,0,813.5,0,0,0,0,0,0,0,0,0,0
0,3276,0,0,0,0,0,1.0415,0.058,0,0,0,0,0,0,0,0,0,0,0
0,3280,0,0,0,0,0,0.97698,3.9351,0,0,0,0,0,0,0,0,0,0,0
0,3285,0,0,0,0,0,0,0,0,0,0,0,0,0,0,0,0,0,0
0,3286,0,0,0,0,0,9.914,0.38852,0,0,0,0,0,0,0,0,0,0,0
0,3290,0,0,0,0,0,7.4811,1.7268,0,0,0,0,0,0,0,0,0,0,0
0,3295,0,0,0,0,0,0,0,0,0,0,0,0,0,0,0,0,0,0
0,3296,0,0,0,0,0,1.0735,0.28909,0,0,0,0,0,0,0,0,0,0,0
0,3300,0,0,0,0,0,0.41886,3.8083,0,0,0,0,0,0,0,0,0,0,0
0,3305,0,0,0,0,0,0,0,687,0,0,0,0,0,0,0,0,0,0
0,3306,0,0,0,0,0,18.759,0.07606,0,0,0,0,0,0,0,0,0,0,0
0,3310,0,0,0,0,0,7.4558,1.5558,0,0,0,0,0,0,0,0,0,0,0
0,3315,0,0,0,0,0,0,0,0,0,0,0,0,0,0,0,0,0,0
0,3316,0,0,0,0,0,1.5714,0.23649,0,0,0,0,0,0,0,0,0,0,0
0,3320,0,0,0,0,0,1.0553,4.1959,0,0,0,0,0,0,0,0,0,0,0
0,3325,0,0,0,0,0,0,0,0,0,0,0,0,0,0,0,0,0,0
0,3326,0,0,0,0,0,9.4759,0.1432,0,0,0,0,0,0,0,0,0,0,0
0,3330,0,0,0,0,0,6.0837,1.4829,0,0,0,0,0,0,0,0,0,0,0
0,3335,0,0,0,0,0,0,0,689,0,0,0,0,0,0,0,0,0,0
0,3336,0,0,0,0,0,1.0637,0.17848,0,0,0,0,0,0,0,0,0,0,0
0,3340,0,0,0,0,0,0.97325,3.6438,0,0,0,0,0,0,0,0,0,0,0
0,3345,0,0,0,0,0,0,0,0,0,0,0,0,0,0,0,0,0,0
0,3346,0,0,0,0,0,19.623,0.51955,0,0,0,0,0,0,0,0,0,0,0
0,3350,0,0,0,0,0,7.5387,1.8138,0,0,0,0,0,0,0,0,0,0,0
0,3355,0,0,0,0,0,0,0,0,0,0,0,0,0,0,0,0,0,0
0,3356,0,0,0,0,0,1.0042,0.32293,0,0,0,0,0,0,0,0,0,0,0
0,3360,0,0,0,0,0,0.41679,3.3788,0,0,0,0,0,0,0,0,0,0,0
0,3365,0,0,0,0,0,0,0,690,0,0,0,0,0,0,0,0,0,0
0,3366,0,0,0,0,0,16.945,0.46647,0,0,0,0,0,0,0,0,0,0,0
0,3370,0,0,0,0,0,6.8067,1.654,0,0,0,0,0,0,0,0,0,0,0
0,3375,0,0,0,0,0,0,0,0,0,0,0,0,0,0,0,0,0,0
0,3376,0,0,0,0,0,1.5596,0.30229,0,0,0,0,0,0,0,0,0,0,0
0,3380,0,0,0,0,0,0.9852,3.9372,0,0,0,0,0,0,0,0,0,0,0
0,3385,0,0,0,0,0,0,0,0,0,0,0,0,0,0,0,0,0,0
0,3386,0,0,0,0,0,15.962,0.79004,0,0,0,0,0,0,0,0,0,0,0
0,3390,0,0,0,0,0,5.9517,3.0549,0,0,0,0,0,0,0,0,0,0,0
0,3395,0,0,0,0,0,0,0,692,0,0,0,0,0,0,0,0,0,0
0,3396,0,0,0,0,0,1.0035,0.20912,0,0,0,0,0,0,0,0,0,0,0
0,3400,0,0,0,0,0,1.9669,4.229,0,0,0,0,0,0,0,0,0,0,0
0,3405,0,0,0,0,0,0,0,0,0,0,0,0,0,0,0,0,0,0
0,3406,0,0,0,0,0,7.8062,1.0944,0,0,0,0,0,0,0,0,0,0,0
0,3410,0,0,0,0,0,7.5811,1.4424,0,0,0,0,0,0,0,0,0,0,0
0,3415,0,0,0,0,0,0,0,0,0,0,0,0,0,0,0,0,0,0
0,3416,0,0,0,0,0,0.94392,0.24571,0,0,0,0,0,0,0,0,0,0,0
0,3420,0,0,0,0,0,0.40252,3.0876,0,0,0,0,0,0,0,0,0,0,0
0,3425,0,0,0,0,0,0,0,693.5,0,0,0,0,0,0,0,0,0,0
0,3426,0,0,0,0,0,6.8039,1.4878,0,0,0,0,0,0,0,0,0,0,0
0,3430,0,0,0,0,0,7.7116,1.8813,0,0,0,0,0,0,0,0,0,0,0
0,3435,0,0,0,0,0,0,0,0,0,0,0,0,0,0,0,0,0,0
0,3436,0,0,0,0,0,1.5023,0.30762,0,0,0,0,0,0,0,0,0,0,0
0,3440,0,0,0,0,0,2.0178,4.5458,0,0,0,0,0,0,0,0,0,0,0
0,3445,0,0,0,0,0,0,0,0,0,0,0,0,0,0,0,0,0,0
0,3446,0,0,0,0,0,13.347,1.4333,0,0,0,0,0,0,0,0,0,0,0
0,3450,0,0,0,0,0,6.0492,2.9347,0,0,0,0,0,0,0,0,0,0,0
0,3455,0,0,0,0,0,0,0,730.5,0,0,0,0,0,0,0,0,0,0
0,3456,0,0,0,0,0,1.9487,0.19185,0,0,0,0,0,0,0,0,0,0,0
0,3460,0,0,0,0,0,0.97453,3.5288,0,0,0,0,0,0,0,0,0,0,0
0,3465,0,0,0,0,0,0,0,0,0,0,0,0,0,0,0,0,0,0
0,3466,0,0,0,0,0,6.4902,1.8825,0,0,0,0,0,0,0,0,0,0,0
0,3470,0,0,0,0,0,7.8148,1.3372,0,0,0,0,0,0,0,0,0,0,0
0,3475,0,0,0,0,0,0,0,0,0,0,0,0,0,0,0,0,0,0
0,3476,0,0,0,0,0,1.6838,0.29245,0,0,0,0,0,0,0,0,0,0,0
0,3480,0,0,0,0,0,0.24146,4.0156,0,0,0,0,0,0,0,0,0,0,0
0,3485,0,0,0,0,0,0,0,699.5,0,0,0,0,0,0,0,0,0,0
0,3486,0,0,0,0,0,10.256,2.0013,0,0,0,0,0,0,0,0,0,0,0
0,3490,0,0,0,0,0,7.2158,2.9895,0,0,0,0,0,0,0,0,0,0,0
0,3495,0,0,0,0,0,0,0,0,0,0,0,0,0,0,0,0,0,0
0,3496,0,0,0,0,0,1.3993,0.26658,0,0,0,0,0,0,0,0,0,0,0
0,3500,0,0,0,0,0,0.74476,3.6956,0,0,0,0,0,0,0,0,0,0,0
0,3505,0,0,0,0,0,0,0,0,0,0,0,0,0,0,0,0,0,0
0,3506,0,0,0,0,0,9.0011,1.8366,0,0,0,0,0,0,0,0,0,0,0
0,3510,0,0,0,0,0,6.7252,2.4883,0,0,0,0,0,0,0,0,0,0,0
0,3515,0,0,0,0,0,0,0,701,0,0,0,0,0,0,0,0,0,0
0,3516,0,0,0,0,0,1.834,0.10297,0,0,0,0,0,0,0,0,0,0,0
0,3520,0,0,0,0,0,1.5936,3.6483,0,0,0,0,0,0,0,0,0,0,0
0,3525,0,0,0,0,0,0,0,0,0,0,0,0,0,0,0,0,0,0
0,3526,0,0,0,0,0,4.909,2.8321,0,0,0,0,0,0,0,0,0,0,0
0,3530,0,0,0,0,0,8.118,1.2436,0,0,0,0,0,0,0,0,0,0,0
0,3535,0,0,0,0,0,0,0,0,0,0,0,0,0,0,0,0,0,0
0,3536,0,0,0,0,0,0.77834,0.24091,0,0,0,0,0,0,0,0,0,0,0
0,3540,0,0,0,0,0,0.34653,3.7268,0,0,0,0,0,0,0,0,0,0,0
0,3545,0,0,0,0,0,0,0,738.5,0,0,0,0,0,0,0,0,0,0
0,3546,0,0,0,0,0,4.2922,2.1776,0,0,0,0,0,0,0,0,0,0,0
0,3550,0,0,0,0,0,9.2004,0.87221,0,0,0,0,0,0,0,0,0,0,0
0,3555,0,0,0,0,0,0,0,0,0,0,0,0,0,0,0,0,0,0
0,3556,0,0,0,0,0,2.7286,0.19313,0,0,0,0,0,0,0,0,0,0,0
0,0,0,0,0,0,0,0,0,0,0,0,0,0,0,0,0,0,0,0
0,0,0,0,0,0,0,0,0,0,0,0,0,0,0,0,0,0,0,0
0,0,0,0,0,0,0,0,0,0,0,0,0,0,0,0,0,0,0,0
0,0,0,0,0,0,0,0,0,0,0,0,0,0,0,0,0,0,0,0
0,0,0,0,0,0,0,0,0,0,0,0,0,0,0,0,0,0,0,0
0,0,0,0,0,0,0,0,0,0,0,0,0,0,0,0,0,0,0,0
0,0,0,0,0,0,0,0,0,0,0,0,0,0,0,0,0,0,0,0
0,0,0,0,0,0,0,0,0,0,0,0,0,0,0,0,0,0,0,0
0,0,0,0,0,0,0,0,0,0,0,0,0,0,0,0,0,0,0,0
0,0,0,0,0,0,0,0,0,0,0,0,0,0,0,0,0,0,0,0
0,0,0,0,0,0,0,0,0,0,0,0,0,0,0,0,0,0,0,0
0,0,0,0,0,0,0,0,0,0,0,0,0,0,0,0,0,0,0,0
0,0,0,0,0,0,0,0,0,0,0,0,0,0,0,0,0,0,0,0
0,0,0,0,0,0,0,0,0,0,0,0,0,0,0,0,0,0,0,0
0,0,0,0,0,0,0,0,0,0,0,0,0,0,0,0,0,0,0,0
0,0,0,0,0,0,0,0,0,0,0,0,0,0,0,0,0,0,0,0
0,0,0,0,0,0,0,0,0,0,0,0,0,0,0,0,0,0,0,0
0,0,0,0,0,0,0,0,0,0,0,0,0,0,0,0,0,0,0,0
0,0,0,0,0,0,0,0,0,0,0,0,0,0,0,0,0,0,0,0
0,0,0,0,0,0,0,0,0,0,0,0,0,0,0,0,0,0,0,0
0,0,0,0,0,0,0,0,0,0,0,0,0,0,0,0,0,0,0,0
0,0,0,0,0,0,0,0,0,0,0,0,0,0,0,0,0,0,0,0
